post_id,platform_id,platform,post_date,post_time,content_type,caption,hashtags,reach,impressions,likes,comments,shares,saves,video_views,clicks,posting_hour,day_of_week,day_num,is_weekend,month_year,month_name,total_engagement,engagement_rate_pct,ctr_pct,virality_score,caption_length,hashtag_count,sentiment_category
FA_0001,1,Facebook,2025-11-24,04:03:12,Link,No Caption Provided,#MarketingStrategy #MachineLearning,2437,2829,110,6,5,0,0,85,4,Monday,0,0,2025-11,November,121,4.9651210504718915,3.004595263343938,0.2051702913418137,19,2,Neutral
FA_0002,1,Facebook,2025-10-07,15:16:27,Carousel,We are excited to announce our newest breakthrough in Customer Engagement. Check out the link below! #DesignThinking,#DesignThinking,2924,3534,226,26,7,0,0,43,15,Tuesday,1,0,2025-10,October,259,8.857729138166896,1.21675155631013,0.2393980848153215,116,1,Positive
FA_0003,1,Facebook,2025-08-24,19:31:24,Text,Quick question for our community: How do you handle AI Workflow in your daily workflow? #Productivity #StartupLife #Innovation,#Productivity #StartupLife #Innovation,4111,4653,138,14,4,0,0,88,19,Sunday,6,1,2025-08,August,156,3.794697153977135,1.8912529550827424,0.09729992702505473,126,3,Positive
FA_0004,1,Facebook,2025-07-06,05:55:19,Video,We are excited to announce our newest breakthrough in Customer Engagement. Check out the link below! #Innovation,#Innovation,2882,4102,104,24,11,0,1469,75,5,Sunday,6,1,2025-07,July,139,4.823039555863983,1.828376401755241,0.38167938931297707,112,1,Positive
FA_0005,1,Facebook,2025-06-11,14:36:21,Video,Mastering User Experience in under 10 minutes. Read our full step-by-step guide now! #DataAnalytics #StartupLife #Leadership,#DataAnalytics #StartupLife #Leadership,9499,11398,269,53,24,0,7347,298,14,Wednesday,2,0,2025-06,June,346,3.6424886830192653,2.614493770836989,0.2526581745446889,124,3,Positive
FA_0006,1,Facebook,2025-03-12,18:33:04,Image,Mastering AI Workflow in under 10 minutes. Read our full step-by-step guide now! #StartupLife #MarketingStrategy,#StartupLife #MarketingStrategy,3748,5686,180,18,16,0,0,214,18,Wednesday,2,0,2025-03,March,214,5.7097118463180365,3.7636299683432997,0.42689434364994666,112,2,Positive
FA_0007,1,Facebook,2025-05-17,23:20:12,Link,Behind the scenes at our team workshop on Python Automation. Innovation starts here! #Leadership #TechTrends,#Leadership #TechTrends,2121,3086,55,9,7,0,0,75,23,Saturday,5,1,2025-05,May,71,3.3474776049033474,2.4303305249513936,0.33003300330033003,108,2,Positive
FA_0008,1,Facebook,2025-09-29,00:01:14,Text,Quick question for our community: How do you handle Data Analytics in your daily workflow? #Coding,#Coding,3054,4016,71,16,10,0,0,43,0,Monday,0,0,2025-09,September,97,3.1761624099541583,1.0707171314741035,0.3274394237066143,98,1,Neutral
FA_0009,1,Facebook,2025-03-06,04:40:28,Carousel,Mastering Social Media ROI in under 10 minutes. Read our full step-by-step guide now! #SocialMedia2025 #Productivity #Innovation,#SocialMedia2025 #Productivity #Innovation,6739,10975,413,79,29,0,0,293,4,Thursday,3,0,2025-03,March,521,7.731117376465351,2.6697038724373576,0.43033090963050896,128,3,Positive
FA_0010,1,Facebook,2025-05-07,08:10:51,Image,Discover how User Experience is transforming the industry! What are your thoughts? #Innovation #DataAnalytics,#Innovation #DataAnalytics,3607,4545,268,59,7,0,0,78,8,Wednesday,2,0,2025-05,May,334,9.25977266426393,1.7161716171617163,0.19406709176601053,109,2,Positive
FA_0011,1,Facebook,2025-10-20,20:58:45,Text,Mastering Python Automation in under 10 minutes. Read our full step-by-step guide now! #AI #Coding,#AI #Coding,2631,4485,61,11,6,0,0,34,20,Monday,0,0,2025-10,October,78,2.9646522234891677,0.758082497212932,0.22805017103762829,98,2,Positive
FA_0012,1,Facebook,2025-04-09,06:55:31,Video,Unpopular opinion about Python Automation: Most teams are doing it wrong. Here is why... #DigitalMarketing #Leadership,#DigitalMarketing #Leadership,1510,2515,107,7,11,0,1012,16,6,Wednesday,2,0,2025-04,April,125,8.27814569536424,0.6361829025844931,0.728476821192053,118,2,Negative
FA_0013,1,Facebook,2025-07-28,17:40:53,Text,Mastering Data Analytics in under 10 minutes. Read our full step-by-step guide now! #BusinessTips #TechTrends,#BusinessTips #TechTrends,2900,4113,131,31,19,0,0,109,17,Monday,0,0,2025-07,July,181,6.241379310344827,2.6501337223437877,0.6551724137931034,109,2,Positive
FA_0014,1,Facebook,2025-01-30,21:05:14,Image,Sunday motivation: Start your week with a fresh mindset on Brand Strategy. #TechTrends,#TechTrends,7790,11465,182,27,23,0,0,104,21,Thursday,3,0,2025-01,January,232,2.9781771501925545,0.907108591365024,0.2952503209242619,86,1,Positive
FA_0015,1,Facebook,2025-10-19,08:57:51,Image,Sunday motivation: Start your week with a fresh mindset on User Experience. #BusinessTips,#BusinessTips,2077,2663,125,14,6,0,0,34,8,Sunday,6,1,2025-10,October,145,6.981222917669716,1.2767555388659406,0.2888781896966779,89,1,Positive
FA_0016,1,Facebook,2025-02-07,00:20:20,Carousel,Unpopular opinion about AI Workflow: Most teams are doing it wrong. Here is why... #SocialMedia2025,#SocialMedia2025,1578,2121,38,3,2,0,0,50,0,Friday,4,0,2025-02,February,43,2.7249683143219268,2.3573785950023574,0.12674271229404308,99,1,Negative
FA_0017,1,Facebook,2025-12-01,19:15:29,Carousel,We are excited to announce our newest breakthrough in Customer Engagement. Check out the link below! #Coding,#Coding,10088,16339,295,31,13,0,0,273,19,Monday,0,0,2025-12,December,339,3.3604282315622522,1.6708488891609035,0.12886597938144329,108,1,Positive
FA_0018,1,Facebook,2025-05-09,01:50:58,Text,Quick question for our community: How do you handle Customer Engagement in your daily workflow? #TechTrends,#TechTrends,2424,3110,156,25,11,0,0,25,1,Friday,4,0,2025-05,May,192,7.920792079207921,0.8038585209003215,0.45379537953795385,107,1,Neutral
FA_0019,1,Facebook,2025-10-07,01:18:42,Carousel,Discover how Cloud Scale is transforming the industry! What are your thoughts? #BusinessTips #MarketingStrategy,#BusinessTips #MarketingStrategy,6545,10846,468,107,22,0,0,147,1,Tuesday,1,0,2025-10,October,597,9.121466768525591,1.3553383735939517,0.33613445378151263,111,2,Positive
FA_0020,1,Facebook,2025-07-28,22:35:51,Video,Discover how Social Media ROI is transforming the industry! What are your thoughts? #Coding #BusinessTips,#Coding #BusinessTips,8388,13820,374,68,43,0,4396,150,22,Monday,0,0,2025-07,July,485,5.78206962327134,1.085383502170767,0.5126371006199332,105,2,Positive
FA_0021,1,Facebook,2025-08-29,08:05:54,Text,Unpopular opinion about Brand Strategy: Most teams are doing it wrong. Here is why... #Productivity #DesignThinking #DataAnalytics,#Productivity #DesignThinking #DataAnalytics,985,1309,70,17,3,0,0,41,8,Friday,4,0,2025-08,August,90,9.137055837563452,3.132161955691368,0.3045685279187817,130,3,Negative
FA_0022,1,Facebook,2025-01-15,04:11:58,Link,Mastering Social Media ROI in under 10 minutes. Read our full step-by-step guide now! #TechTrends #AI #Innovation,#TechTrends #AI #Innovation,2181,3065,172,12,23,0,0,42,4,Wednesday,2,0,2025-01,January,207,9.491059147180192,1.370309951060359,1.0545621274644659,113,3,Positive
FA_0023,1,Facebook,2025-10-03,07:10:25,Image,Behind the scenes at our team workshop on Brand Strategy. Innovation starts here! #StartupLife #Productivity #AI,#StartupLife #Productivity #AI,3781,5022,233,37,10,0,0,163,7,Friday,4,0,2025-10,October,280,7.405448294102089,3.2457188371166867,0.26448029621793173,112,3,Positive
FA_0024,1,Facebook,2025-10-19,10:57:26,Image,Sunday motivation: Start your week with a fresh mindset on Customer Engagement. #DataAnalytics #BusinessTips #DesignThinking,#DataAnalytics #BusinessTips #DesignThinking,2106,2967,127,19,15,0,0,122,10,Sunday,6,1,2025-10,October,161,7.644824311490978,4.111897539602292,0.7122507122507122,124,3,Positive
FA_0025,1,Facebook,2025-12-06,23:02:40,Image,We are excited to announce our newest breakthrough in Content Marketing. Check out the link below! #DataAnalytics #DesignThinking #Coding,#DataAnalytics #DesignThinking #Coding,1729,2476,122,7,9,0,0,71,23,Saturday,5,1,2025-12,December,138,7.981492192018508,2.867528271405493,0.5205320994794679,137,3,Positive
FA_0026,1,Facebook,2025-05-05,05:22:22,Image,Case study alert: How we boosted results by 350% using AI Workflow. #DataAnalytics #MarketingStrategy #DesignThinking #MachineLearning,#DataAnalytics #MarketingStrategy #DesignThinking #MachineLearning,3248,5658,88,6,7,0,0,118,5,Monday,0,0,2025-05,May,101,3.1096059113300494,2.0855425945563804,0.21551724137931033,134,4,Positive
FA_0027,1,Facebook,2025-08-15,22:18:21,Carousel,Why Python Automation matters more than ever for modern business growth. #Coding #MarketingStrategy #MachineLearning #Leadership,#Coding #MarketingStrategy #MachineLearning #Leadership,2322,3590,153,23,15,0,0,55,22,Friday,4,0,2025-08,August,191,8.22566752799311,1.532033426183844,0.6459948320413437,128,4,Positive
FA_0028,1,Facebook,2025-06-13,19:39:58,Video,No Caption Provided,#MachineLearning #MarketingStrategy #Coding #DataAnalytics,5569,7942,132,28,9,0,4371,319,19,Friday,4,0,2025-06,June,169,3.0346561321601726,4.016620498614958,0.16160890644639972,19,4,Neutral
FA_0029,1,Facebook,2025-09-02,00:12:52,Link,Sunday motivation: Start your week with a fresh mindset on Python Automation. #SocialMedia2025 #MachineLearning #Productivity #Coding,#SocialMedia2025 #MachineLearning #Productivity #Coding,1456,1879,71,9,7,0,0,72,0,Tuesday,1,0,2025-09,September,87,5.975274725274725,3.8318254390633313,0.4807692307692308,133,4,Positive
FA_0030,1,Facebook,2025-11-15,19:26:48,Text,Mastering User Experience in under 10 minutes. Read our full step-by-step guide now! #AI,#AI,2886,3276,123,11,7,0,0,138,19,Saturday,5,1,2025-11,November,141,4.885654885654886,4.212454212454213,0.24255024255024255,88,1,Positive
FA_0031,1,Facebook,2025-05-10,02:58:55,Carousel,Discover how Data Analytics is transforming the industry! What are your thoughts? #DataAnalytics #StartupLife #AI,#DataAnalytics #StartupLife #AI,6873,8519,145,11,5,0,0,298,2,Saturday,5,1,2025-05,May,161,2.3424996362578203,3.4980631529522244,0.07274843590862796,113,3,Positive
FA_0032,1,Facebook,2025-07-08,06:06:32,Image,Behind the scenes at our team workshop on Social Media ROI. Innovation starts here! #AI #Innovation #TechTrends,#AI #Innovation #TechTrends,4953,6749,378,33,36,0,0,255,6,Tuesday,1,0,2025-07,July,447,9.024833434282254,3.7783375314861463,0.7268322228952151,111,3,Positive
FA_0033,1,Facebook,2025-12-17,21:51:37,Carousel,Quick question for our community: How do you handle Data Analytics in your daily workflow? #SocialMedia2025 #BusinessTips #StartupLife,#SocialMedia2025 #BusinessTips #StartupLife,7647,8479,345,51,26,0,0,214,21,Wednesday,2,0,2025-12,December,422,5.518503988492219,2.5238825333176083,0.34000261540473387,134,3,Neutral
FA_0034,1,Facebook,2025-04-01,18:59:46,Link,Behind the scenes at our team workshop on User Experience. Innovation starts here! #Leadership #BusinessTips #MachineLearning #Innovation,#Leadership #BusinessTips #MachineLearning #Innovation,1347,2362,49,6,5,0,0,51,18,Tuesday,1,0,2025-04,April,60,4.4543429844097995,2.1591871295512277,0.3711952487008166,137,4,Positive
FA_0035,1,Facebook,2025-06-16,06:37:14,Link,Behind the scenes at our team workshop on Customer Engagement. Innovation starts here! #DigitalMarketing #Innovation #MachineLearning,#DigitalMarketing #Innovation #MachineLearning,1525,1881,52,6,4,0,0,33,6,Monday,0,0,2025-06,June,62,4.065573770491803,1.7543859649122806,0.26229508196721313,133,3,Positive
FA_0036,1,Facebook,2025-01-09,03:23:16,Text,Why Content Marketing matters more than ever for modern business growth. #StartupLife #Innovation #GrowthHacking,#StartupLife #Innovation #GrowthHacking,1473,2647,78,9,6,0,0,37,3,Thursday,3,0,2025-01,January,93,6.313645621181263,1.3978088401964488,0.40733197556008144,112,3,Positive
FA_0037,1,Facebook,2025-10-02,06:44:27,Text,Behind the scenes at our team workshop on Customer Engagement. Innovation starts here! #AI #Productivity #DataAnalytics,#AI #Productivity #DataAnalytics,941,1044,48,5,7,0,0,35,6,Thursday,3,0,2025-10,October,60,6.376195536663125,3.3524904214559386,0.7438894792773645,119,3,Positive
FA_0038,1,Facebook,2025-09-09,03:44:06,Carousel,Discover how Customer Engagement is transforming the industry! What are your thoughts? #Leadership #Coding #GrowthHacking #MarketingStrategy,#Leadership #Coding #GrowthHacking #MarketingStrategy,6303,7436,150,22,14,0,0,279,3,Tuesday,1,0,2025-09,September,186,2.950975725844836,3.752017213555675,0.22211645248294462,140,4,Positive
FA_0039,1,Facebook,2025-02-13,09:02:10,Text,Mastering User Experience in under 10 minutes. Read our full step-by-step guide now! #DesignThinking #SocialMedia2025,#DesignThinking #SocialMedia2025,1794,3053,142,15,14,0,0,72,9,Thursday,3,0,2025-02,February,171,9.531772575250837,2.3583360628889616,0.7803790412486065,117,2,Positive
FA_0040,1,Facebook,2025-04-19,09:38:07,Video,We are excited to announce our newest breakthrough in Content Marketing. Check out the link below! #SocialMedia2025 #AI,#SocialMedia2025 #AI,63685,83037,2158,413,240,0,39931,2825,9,Saturday,5,1,2025-04,April,2811,4.413912224228625,3.402097859990125,0.376854832378111,119,2,Positive
FA_0041,1,Facebook,2025-12-05,07:12:08,Carousel,We are excited to announce our newest breakthrough in Content Marketing. Check out the link below! #Coding #DigitalMarketing,#Coding #DigitalMarketing,1795,2361,116,19,6,0,0,29,7,Friday,4,0,2025-12,December,141,7.855153203342619,1.228293096145701,0.3342618384401114,124,2,Positive
FA_0042,1,Facebook,2025-09-14,19:39:36,Image,No Caption Provided,#Coding,5404,6042,182,33,23,0,0,212,19,Sunday,6,1,2025-09,September,238,4.404145077720207,3.508771929824561,0.42561065877128057,19,1,Neutral
FA_0043,1,Facebook,2025-10-23,01:27:53,Video,Mastering Executive Leadership in under 10 minutes. Read our full step-by-step guide now! #Coding #DigitalMarketing #MarketingStrategy #Innovation,#Coding #DigitalMarketing #MarketingStrategy #Innovation,4882,5682,199,23,21,0,4046,129,1,Thursday,3,0,2025-10,October,243,4.977468250716919,2.2703273495248153,0.43015157722244984,146,4,Positive
FA_0044,1,Facebook,2025-10-09,01:20:09,Link,Case study alert: How we boosted results by 350% using Customer Engagement. #AI #DesignThinking #BusinessTips,#AI #DesignThinking #BusinessTips,272,464,12,0,1,0,0,11,1,Thursday,3,0,2025-10,October,13,4.779411764705882,2.3706896551724137,0.3676470588235294,109,3,Positive
FA_0045,1,Facebook,2025-05-17,19:59:47,Link,Unpopular opinion about Executive Leadership: Most teams are doing it wrong. Here is why... #AI #TechTrends #StartupLife #Innovation,#AI #TechTrends #StartupLife #Innovation,1594,1768,70,6,9,0,0,24,19,Saturday,5,1,2025-05,May,85,5.3324968632371395,1.3574660633484164,0.5646173149309912,132,4,Negative
FA_0046,1,Facebook,2025-05-30,18:31:38,Text,Mastering Executive Leadership in under 10 minutes. Read our full step-by-step guide now! #DataAnalytics #Leadership #SocialMedia2025 #MarketingStrategy,#DataAnalytics #Leadership #SocialMedia2025 #MarketingStrategy,3580,5808,100,6,12,0,0,188,18,Friday,4,0,2025-05,May,118,3.2960893854748603,3.236914600550964,0.33519553072625696,152,4,Positive
FA_0047,1,Facebook,2025-01-02,10:17:52,Carousel,Why User Experience matters more than ever for modern business growth. #Productivity #MarketingStrategy #Leadership #SocialMedia2025,#Productivity #MarketingStrategy #Leadership #SocialMedia2025,4296,6359,203,23,9,0,0,192,10,Thursday,3,0,2025-01,January,235,5.470204841713222,3.019342663940871,0.20949720670391062,132,4,Positive
FA_0048,1,Facebook,2025-01-23,11:35:04,Text,We are excited to announce our newest breakthrough in Python Automation. Check out the link below! #Leadership #TechTrends,#Leadership #TechTrends,2272,3882,164,22,14,0,0,74,11,Thursday,3,0,2025-01,January,200,8.80281690140845,1.90623390005152,0.6161971830985915,122,2,Positive
FA_0049,1,Facebook,2025-03-21,02:43:27,Link,Case study alert: How we boosted results by 350% using Brand Strategy. #StartupLife #AI #GrowthHacking #Coding,#StartupLife #AI #GrowthHacking #Coding,1039,1665,68,15,1,0,0,13,2,Friday,4,0,2025-03,March,84,8.084696823869104,0.7807807807807807,0.0962463907603465,110,4,Positive
FA_0050,1,Facebook,2025-02-16,15:48:01,Image,Discover how Executive Leadership is transforming the industry! What are your thoughts? #MachineLearning #DigitalMarketing,#MachineLearning #DigitalMarketing,4409,5755,187,14,16,0,0,168,15,Sunday,6,1,2025-02,February,217,4.9217509639374,2.9192006950477847,0.3628940802903153,122,2,Positive
FA_0051,1,Facebook,2025-07-15,22:33:46,Text,Behind the scenes at our team workshop on User Experience. Innovation starts here! #DataAnalytics #Leadership,#DataAnalytics #Leadership,2520,4357,120,12,10,0,0,34,22,Tuesday,1,0,2025-07,July,142,5.634920634920635,0.7803534542116135,0.3968253968253968,109,2,Positive
FA_0052,1,Facebook,2025-08-06,09:06:20,Link,Mastering Content Marketing in under 10 minutes. Read our full step-by-step guide now! #Productivity #Leadership #AI #DataAnalytics,#Productivity #Leadership #AI #DataAnalytics,1666,2990,62,15,6,0,0,39,9,Wednesday,2,0,2025-08,August,83,4.981992797118847,1.3043478260869565,0.36014405762304924,131,4,Positive
FA_0053,1,Facebook,2025-01-26,22:04:42,Link,Sunday motivation: Start your week with a fresh mindset on Content Marketing. #DataAnalytics #StartupLife #Coding,#DataAnalytics #StartupLife #Coding,2106,3448,128,9,4,0,0,87,22,Sunday,6,1,2025-01,January,141,6.695156695156696,2.523201856148492,0.1899335232668566,113,3,Positive
FA_0054,1,Facebook,2025-07-06,04:47:04,Link,Quick question for our community: How do you handle Brand Strategy in your daily workflow? #MarketingStrategy #DataAnalytics #Coding #SocialMedia2025,#MarketingStrategy #DataAnalytics #Coding #SocialMedia2025,2489,4184,88,18,7,0,0,125,4,Sunday,6,1,2025-07,July,113,4.539975893933307,2.987571701720841,0.28123744475693047,149,4,Neutral
FA_0055,1,Facebook,2025-02-08,05:07:29,Video,Discover how Python Automation is transforming the industry! What are your thoughts? #AI #DesignThinking #BusinessTips,#AI #DesignThinking #BusinessTips,1901,2581,123,12,8,0,1367,54,5,Saturday,5,1,2025-02,February,143,7.522356654392424,2.092212320805889,0.4208311415044713,118,3,Positive
FA_0056,1,Facebook,2025-10-15,11:56:32,Video,Mastering AI Workflow in under 10 minutes. Read our full step-by-step guide now! #Coding #MachineLearning #DigitalMarketing #StartupLife,#Coding #MachineLearning #DigitalMarketing #StartupLife,1267,1426,101,7,5,0,847,37,11,Wednesday,2,0,2025-10,October,113,8.918705603788476,2.5946704067321176,0.3946329913180742,136,4,Positive
FA_0057,1,Facebook,2025-10-04,15:15:35,Video,Why Python Automation matters more than ever for modern business growth. #Productivity,#Productivity,8506,11022,522,48,40,0,4406,239,15,Saturday,5,1,2025-10,October,610,7.171408417587585,2.1683904917437853,0.4702562896778745,86,1,Positive
FA_0058,1,Facebook,2025-11-27,13:03:32,Link,Why Content Marketing matters more than ever for modern business growth. #Productivity,#Productivity,1221,1889,95,5,6,0,0,72,13,Thursday,3,0,2025-11,November,106,8.681408681408682,3.8115404976177873,0.4914004914004914,86,1,Positive
FA_0059,1,Facebook,2025-10-11,07:32:32,Video,Discover how Brand Strategy is transforming the industry! What are your thoughts? #DesignThinking #Innovation,#DesignThinking #Innovation,8870,15888,464,97,15,0,7390,147,7,Saturday,5,1,2025-10,October,576,6.49379932356257,0.9252265861027189,0.16910935738444194,109,2,Positive
FA_0060,1,Facebook,2025-01-09,06:20:38,Video,Top 5 actionable strategies for Python Automation in 2025. Save this post for later! #MachineLearning,#MachineLearning,7201,10508,191,28,27,0,3036,354,6,Thursday,3,0,2025-01,January,246,3.416192195528399,3.368861819566045,0.3749479238994584,101,1,Positive
FA_0061,1,Facebook,2025-01-16,02:12:52,Text,Why Python Automation matters more than ever for modern business growth. #Leadership,#Leadership,621,947,14,1,1,0,0,23,2,Thursday,3,0,2025-01,January,16,2.576489533011272,2.428722280887012,0.1610305958132045,84,1,Positive
FA_0062,1,Facebook,2025-08-21,18:24:23,Image,Unpopular opinion about AI Workflow: Most teams are doing it wrong. Here is why... #BusinessTips #Leadership,#BusinessTips #Leadership,7095,9784,452,50,27,0,0,161,18,Thursday,3,0,2025-08,August,529,7.455954897815363,1.6455437448896155,0.38054968287526425,108,2,Negative
FA_0063,1,Facebook,2025-02-16,03:06:28,Image,Sunday motivation: Start your week with a fresh mindset on Brand Strategy. #SocialMedia2025 #TechTrends,#SocialMedia2025 #TechTrends,3269,5129,145,32,20,0,0,101,3,Sunday,6,1,2025-02,February,197,6.026307739369837,1.9691947748099046,0.611807892321811,103,2,Positive
FA_0064,1,Facebook,2025-06-09,12:48:10,Carousel,Unpopular opinion about Content Marketing: Most teams are doing it wrong. Here is why... #StartupLife #Leadership,#StartupLife #Leadership,4649,6924,125,13,6,0,0,146,12,Monday,0,0,2025-06,June,144,3.097440309744031,2.1086077411900637,0.1290600129060013,113,2,Negative
FA_0065,1,Facebook,2025-12-12,23:23:59,Carousel,Behind the scenes at our team workshop on Customer Engagement. Innovation starts here! #MarketingStrategy,#MarketingStrategy,2722,3641,55,12,5,0,0,81,23,Friday,4,0,2025-12,December,72,2.645113886847906,2.22466355396869,0.18368846436443792,105,1,Positive
FA_0066,1,Facebook,2025-09-29,07:49:57,Text,Quick question for our community: How do you handle Brand Strategy in your daily workflow? #GrowthHacking #DigitalMarketing,#GrowthHacking #DigitalMarketing,2199,2549,50,4,5,0,0,96,7,Monday,0,0,2025-09,September,59,2.6830377444292863,3.7661828167908986,0.22737608003638018,123,2,Positive
FA_0067,1,Facebook,2025-08-15,15:04:47,Carousel,Sunday motivation: Start your week with a fresh mindset on AI Workflow. #BusinessTips #AI #DigitalMarketing,#BusinessTips #AI #DigitalMarketing,5043,5707,220,37,4,0,0,126,15,Friday,4,0,2025-08,August,261,5.175490779298038,2.2078149640792013,0.07931786634939521,107,3,Positive
FA_0068,1,Facebook,2025-06-17,04:22:06,Text,Unpopular opinion about Social Media ROI: Most teams are doing it wrong. Here is why... #BusinessTips #SocialMedia2025,#BusinessTips #SocialMedia2025,3060,5092,74,16,1,0,0,33,4,Tuesday,1,0,2025-06,June,91,2.9738562091503264,0.648075412411626,0.0326797385620915,118,2,Negative
FA_0069,1,Facebook,2025-10-21,14:43:28,Text,Discover how Customer Engagement is transforming the industry! What are your thoughts? #BusinessTips,#BusinessTips,1426,2514,67,12,4,0,0,45,14,Tuesday,1,0,2025-10,October,83,5.820476858345021,1.7899761336515514,0.2805049088359046,100,1,Positive
FA_0070,1,Facebook,2025-10-02,14:24:33,Link,Case study alert: How we boosted results by 350% using Content Marketing. #DesignThinking #MarketingStrategy #AI,#DesignThinking #MarketingStrategy #AI,2425,2996,161,19,23,0,0,102,14,Thursday,3,0,2025-10,October,203,8.371134020618557,3.404539385847797,0.9484536082474228,112,3,Positive
FA_0071,1,Facebook,2025-03-30,21:55:57,Image,Why Social Media ROI matters more than ever for modern business growth. #Leadership #DesignThinking #Innovation #Productivity,#Leadership #DesignThinking #Innovation #Productivity,7508,11638,594,68,86,0,0,193,21,Sunday,6,1,2025-03,March,748,9.962706446457112,1.658360543048634,1.1454448588172617,125,4,Positive
FA_0072,1,Facebook,2025-05-21,21:31:58,Carousel,Discover how AI Workflow is transforming the industry! What are your thoughts? #Leadership #Coding #TechTrends,#Leadership #Coding #TechTrends,4013,6225,315,21,30,0,0,117,21,Wednesday,2,0,2025-05,May,366,9.120358833790181,1.8795180722891567,0.74757039621231,110,3,Positive
FA_0073,1,Facebook,2025-01-22,16:22:27,Carousel,We are excited to announce our newest breakthrough in Content Marketing. Check out the link below! #Innovation #Leadership #SocialMedia2025,#Innovation #Leadership #SocialMedia2025,3639,6068,255,62,7,0,0,153,16,Wednesday,2,0,2025-01,January,324,8.903544929925804,2.5214238628872776,0.1923605386095081,139,3,Positive
FA_0074,1,Facebook,2025-09-26,19:01:57,Link,Quick question for our community: How do you handle Brand Strategy in your daily workflow? #BusinessTips #Coding #DesignThinking,#BusinessTips #Coding #DesignThinking,617,951,24,2,2,0,0,18,19,Friday,4,0,2025-09,September,28,4.538087520259319,1.8927444794952681,0.3241491085899514,128,3,Neutral
FA_0075,1,Facebook,2025-11-05,05:28:29,Carousel,Mastering Social Media ROI in under 10 minutes. Read our full step-by-step guide now! #DigitalMarketing #StartupLife #MachineLearning,#DigitalMarketing #StartupLife #MachineLearning,5313,6159,284,50,17,0,0,87,5,Wednesday,2,0,2025-11,November,351,6.60643704121965,1.412566975158305,0.3199698851872765,133,3,Positive
FA_0076,1,Facebook,2025-09-27,03:24:09,Text,We are excited to announce our newest breakthrough in Cloud Scale. Check out the link below! #TechTrends #GrowthHacking #DigitalMarketing,#TechTrends #GrowthHacking #DigitalMarketing,1467,2400,46,11,1,0,0,36,3,Saturday,5,1,2025-09,September,58,3.953646898432175,1.5,0.0681663258350375,137,3,Positive
FA_0077,1,Facebook,2025-09-27,01:22:27,Carousel,Sunday motivation: Start your week with a fresh mindset on Social Media ROI. #MarketingStrategy #Coding #Productivity #MachineLearning,#MarketingStrategy #Coding #Productivity #MachineLearning,1792,2520,80,14,4,0,0,57,1,Saturday,5,1,2025-09,September,98,5.46875,2.261904761904762,0.2232142857142857,134,4,Positive
FA_0078,1,Facebook,2025-10-01,08:42:28,Text,Why Content Marketing matters more than ever for modern business growth. #StartupLife #Innovation #Leadership,#StartupLife #Innovation #Leadership,2881,4183,129,10,5,0,0,115,8,Wednesday,2,0,2025-10,October,144,4.998264491496009,2.749223045661009,0.17355085039916696,109,3,Positive
FA_0079,1,Facebook,2025-07-10,20:11:24,Carousel,Behind the scenes at our team workshop on AI Workflow. Innovation starts here! #AI #DesignThinking #MarketingStrategy,#AI #DesignThinking #MarketingStrategy,6294,10584,160,37,20,0,0,341,20,Thursday,3,0,2025-07,July,217,3.4477279949157924,3.2218442932728646,0.31776294884016526,117,3,Positive
FA_0080,1,Facebook,2025-07-11,08:35:03,Image,Top 5 actionable strategies for Brand Strategy in 2025. Save this post for later! #TechTrends #GrowthHacking,#TechTrends #GrowthHacking,3698,6116,104,11,13,0,0,165,8,Friday,4,0,2025-07,July,128,3.461330448891293,2.697841726618705,0.3515413737155219,108,2,Positive
FA_0081,1,Facebook,2025-01-03,02:53:04,Video,Behind the scenes at our team workshop on Social Media ROI. Innovation starts here! #AI #DesignThinking #DigitalMarketing #DataAnalytics,#AI #DesignThinking #DigitalMarketing #DataAnalytics,2831,4380,162,10,20,0,1839,104,2,Friday,4,0,2025-01,January,192,6.782055810667609,2.374429223744292,0.7064641469445425,136,4,Positive
FA_0082,1,Facebook,2025-05-30,15:37:41,Link,Case study alert: How we boosted results by 350% using Content Marketing. #MarketingStrategy #StartupLife #Productivity #AI,#MarketingStrategy #StartupLife #Productivity #AI,434,637,21,5,1,0,0,12,15,Friday,4,0,2025-05,May,27,6.221198156682028,1.8838304552590266,0.2304147465437788,123,4,Positive
FA_0083,1,Facebook,2025-05-10,00:35:28,Image,Top 5 actionable strategies for Brand Strategy in 2025. Save this post for later! #MachineLearning #StartupLife,#MachineLearning #StartupLife,4113,5481,93,14,11,0,0,77,0,Saturday,5,1,2025-05,May,118,2.8689521030877705,1.40485312899106,0.2674446875759786,111,2,Positive
FA_0084,1,Facebook,2025-11-20,06:38:11,Image,Unpopular opinion about Executive Leadership: Most teams are doing it wrong. Here is why... #DigitalMarketing,#DigitalMarketing,1509,1704,114,17,16,0,0,56,6,Thursday,3,0,2025-11,November,147,9.74155069582505,3.286384976525822,1.0603048376408217,109,1,Negative
FA_0085,1,Facebook,2025-02-07,01:44:25,Link,Quick question for our community: How do you handle Customer Engagement in your daily workflow? #DesignThinking,#DesignThinking,1242,1748,96,11,4,0,0,55,1,Friday,4,0,2025-02,February,111,8.937198067632849,3.1464530892448517,0.322061191626409,111,1,Neutral
FA_0086,1,Facebook,2025-02-12,15:27:20,Carousel,Quick question for our community: How do you handle Social Media ROI in your daily workflow? #GrowthHacking #AI #Productivity,#GrowthHacking #AI #Productivity,2706,4118,123,23,8,0,0,32,15,Wednesday,2,0,2025-02,February,154,5.691056910569105,0.7770762506070907,0.29563932002956395,125,3,Positive
FA_0087,1,Facebook,2025-05-21,23:16:56,Image,We are excited to announce our newest breakthrough in AI Workflow. Check out the link below! #GrowthHacking #SocialMedia2025 #DesignThinking #MachineLearning,#GrowthHacking #SocialMedia2025 #DesignThinking #MachineLearning,1233,1880,82,4,2,0,0,60,23,Wednesday,2,0,2025-05,May,88,7.1370640713706415,3.1914893617021276,0.16220600162206003,157,4,Positive
FA_0088,1,Facebook,2025-11-06,05:35:11,Link,Case study alert: How we boosted results by 350% using Brand Strategy. #DesignThinking #AI #Innovation #MarketingStrategy,#DesignThinking #AI #Innovation #MarketingStrategy,1033,1337,80,4,3,0,0,37,5,Thursday,3,0,2025-11,November,87,8.422071636011616,2.7673896783844425,0.29041626331074544,121,4,Positive
FA_0089,1,Facebook,2025-12-27,16:14:53,Carousel,Why Customer Engagement matters more than ever for modern business growth. #DataAnalytics #AI #MarketingStrategy #Productivity,#DataAnalytics #AI #MarketingStrategy #Productivity,5342,9605,366,89,54,0,0,231,16,Saturday,5,1,2025-12,December,509,9.528266566828902,2.404997397188964,1.010857356795208,126,4,Positive
FA_0090,1,Facebook,2025-06-03,05:44:04,Video,We are excited to announce our newest breakthrough in Brand Strategy. Check out the link below! #AI #DataAnalytics,#AI #DataAnalytics,4901,6629,266,38,39,0,2278,265,5,Tuesday,1,0,2025-06,June,343,6.998571720057131,3.997586362950671,0.7957559681697612,114,2,Positive
FA_0091,1,Facebook,2025-09-03,19:08:23,Text,Quick question for our community: How do you handle User Experience in your daily workflow? #MarketingStrategy,#MarketingStrategy,2827,4455,114,25,13,0,0,118,19,Wednesday,2,0,2025-09,September,152,5.376724442872303,2.648709315375982,0.4598514326140785,110,1,Neutral
FA_0092,1,Facebook,2025-01-29,04:31:14,Link,Unpopular opinion about Social Media ROI: Most teams are doing it wrong. Here is why... #GrowthHacking #MachineLearning,#GrowthHacking #MachineLearning,2556,4412,180,18,18,0,0,95,4,Wednesday,2,0,2025-01,January,216,8.450704225352112,2.1532184950135993,0.7042253521126761,119,2,Negative
FA_0093,1,Facebook,2025-09-15,23:20:15,Carousel,Sunday motivation: Start your week with a fresh mindset on Social Media ROI. #StartupLife #Innovation,#StartupLife #Innovation,6707,7571,481,31,68,0,0,325,23,Monday,0,0,2025-09,September,580,8.647681526763083,4.292695812970545,1.0138661100342925,101,2,Positive
FA_0094,1,Facebook,2025-11-13,23:15:53,Carousel,Mastering Customer Engagement in under 10 minutes. Read our full step-by-step guide now! #Leadership #DataAnalytics #DesignThinking,#Leadership #DataAnalytics #DesignThinking,1192,1361,55,8,2,0,0,48,23,Thursday,3,0,2025-11,November,65,5.453020134228188,3.526818515797208,0.16778523489932887,131,3,Positive
FA_0095,1,Facebook,2025-06-26,14:31:00,Link,Unpopular opinion about Cloud Scale: Most teams are doing it wrong. Here is why... #GrowthHacking,#GrowthHacking,1431,1822,36,3,2,0,0,58,14,Thursday,3,0,2025-06,June,41,2.86512928022362,3.1833150384193196,0.1397624039133473,97,1,Negative
FA_0096,1,Facebook,2025-06-17,21:01:58,Video,Why Social Media ROI matters more than ever for modern business growth. #SocialMedia2025 #Leadership #Productivity #DigitalMarketing,#SocialMedia2025 #Leadership #Productivity #DigitalMarketing,13309,19348,1038,96,68,0,5659,462,21,Tuesday,1,0,2025-06,June,1202,9.031482455481253,2.3878437047756873,0.510932451724397,132,4,Positive
FA_0097,1,Facebook,2025-10-02,00:17:51,Text,Mastering Social Media ROI in under 10 minutes. Read our full step-by-step guide now! #MachineLearning #GrowthHacking #DesignThinking,#MachineLearning #GrowthHacking #DesignThinking,1657,2484,52,8,1,0,0,58,0,Thursday,3,0,2025-10,October,61,3.6813518406759207,2.3349436392914655,0.06035003017501509,133,3,Positive
FA_0098,1,Facebook,2025-12-15,22:14:50,Image,Quick question for our community: How do you handle Python Automation in your daily workflow? #DesignThinking #GrowthHacking #SocialMedia2025,#DesignThinking #GrowthHacking #SocialMedia2025,1507,2194,75,4,2,0,0,40,22,Monday,0,0,2025-12,December,81,5.37491705374917,1.8231540565177755,0.13271400132714,141,3,Positive
FA_0099,1,Facebook,2025-09-21,05:05:21,Carousel,Behind the scenes at our team workshop on Brand Strategy. Innovation starts here! #BusinessTips #Innovation,#BusinessTips #Innovation,4007,5837,197,32,16,0,0,43,5,Sunday,6,1,2025-09,September,245,6.114299975043673,0.7366798012677745,0.39930122285999503,107,2,Positive
FA_0100,1,Facebook,2025-06-07,22:54:38,Text,Sunday motivation: Start your week with a fresh mindset on Customer Engagement. #MachineLearning #TechTrends,#MachineLearning #TechTrends,2058,3302,136,17,17,0,0,45,22,Saturday,5,1,2025-06,June,170,8.26044703595724,1.362810417928528,0.8260447035957239,108,2,Positive
FA_0101,1,Facebook,2025-08-14,11:25:16,Text,Discover how Content Marketing is transforming the industry! What are your thoughts? #SocialMedia2025 #DesignThinking #Innovation #Leadership,#SocialMedia2025 #DesignThinking #Innovation #Leadership,2040,3044,162,23,11,0,0,117,11,Thursday,3,0,2025-08,August,196,9.607843137254903,3.843626806833114,0.5392156862745098,141,4,Positive
FA_0102,1,Facebook,2025-12-13,23:25:19,Link,Behind the scenes at our team workshop on User Experience. Innovation starts here! #DataAnalytics #Coding #DigitalMarketing #SocialMedia2025,#DataAnalytics #Coding #DigitalMarketing #SocialMedia2025,2634,3446,98,8,10,0,0,68,23,Saturday,5,1,2025-12,December,116,4.403948367501898,1.9733023795705165,0.3796507213363705,140,4,Positive
FA_0103,1,Facebook,2025-05-21,10:28:41,Carousel,Behind the scenes at our team workshop on Python Automation. Innovation starts here! #Productivity #GrowthHacking #DesignThinking #MarketingStrategy,#Productivity #GrowthHacking #DesignThinking #MarketingStrategy,6910,7983,521,94,61,0,0,143,10,Wednesday,2,0,2025-05,May,676,9.782923299565846,1.7913065263685333,0.8827785817655571,148,4,Positive
FA_0104,1,Facebook,2025-05-20,04:59:52,Carousel,Case study alert: How we boosted results by 350% using Content Marketing. #TechTrends #StartupLife,#TechTrends #StartupLife,2228,2607,88,12,9,0,0,37,4,Tuesday,1,0,2025-05,May,109,4.8922800718132855,1.4192558496355965,0.4039497307001795,98,2,Positive
FA_0105,1,Facebook,2025-12-01,17:19:10,Video,Top 5 actionable strategies for Customer Engagement in 2025. Save this post for later! #DigitalMarketing #StartupLife #TechTrends,#DigitalMarketing #StartupLife #TechTrends,2780,4495,197,11,27,0,1692,144,17,Monday,0,0,2025-12,December,235,8.453237410071942,3.203559510567297,0.9712230215827338,129,3,Positive
FA_0106,1,Facebook,2025-09-11,06:47:00,Link,Sunday motivation: Start your week with a fresh mindset on Data Analytics. #DigitalMarketing,#DigitalMarketing,2526,3371,119,21,10,0,0,137,6,Thursday,3,0,2025-09,September,150,5.938242280285035,4.064075941857015,0.395882818685669,92,1,Positive
FA_0107,1,Facebook,2025-02-27,12:02:23,Text,Quick question for our community: How do you handle Customer Engagement in your daily workflow? #TechTrends #MachineLearning,#TechTrends #MachineLearning,3421,5576,104,23,14,0,0,175,12,Thursday,3,0,2025-02,February,141,4.121601870798012,3.1384505021520805,0.40923706518561825,124,2,Neutral
FA_0108,1,Facebook,2025-04-05,05:07:10,Video,Behind the scenes at our team workshop on Data Analytics. Innovation starts here! #BusinessTips #DataAnalytics #Leadership,#BusinessTips #DataAnalytics #Leadership,3345,5372,69,12,7,0,1441,53,5,Saturday,5,1,2025-04,April,88,2.6307922272047835,0.9865971705137752,0.20926756352765324,122,3,Positive
FA_0109,1,Facebook,2025-12-27,11:19:20,Link,Why Brand Strategy matters more than ever for modern business growth. #DataAnalytics #MarketingStrategy,#DataAnalytics #MarketingStrategy,2086,3179,93,14,7,0,0,76,11,Saturday,5,1,2025-12,December,114,5.465004793863854,2.3906888958792076,0.33557046979865773,103,2,Positive
FA_0110,1,Facebook,2025-11-02,02:58:50,Carousel,Sunday motivation: Start your week with a fresh mindset on Brand Strategy. #Coding,#Coding,6090,10548,195,30,8,0,0,321,2,Sunday,6,1,2025-11,November,233,3.825944170771757,3.043230944254835,0.13136288998357964,82,1,Positive
FA_0111,1,Facebook,2025-08-09,03:18:39,Text,Sunday motivation: Start your week with a fresh mindset on Data Analytics. #MarketingStrategy #SocialMedia2025 #BusinessTips #Leadership,#MarketingStrategy #SocialMedia2025 #BusinessTips #Leadership,1858,3093,117,15,14,0,0,87,3,Saturday,5,1,2025-08,August,146,7.857911733046287,2.8128031037827355,0.7534983853606028,136,4,Positive
FA_0112,1,Facebook,2025-02-02,19:42:11,Image,Mastering Executive Leadership in under 10 minutes. Read our full step-by-step guide now! #DigitalMarketing,#DigitalMarketing,1863,2885,118,28,8,0,0,101,19,Sunday,6,1,2025-02,February,154,8.2662372517445,3.5008665511265162,0.4294149221685454,107,1,Positive
FA_0113,1,Facebook,2025-02-11,19:38:07,Link,Case study alert: How we boosted results by 350% using AI Workflow. #SocialMedia2025 #BusinessTips,#SocialMedia2025 #BusinessTips,4119,6937,269,66,21,0,0,189,19,Tuesday,1,0,2025-02,February,356,8.642874484098082,2.7245206861755804,0.5098324836125273,98,2,Positive
FA_0114,1,Facebook,2025-08-24,12:36:11,Video,Mastering AI Workflow in under 10 minutes. Read our full step-by-step guide now! #DesignThinking,#DesignThinking,13196,22727,454,28,44,0,8224,575,12,Sunday,6,1,2025-08,August,526,3.9860563807214304,2.530030360364324,0.33343437405274323,96,1,Positive
FA_0115,1,Facebook,2025-08-13,08:31:55,Image,Sunday motivation: Start your week with a fresh mindset on Social Media ROI. #DataAnalytics #Productivity #MachineLearning,#DataAnalytics #Productivity #MachineLearning,3445,5411,135,14,5,0,0,148,8,Wednesday,2,0,2025-08,August,154,4.470246734397678,2.735169099981519,0.14513788098693758,122,3,Positive
FA_0116,1,Facebook,2025-10-30,06:22:35,Text,Mastering Cloud Scale in under 10 minutes. Read our full step-by-step guide now! #TechTrends #GrowthHacking #StartupLife #DesignThinking,#TechTrends #GrowthHacking #StartupLife #DesignThinking,1392,1936,40,5,4,0,0,46,6,Thursday,3,0,2025-10,October,49,3.5201149425287355,2.37603305785124,0.28735632183908044,136,4,Positive
FA_0117,1,Facebook,2025-08-26,02:05:52,Text,Behind the scenes at our team workshop on Cloud Scale. Innovation starts here! #BusinessTips #DataAnalytics,#BusinessTips #DataAnalytics,2455,4285,173,11,19,0,0,47,2,Tuesday,1,0,2025-08,August,203,8.268839103869654,1.0968494749124855,0.7739307535641547,107,2,Positive
FA_0118,1,Facebook,2025-02-07,06:51:02,Carousel,Quick question for our community: How do you handle Cloud Scale in your daily workflow? #Leadership #DataAnalytics,#Leadership #DataAnalytics,6610,8251,207,41,24,0,0,315,6,Friday,4,0,2025-02,February,272,4.114977307110439,3.817719064355836,0.3630862329803328,114,2,Neutral
FA_0119,1,Facebook,2025-07-23,08:42:49,Link,Behind the scenes at our team workshop on Python Automation. Innovation starts here! #SocialMedia2025 #StartupLife #GrowthHacking #DigitalMarketing,#SocialMedia2025 #StartupLife #GrowthHacking #DigitalMarketing,2415,3444,164,31,19,0,0,62,8,Wednesday,2,0,2025-07,July,214,8.86128364389234,1.8002322880371662,0.7867494824016562,147,4,Positive
FA_0120,1,Facebook,2025-04-24,05:18:46,Carousel,Unpopular opinion about User Experience: Most teams are doing it wrong. Here is why... #DigitalMarketing #MarketingStrategy #DataAnalytics #GrowthHacking,#DigitalMarketing #MarketingStrategy #DataAnalytics #GrowthHacking,6120,8871,362,67,19,0,0,312,5,Thursday,3,0,2025-04,April,448,7.320261437908497,3.517078119715928,0.3104575163398693,153,4,Negative
FA_0121,1,Facebook,2025-03-28,12:49:20,Carousel,Discover how Executive Leadership is transforming the industry! What are your thoughts? #Coding #SocialMedia2025,#Coding #SocialMedia2025,9577,11033,661,39,13,0,0,161,12,Friday,4,0,2025-03,March,713,7.444920121123526,1.4592585878727453,0.13574188159131254,112,2,Positive
FA_0122,1,Facebook,2025-04-22,18:24:47,Image,Case study alert: How we boosted results by 350% using User Experience. #StartupLife #Leadership #TechTrends #DesignThinking,#StartupLife #Leadership #TechTrends #DesignThinking,929,1366,33,8,0,0,0,47,18,Tuesday,1,0,2025-04,April,41,4.413347685683531,3.4407027818448026,0.0,124,4,Positive
FA_0123,1,Facebook,2025-02-24,03:30:24,Video,Mastering Content Marketing in under 10 minutes. Read our full step-by-step guide now! #Productivity #GrowthHacking #DigitalMarketing,#Productivity #GrowthHacking #DigitalMarketing,8670,12322,299,56,17,0,7057,121,3,Monday,0,0,2025-02,February,372,4.290657439446367,0.9819834442460639,0.19607843137254902,133,3,Positive
FA_0124,1,Facebook,2025-07-27,13:48:30,Text,We are excited to announce our newest breakthrough in Data Analytics. Check out the link below! #MachineLearning,#MachineLearning,4820,7477,192,47,28,0,0,263,13,Sunday,6,1,2025-07,July,267,5.539419087136929,3.5174535241406986,0.5809128630705395,112,1,Positive
FA_0125,1,Facebook,2025-12-21,20:38:09,Image,Discover how AI Workflow is transforming the industry! What are your thoughts? #Coding #SocialMedia2025 #Innovation,#Coding #SocialMedia2025 #Innovation,7269,8075,235,18,29,0,0,371,20,Sunday,6,1,2025-12,December,282,3.8794882377218323,4.594427244582043,0.39895446416288344,115,3,Positive
FA_0126,1,Facebook,2025-10-18,14:10:07,Carousel,Top 5 actionable strategies for Brand Strategy in 2025. Save this post for later! #DesignThinking #MachineLearning #MarketingStrategy #Productivity,#DesignThinking #MachineLearning #MarketingStrategy #Productivity,10941,12446,505,109,32,0,0,530,14,Saturday,5,1,2025-10,October,646,5.904396307467325,4.2583962718945845,0.2924778356640161,147,4,Positive
FA_0127,1,Facebook,2025-01-16,23:05:15,Text,Mastering Executive Leadership in under 10 minutes. Read our full step-by-step guide now! #GrowthHacking #SocialMedia2025,#GrowthHacking #SocialMedia2025,2562,4003,64,11,7,0,0,116,23,Thursday,3,0,2025-01,January,82,3.200624512099922,2.8978266300274793,0.273224043715847,121,2,Positive
FA_0128,1,Facebook,2025-11-21,05:37:01,Link,Discover how Brand Strategy is transforming the industry! What are your thoughts? #AI,#AI,1350,2204,35,2,2,0,0,51,5,Friday,4,0,2025-11,November,39,2.888888888888889,2.3139745916515424,0.14814814814814814,85,1,Positive
FA_0129,1,Facebook,2025-10-11,03:23:18,Link,Mastering Python Automation in under 10 minutes. Read our full step-by-step guide now! #DigitalMarketing,#DigitalMarketing,475,822,35,8,3,0,0,8,3,Saturday,5,1,2025-10,October,46,9.68421052631579,0.9732360097323601,0.631578947368421,104,1,Positive
FA_0130,1,Facebook,2025-09-10,05:18:47,Text,Quick question for our community: How do you handle Customer Engagement in your daily workflow? #DigitalMarketing #Leadership #DesignThinking #AI,#DigitalMarketing #Leadership #DesignThinking #AI,1158,1780,64,5,2,0,0,29,5,Wednesday,2,0,2025-09,September,71,6.13126079447323,1.6292134831460674,0.17271157167530224,145,4,Neutral
FA_0131,1,Facebook,2025-06-18,16:01:40,Carousel,Unpopular opinion about Social Media ROI: Most teams are doing it wrong. Here is why... #GrowthHacking #Innovation #MachineLearning,#GrowthHacking #Innovation #MachineLearning,1871,2579,73,14,7,0,0,109,16,Wednesday,2,0,2025-06,June,94,5.024051309460182,4.226444358278403,0.3741314804917157,131,3,Neutral
FA_0132,1,Facebook,2025-07-21,13:17:23,Carousel,Case study alert: How we boosted results by 350% using Content Marketing. #StartupLife #DesignThinking,#StartupLife #DesignThinking,8450,14872,275,57,35,0,0,113,13,Monday,0,0,2025-07,July,367,4.34319526627219,0.7598171059709521,0.41420118343195267,102,2,Positive
FA_0133,1,Facebook,2025-03-13,23:03:32,Link,Sunday motivation: Start your week with a fresh mindset on Social Media ROI. #DesignThinking #BusinessTips #AI #Leadership,#DesignThinking #BusinessTips #AI #Leadership,1243,1808,93,17,8,0,0,61,23,Thursday,3,0,2025-03,March,118,9.493161705551085,3.3738938053097343,0.6436041834271923,122,4,Positive
FA_0134,1,Facebook,2025-11-23,03:05:38,Video,Discover how Brand Strategy is transforming the industry! What are your thoughts? #StartupLife #Innovation,#StartupLife #Innovation,6124,9508,477,55,58,0,2774,91,3,Sunday,6,1,2025-11,November,590,9.634225996080993,0.9570887673538073,0.9470934030045721,106,2,Positive
FA_0135,1,Facebook,2025-12-19,20:56:37,Link,Case study alert: How we boosted results by 350% using Python Automation. #DesignThinking #StartupLife #Innovation #MachineLearning,#DesignThinking #StartupLife #Innovation #MachineLearning,4191,6026,158,36,4,0,0,216,20,Friday,4,0,2025-12,December,198,4.724409448818897,3.5844673083305674,0.09544261512765449,131,4,Positive
FA_0136,1,Facebook,2025-04-16,18:58:23,Text,Top 5 actionable strategies for AI Workflow in 2025. Save this post for later! #MachineLearning #Coding #Leadership #GrowthHacking,#MachineLearning #Coding #Leadership #GrowthHacking,4643,5481,329,59,35,0,0,84,18,Wednesday,2,0,2025-04,April,423,9.1104889080336,1.532567049808429,0.7538229592935602,130,4,Positive
FA_0137,1,Facebook,2025-03-23,12:03:03,Text,Mastering Content Marketing in under 10 minutes. Read our full step-by-step guide now! #StartupLife #MarketingStrategy #Productivity #Coding,#StartupLife #MarketingStrategy #Productivity #Coding,4276,7346,200,27,4,0,0,88,12,Sunday,6,1,2025-03,March,231,5.402245088868101,1.197930846719303,0.09354536950420954,140,4,Positive
FA_0138,1,Facebook,2025-10-23,03:42:16,Carousel,Top 5 actionable strategies for Social Media ROI in 2025. Save this post for later! #GrowthHacking #DataAnalytics #Leadership,#GrowthHacking #DataAnalytics #Leadership,6309,9270,368,62,36,0,0,248,3,Thursday,3,0,2025-10,October,466,7.38627357742907,2.67529665587918,0.5706134094151213,125,3,Positive
FA_0139,1,Facebook,2025-11-12,10:49:46,Carousel,Unpopular opinion about AI Workflow: Most teams are doing it wrong. Here is why... #GrowthHacking #AI,#GrowthHacking #AI,1906,3021,96,12,3,0,0,55,10,Wednesday,2,0,2025-11,November,111,5.823714585519412,1.8205892088712348,0.15739769150052466,101,2,Negative
FA_0140,1,Facebook,2025-11-27,06:18:26,Text,Why Customer Engagement matters more than ever for modern business growth. #MarketingStrategy #GrowthHacking,#MarketingStrategy #GrowthHacking,3164,5588,155,13,10,0,0,120,6,Thursday,3,0,2025-11,November,178,5.625790139064475,2.1474588403722263,0.31605562579013907,108,2,Positive
FA_0141,1,Facebook,2025-12-30,16:09:36,Image,Unpopular opinion about User Experience: Most teams are doing it wrong. Here is why... #DesignThinking,#DesignThinking,1875,2768,56,7,6,0,0,90,16,Tuesday,1,0,2025-12,December,69,3.6799999999999997,3.251445086705202,0.32,102,1,Negative
FA_0142,1,Facebook,2025-10-06,13:21:25,Image,Unpopular opinion about Executive Leadership: Most teams are doing it wrong. Here is why... #BusinessTips #AI,#BusinessTips #AI,8394,11875,343,73,26,0,0,501,13,Monday,0,0,2025-10,October,442,5.265665951870384,4.218947368421053,0.3097450559923755,109,2,Negative
FA_0143,1,Facebook,2025-10-29,12:45:57,Carousel,Unpopular opinion about Python Automation: Most teams are doing it wrong. Here is why... #Innovation #MarketingStrategy,#Innovation #MarketingStrategy,9238,13848,479,81,20,0,0,544,12,Wednesday,2,0,2025-10,October,580,6.278415241394242,3.928365106874639,0.2164970772894566,119,2,Negative
FA_0144,1,Facebook,2025-09-21,03:28:01,Text,We are excited to announce our newest breakthrough in Data Analytics. Check out the link below! #Productivity #StartupLife #MarketingStrategy,#Productivity #StartupLife #MarketingStrategy,2664,4475,174,32,14,0,0,103,3,Sunday,6,1,2025-09,September,220,8.258258258258259,2.3016759776536313,0.5255255255255256,141,3,Positive
FA_0145,1,Facebook,2025-11-21,03:23:22,Link,Top 5 actionable strategies for Brand Strategy in 2025. Save this post for later! #Leadership #GrowthHacking #Innovation #TechTrends,#Leadership #GrowthHacking #Innovation #TechTrends,1384,2165,57,3,5,0,0,28,3,Friday,4,0,2025-11,November,65,4.696531791907514,1.2933025404157044,0.36127167630057805,132,4,Positive
FA_0146,1,Facebook,2025-05-26,12:17:50,Video,Discover how User Experience is transforming the industry! What are your thoughts? #DesignThinking #GrowthHacking #StartupLife #TechTrends,#DesignThinking #GrowthHacking #StartupLife #TechTrends,11277,16032,309,68,23,0,4514,652,12,Monday,0,0,2025-05,May,400,3.547042653187905,4.06686626746507,0.20395495255830454,138,4,Positive
FA_0147,1,Facebook,2025-11-29,10:59:26,Link,We are excited to announce our newest breakthrough in AI Workflow. Check out the link below! #DigitalMarketing #AI #GrowthHacking,#DigitalMarketing #AI #GrowthHacking,1790,2878,116,15,3,0,0,26,10,Saturday,5,1,2025-11,November,134,7.486033519553073,0.9034051424600417,0.16759776536312848,129,3,Positive
FA_0148,1,Facebook,2025-09-23,16:12:15,Link,Unpopular opinion about AI Workflow: Most teams are doing it wrong. Here is why... #MachineLearning #MarketingStrategy #Leadership #AI,#MachineLearning #MarketingStrategy #Leadership #AI,2045,2396,79,17,2,0,0,99,16,Tuesday,1,0,2025-09,September,98,4.792176039119805,4.131886477462437,0.09779951100244498,134,4,Negative
FA_0149,1,Facebook,2025-03-15,02:29:26,Image,Unpopular opinion about User Experience: Most teams are doing it wrong. Here is why... #Leadership #GrowthHacking,#Leadership #GrowthHacking,1275,1769,78,17,2,0,0,19,2,Saturday,5,1,2025-03,March,97,7.6078431372549025,1.0740531373657434,0.1568627450980392,113,2,Negative
FA_0150,1,Facebook,2025-08-08,11:27:02,Video,Case study alert: How we boosted results by 350% using Customer Engagement. #DataAnalytics,#DataAnalytics,6741,8759,515,28,67,0,5648,136,11,Friday,4,0,2025-08,August,610,9.049102507046431,1.552688663089394,0.9939178163477228,90,1,Positive
FA_0151,1,Facebook,2025-11-27,01:59:12,Video,Sunday motivation: Start your week with a fresh mindset on Executive Leadership. #AI #DataAnalytics #Leadership #StartupLife,#AI #DataAnalytics #Leadership #StartupLife,8098,8976,337,38,23,0,6636,251,1,Thursday,3,0,2025-11,November,398,4.914793776241047,2.7963458110516934,0.2840207458631761,124,4,Positive
FA_0152,1,Facebook,2025-02-07,00:36:27,Image,Mastering Customer Engagement in under 10 minutes. Read our full step-by-step guide now! #TechTrends #Coding,#TechTrends #Coding,3594,5213,161,30,4,0,0,132,0,Friday,4,0,2025-02,February,195,5.425709515859766,2.53213121043545,0.11129660545353368,108,2,Positive
FA_0153,1,Facebook,2025-09-19,07:23:53,Video,Top 5 actionable strategies for Cloud Scale in 2025. Save this post for later! #BusinessTips #Innovation #StartupLife,#BusinessTips #Innovation #StartupLife,4443,7852,152,15,21,0,2034,180,7,Friday,4,0,2025-09,September,188,4.231375196939005,2.292409577177789,0.4726536124240378,117,3,Positive
FA_0154,1,Facebook,2025-03-31,04:20:55,Video,Case study alert: How we boosted results by 350% using Data Analytics. #Leadership #GrowthHacking,#Leadership #GrowthHacking,7562,9690,319,63,42,0,5796,120,4,Monday,0,0,2025-03,March,424,5.606982279820153,1.238390092879257,0.5554086220576567,97,2,Positive
FA_0155,1,Facebook,2025-09-26,02:19:31,Carousel,Why AI Workflow matters more than ever for modern business growth. #Leadership #SocialMedia2025 #GrowthHacking #TechTrends,#General,1801,2179,119,27,12,0,0,28,2,Friday,4,0,2025-09,September,158,8.772903942254304,1.2849931161083066,0.6662965019433648,122,1,Positive
FA_0156,1,Facebook,2025-01-07,08:54:13,Link,Discover how Python Automation is transforming the industry! What are your thoughts? #MarketingStrategy #Productivity,#MarketingStrategy #Productivity,2490,4029,112,12,8,0,0,114,8,Tuesday,1,0,2025-01,January,132,5.301204819277109,2.8294862248696946,0.321285140562249,117,2,Positive
FA_0157,1,Facebook,2025-09-15,01:55:03,Carousel,Quick question for our community: How do you handle Data Analytics in your daily workflow? #AI #Leadership #DigitalMarketing #DesignThinking,#AI #Leadership #DigitalMarketing #DesignThinking,3679,4996,137,28,15,0,0,81,1,Monday,0,0,2025-09,September,180,4.892633867898886,1.621297037630104,0.40771948899157373,140,4,Neutral
FA_0158,1,Facebook,2025-04-11,19:53:58,Video,Mastering Social Media ROI in under 10 minutes. Read our full step-by-step guide now! #Coding,#Coding,8223,12705,506,26,32,0,6409,236,19,Friday,4,0,2025-04,April,564,6.8588106530463335,1.8575364029909485,0.3891523774778062,93,1,Positive
FA_0159,1,Facebook,2025-05-02,15:17:06,Image,Case study alert: How we boosted results by 350% using Social Media ROI. #AI #TechTrends #DataAnalytics,#AI #TechTrends #DataAnalytics,4892,6951,317,52,27,0,0,204,15,Friday,4,0,2025-05,May,396,8.094848732624694,2.93482952093224,0.5519215044971382,103,3,Positive
FA_0160,1,Facebook,2025-12-06,04:45:32,Link,Quick question for our community: How do you handle Brand Strategy in your daily workflow? #MachineLearning #Productivity #Coding #GrowthHacking,#MachineLearning #Productivity #Coding #GrowthHacking,837,1473,23,4,0,0,0,12,4,Saturday,5,1,2025-12,December,27,3.225806451612903,0.8146639511201629,0.0,144,4,Positive
FA_0161,1,Facebook,2025-07-03,07:33:35,Text,We are excited to announce our newest breakthrough in Customer Engagement. Check out the link below! #AI,#AI,1345,2142,75,6,9,0,0,23,7,Thursday,3,0,2025-07,July,90,6.691449814126393,1.0737628384687208,0.6691449814126395,104,1,Positive
FA_0162,1,Facebook,2025-01-26,10:52:49,Video,Case study alert: How we boosted results by 350% using Data Analytics. #Productivity #Leadership #SocialMedia2025 #MachineLearning,#Productivity #Leadership #SocialMedia2025 #MachineLearning,4642,7718,131,6,16,0,4137,76,10,Sunday,6,1,2025-01,January,153,3.2959931064196466,0.9847110650427572,0.34467901766479964,130,4,Positive
FA_0163,1,Facebook,2025-11-27,03:03:35,Link,Unpopular opinion about AI Workflow: Most teams are doing it wrong. Here is why... #AI,#AI,1347,1603,100,21,6,0,0,16,3,Thursday,3,0,2025-11,November,127,9.428359317000742,0.9981285090455396,0.4454342984409799,86,1,Negative
FA_0164,1,Facebook,2025-07-22,18:03:48,Text,Behind the scenes at our team workshop on Social Media ROI. Innovation starts here! #DataAnalytics #MarketingStrategy #DigitalMarketing,#DataAnalytics #MarketingStrategy #DigitalMarketing,1309,2002,74,13,6,0,0,70,18,Tuesday,1,0,2025-07,July,93,7.104660045836517,3.4965034965034967,0.4583651642475172,135,3,Positive
FA_0165,1,Facebook,2025-08-03,07:15:43,Carousel,Quick question for our community: How do you handle Content Marketing in your daily workflow? #BusinessTips,#BusinessTips,5783,7753,311,35,17,0,0,65,7,Sunday,6,1,2025-08,August,363,6.277018848348607,0.8383851412356508,0.29396507003285494,107,1,Neutral
FA_0166,1,Facebook,2025-05-24,02:07:59,Text,We are excited to announce our newest breakthrough in Cloud Scale. Check out the link below! #DesignThinking #Innovation #DataAnalytics,#DesignThinking #Innovation #DataAnalytics,2488,3200,171,39,4,0,0,148,2,Saturday,5,1,2025-05,May,214,8.60128617363344,4.625,0.1607717041800643,135,3,Positive
FA_0167,1,Facebook,2025-07-01,06:19:28,Carousel,Quick question for our community: How do you handle Brand Strategy in your daily workflow? #Coding #Innovation #TechTrends,#Coding #Innovation #TechTrends,4372,6532,136,33,18,0,0,151,6,Tuesday,1,0,2025-07,July,187,4.277218664226899,2.311696264543784,0.41171088746569073,122,3,Positive
FA_0168,1,Facebook,2025-04-30,21:54:21,Carousel,Sunday motivation: Start your week with a fresh mindset on Executive Leadership. #GrowthHacking,#GrowthHacking,2435,3900,182,39,11,0,0,27,21,Wednesday,2,0,2025-04,April,232,9.527720739219712,0.6923076923076923,0.4517453798767967,95,1,Positive
FA_0169,1,Facebook,2025-09-27,13:17:06,Link,Behind the scenes at our team workshop on Python Automation. Innovation starts here! #GrowthHacking,#GrowthHacking,4108,6624,189,33,15,0,0,106,13,Saturday,5,1,2025-09,September,237,5.769230769230769,1.60024154589372,0.36514118792599803,99,1,Positive
FA_0170,1,Facebook,2025-11-11,12:59:29,Carousel,We are excited to announce our newest breakthrough in Social Media ROI. Check out the link below! #DigitalMarketing #MachineLearning #Productivity #Coding,#DigitalMarketing #MachineLearning #Productivity #Coding,1138,1811,61,13,7,0,0,43,12,Tuesday,1,0,2025-11,November,81,7.117750439367311,2.374378796245168,0.6151142355008787,154,4,Positive
FA_0171,1,Facebook,2025-11-10,08:02:33,Image,Top 5 actionable strategies for Executive Leadership in 2025. Save this post for later! #GrowthHacking #MachineLearning,#GrowthHacking #MachineLearning,5314,6469,388,26,43,0,0,222,8,Monday,0,0,2025-11,November,457,8.599924727135868,3.431751429896429,0.8091832894241625,119,2,Positive
FA_0172,1,Facebook,2025-05-08,02:28:05,Image,Why Data Analytics matters more than ever for modern business growth. #BusinessTips,#BusinessTips,5249,9024,260,32,23,0,0,79,2,Thursday,3,0,2025-05,May,315,6.001143074871404,0.8754432624113475,0.4381787007048962,83,1,Positive
FA_0173,1,Facebook,2025-12-18,08:12:47,Image,Top 5 actionable strategies for Data Analytics in 2025. Save this post for later! #TechTrends #GrowthHacking #DigitalMarketing,#TechTrends #GrowthHacking #DigitalMarketing,1366,1861,87,13,11,0,0,20,8,Thursday,3,0,2025-12,December,111,8.125915080527086,1.07469102632993,0.8052708638360175,126,3,Positive
FA_0174,1,Facebook,2025-01-16,15:42:14,Video,Unpopular opinion about User Experience: Most teams are doing it wrong. Here is why... #MarketingStrategy #TechTrends #AI #GrowthHacking,#MarketingStrategy #TechTrends #AI #GrowthHacking,4215,6271,318,50,33,0,2312,62,15,Thursday,3,0,2025-01,January,401,9.513641755634639,0.9886780417796205,0.7829181494661922,136,4,Negative
FA_0175,1,Facebook,2025-01-28,13:08:14,Image,We are excited to announce our newest breakthrough in Customer Engagement. Check out the link below! #DataAnalytics #AI #TechTrends #Coding,#DataAnalytics #AI #TechTrends #Coding,8226,11775,221,45,17,0,0,450,13,Tuesday,1,0,2025-01,January,283,3.440311208363725,3.821656050955414,0.20666180403598344,139,4,Positive
FA_0176,1,Facebook,2025-07-09,13:53:16,Text,Unpopular opinion about Data Analytics: Most teams are doing it wrong. Here is why... #Leadership #Coding #DigitalMarketing,#Leadership #Coding #DigitalMarketing,3403,4103,210,14,22,0,0,171,13,Wednesday,2,0,2025-07,July,246,7.228915662650602,4.167682183767975,0.6464883925947693,123,3,Negative
FA_0177,1,Facebook,2025-02-01,14:05:38,Text,Top 5 actionable strategies for Cloud Scale in 2025. Save this post for later! #Innovation #DataAnalytics #Leadership #DigitalMarketing,#Innovation #DataAnalytics #Leadership #DigitalMarketing,4863,5467,263,40,24,0,0,287,14,Saturday,5,1,2025-02,February,327,6.7242442936458975,5.249679897567221,0.4935225169648365,135,4,Positive
FA_0178,1,Facebook,2025-03-27,07:42:52,Video,We are excited to announce our newest breakthrough in Data Analytics. Check out the link below! #AI #StartupLife #BusinessTips #DataAnalytics,#AI #StartupLife #BusinessTips #DataAnalytics,2988,5191,223,14,15,0,1788,78,7,Thursday,3,0,2025-03,March,252,8.433734939759036,1.5026006549797726,0.5020080321285141,141,4,Positive
FA_0179,1,Facebook,2025-12-25,22:41:05,Text,Sunday motivation: Start your week with a fresh mindset on AI Workflow. #MarketingStrategy #Coding #Innovation #DesignThinking,#MarketingStrategy #Coding #Innovation #DesignThinking,3404,5948,183,12,10,0,0,125,22,Thursday,3,0,2025-12,December,205,6.0223266745005875,2.101546738399462,0.2937720329024677,126,4,Positive
FA_0180,1,Facebook,2025-09-06,20:49:36,Image,Sunday motivation: Start your week with a fresh mindset on Social Media ROI. #BusinessTips #MarketingStrategy #Innovation,#BusinessTips #MarketingStrategy #Innovation,3877,5338,282,53,7,0,0,130,20,Saturday,5,1,2025-09,September,342,8.821253546556616,2.43536905207943,0.1805519731751354,121,3,Positive
FA_0181,1,Facebook,2025-06-05,11:19:16,Text,Why AI Workflow matters more than ever for modern business growth. #MarketingStrategy #DigitalMarketing,#MarketingStrategy #DigitalMarketing,1399,2252,78,5,6,0,0,77,11,Thursday,3,0,2025-06,June,89,6.36168691922802,3.4191829484902305,0.42887776983559683,103,2,Positive
FA_0182,1,Facebook,2025-07-11,02:02:47,Video,We are excited to announce our newest breakthrough in AI Workflow. Check out the link below! #MachineLearning #SocialMedia2025 #BusinessTips,#MachineLearning #SocialMedia2025 #BusinessTips,5146,7709,156,35,7,0,2206,59,2,Friday,4,0,2025-07,July,198,3.84764865915274,0.7653392139058244,0.1360279828993393,140,3,Positive
FA_0183,1,Facebook,2025-07-08,16:54:06,Image,Sunday motivation: Start your week with a fresh mindset on Data Analytics. #GrowthHacking #Leadership,#GrowthHacking #Leadership,5208,7458,276,32,35,0,0,119,16,Tuesday,1,0,2025-07,July,343,6.586021505376344,1.5956020380799143,0.6720430107526881,101,2,Positive
FA_0184,1,Facebook,2025-01-26,05:55:52,Video,Behind the scenes at our team workshop on Content Marketing. Innovation starts here! #StartupLife #DataAnalytics,#StartupLife #DataAnalytics,5057,8623,394,73,32,0,2357,94,5,Sunday,6,1,2025-01,January,499,9.867510381649199,1.0901078510959064,0.6327862368993474,112,2,Positive
FA_0185,1,Facebook,2025-06-06,23:24:05,Text,Case study alert: How we boosted results by 350% using Brand Strategy. #DigitalMarketing #DataAnalytics #Leadership #Coding,#DigitalMarketing #DataAnalytics #Leadership #Coding,1646,1928,83,15,10,0,0,47,23,Friday,4,0,2025-06,June,108,6.561360874848117,2.4377593360995853,0.6075334143377886,123,4,Positive
FA_0186,1,Facebook,2025-02-25,17:32:22,Link,Behind the scenes at our team workshop on Brand Strategy. Innovation starts here! #DigitalMarketing #StartupLife #MachineLearning,#DigitalMarketing #StartupLife #MachineLearning,1527,1936,35,7,4,0,0,46,17,Tuesday,1,0,2025-02,February,46,3.0124426981008514,2.37603305785124,0.26195153896529144,129,3,Positive
FA_0187,1,Facebook,2025-09-12,10:45:45,Text,Sunday motivation: Start your week with a fresh mindset on Python Automation. #MachineLearning #TechTrends #Innovation #Coding,#MachineLearning #TechTrends #Innovation #Coding,1471,2352,89,15,7,0,0,83,10,Friday,4,0,2025-09,September,111,7.545887151597553,3.52891156462585,0.4758667573079538,126,4,Positive
FA_0188,1,Facebook,2025-12-03,20:19:30,Image,Case study alert: How we boosted results by 350% using Executive Leadership. #MachineLearning #DigitalMarketing,#MachineLearning #DigitalMarketing,2223,3503,89,6,5,0,0,104,20,Wednesday,2,0,2025-12,December,100,4.49842555105713,2.9688838138738225,0.22492127755285649,111,2,Positive
FA_0189,1,Facebook,2025-05-14,21:19:11,Image,Sunday motivation: Start your week with a fresh mindset on Executive Leadership. #Productivity,#Productivity,5532,7913,175,12,18,0,0,201,21,Wednesday,2,0,2025-05,May,205,3.7057122198120034,2.540123846834323,0.32537960954446854,94,1,Positive
FA_0190,1,Facebook,2025-04-13,12:28:34,Carousel,We are excited to announce our newest breakthrough in Executive Leadership. Check out the link below! #GrowthHacking #Productivity,#GrowthHacking #Productivity,6034,9302,184,32,3,0,0,142,12,Sunday,6,1,2025-04,April,219,3.6294332117998014,1.526553429370028,0.04971826317533974,130,2,Positive
FA_0191,1,Facebook,2025-09-08,03:12:19,Text,No Caption Provided,#BusinessTips #Leadership #Coding #TechTrends,2727,4813,200,40,17,0,0,29,3,Monday,0,0,2025-09,September,257,9.424275760909424,0.6025348015790567,0.6233956729006234,19,4,Neutral
FA_0192,1,Facebook,2025-06-26,11:21:46,Text,Behind the scenes at our team workshop on Cloud Scale. Innovation starts here! #MarketingStrategy #AI #TechTrends,#MarketingStrategy #AI #TechTrends,1837,2689,94,12,10,0,0,30,11,Thursday,3,0,2025-06,June,116,6.314643440391943,1.1156563778356265,0.5443658138268916,113,3,Positive
FA_0193,1,Facebook,2025-03-26,14:41:13,Video,Sunday motivation: Start your week with a fresh mindset on Social Media ROI. #MachineLearning #TechTrends,#MachineLearning #TechTrends,2951,4715,199,24,20,0,2318,121,14,Wednesday,2,0,2025-03,March,243,8.234496780752288,2.5662778366914103,0.6777363605557438,105,2,Positive
FA_0194,1,Facebook,2025-01-11,01:45:22,Text,We are excited to announce our newest breakthrough in Executive Leadership. Check out the link below! #AI #SocialMedia2025 #DigitalMarketing #Leadership,#AI #SocialMedia2025 #DigitalMarketing #Leadership,2581,2855,116,8,10,0,0,106,1,Saturday,5,1,2025-01,January,134,5.191786129407207,3.7127845884413313,0.38744672607516467,152,4,Positive
FA_0195,1,Facebook,2025-09-19,22:29:22,Image,Case study alert: How we boosted results by 350% using AI Workflow. #DataAnalytics #Innovation #Coding #DigitalMarketing,#DataAnalytics #Innovation #Coding #DigitalMarketing,2279,3160,67,10,9,0,0,101,22,Friday,4,0,2025-09,September,86,3.7735849056603774,3.1962025316455693,0.39491004826678366,120,4,Positive
FA_0196,1,Facebook,2025-02-15,04:01:14,Text,Case study alert: How we boosted results by 350% using Social Media ROI. #DesignThinking,#DesignThinking,2704,4686,158,22,23,0,0,62,4,Saturday,5,1,2025-02,February,203,7.507396449704141,1.3230900554844216,0.8505917159763313,88,1,Positive
FA_0197,1,Facebook,2025-05-29,13:06:54,Link,Discover how Python Automation is transforming the industry! What are your thoughts? #AI,#AI,25708,34193,1893,456,103,0,0,1199,13,Thursday,3,0,2025-05,May,2452,9.537887039053992,3.5065656713362383,0.4006534930760853,88,1,Positive
FA_0198,1,Facebook,2025-07-24,16:37:19,Text,We are excited to announce our newest breakthrough in Executive Leadership. Check out the link below! #StartupLife #DesignThinking #MarketingStrategy #AI,#StartupLife #DesignThinking #MarketingStrategy #AI,550,967,16,2,1,0,0,27,16,Thursday,3,0,2025-07,July,19,3.4545454545454546,2.792140641158221,0.18181818181818182,153,4,Positive
FA_0199,1,Facebook,2025-07-03,22:15:31,Video,Top 5 actionable strategies for Executive Leadership in 2025. Save this post for later! #AI #BusinessTips #Leadership #TechTrends,#AI #BusinessTips #Leadership #TechTrends,3445,5488,209,42,19,0,2351,202,22,Thursday,3,0,2025-07,July,270,7.837445573294629,3.6807580174927113,0.5515239477503628,129,4,Positive
FA_0200,1,Facebook,2025-12-25,22:30:33,Video,Mastering Executive Leadership in under 10 minutes. Read our full step-by-step guide now! #StartupLife #Coding #Productivity,#StartupLife #Coding #Productivity,7594,13095,431,22,60,0,4957,254,22,Thursday,3,0,2025-12,December,513,6.755333157756123,1.93967163039328,0.7900974453515933,124,3,Positive
FA_0201,1,Facebook,2025-06-14,08:46:14,Link,Mastering Data Analytics in under 10 minutes. Read our full step-by-step guide now! #SocialMedia2025 #StartupLife,#SocialMedia2025 #StartupLife,841,1195,57,7,7,0,0,27,8,Saturday,5,1,2025-06,June,71,8.442330558858501,2.259414225941423,0.8323424494649228,113,2,Positive
FA_0202,1,Facebook,2025-02-22,14:41:19,Carousel,Top 5 actionable strategies for Cloud Scale in 2025. Save this post for later! #Productivity,#Productivity,10828,16743,794,128,83,0,0,355,14,Saturday,5,1,2025-02,February,1005,9.281492427041005,2.1202890760317743,0.7665312153675656,92,1,Positive
FA_0203,1,Facebook,2025-08-21,12:05:12,Carousel,Why User Experience matters more than ever for modern business growth. #MachineLearning #StartupLife #GrowthHacking #Coding,#MachineLearning #StartupLife #GrowthHacking #Coding,8773,11012,355,76,51,0,0,215,12,Thursday,3,0,2025-08,August,482,5.494129716174627,1.9524155466763533,0.581329077852502,123,4,Positive
FA_0204,1,Facebook,2025-03-26,17:55:42,Text,Top 5 actionable strategies for AI Workflow in 2025. Save this post for later! #Innovation #DataAnalytics #Productivity,#Innovation #DataAnalytics #Productivity,1632,2317,109,21,3,0,0,50,17,Wednesday,2,0,2025-03,March,133,8.14950980392157,2.157962883038412,0.1838235294117647,119,3,Positive
FA_0205,1,Facebook,2025-08-19,16:39:10,Carousel,Case study alert: How we boosted results by 350% using Social Media ROI. #TechTrends #SocialMedia2025 #MachineLearning #Coding,#TechTrends #SocialMedia2025 #MachineLearning #Coding,6155,8851,310,72,13,0,0,239,16,Tuesday,1,0,2025-08,August,395,6.417546709991877,2.700259857643204,0.21121039805036554,126,4,Positive
FA_0206,1,Facebook,2025-04-11,22:04:10,Carousel,Behind the scenes at our team workshop on Python Automation. Innovation starts here! #Innovation #MachineLearning #DesignThinking #DataAnalytics,#Innovation #MachineLearning #DesignThinking #DataAnalytics,2941,3840,200,15,19,0,0,159,22,Friday,4,0,2025-04,April,234,7.956477388643318,4.140625,0.6460387623257395,144,4,Positive
FA_0207,1,Facebook,2025-06-10,20:09:19,Video,We are excited to announce our newest breakthrough in Content Marketing. Check out the link below! #StartupLife #GrowthHacking #Coding,#StartupLife #GrowthHacking #Coding,9591,16984,481,90,29,0,4389,264,20,Tuesday,1,0,2025-06,June,600,6.255864873318736,1.5544041450777202,0.30236680221040557,134,3,Positive
FA_0208,1,Facebook,2025-08-02,19:26:19,Text,Mastering Data Analytics in under 10 minutes. Read our full step-by-step guide now! #TechTrends,#TechTrends,3938,4882,256,21,14,0,0,88,19,Saturday,5,1,2025-08,August,291,7.389537836465212,1.8025399426464563,0.35551041137633316,95,1,Positive
FA_0209,1,Facebook,2025-10-05,01:10:34,Text,Case study alert: How we boosted results by 350% using AI Workflow. #MachineLearning #StartupLife,#MachineLearning #StartupLife,2015,3340,124,23,3,0,0,58,1,Sunday,6,1,2025-10,October,150,7.444168734491314,1.7365269461077846,0.1488833746898263,97,2,Positive
FA_0210,1,Facebook,2025-10-10,01:57:31,Link,Quick question for our community: How do you handle Content Marketing in your daily workflow? #Productivity #DataAnalytics #StartupLife #MachineLearning,#Productivity #DataAnalytics #StartupLife #MachineLearning,1598,2432,106,25,6,0,0,30,1,Friday,4,0,2025-10,October,137,8.573216520650814,1.2335526315789473,0.37546933667083854,152,4,Neutral
FA_0211,1,Facebook,2025-09-21,04:20:43,Text,Behind the scenes at our team workshop on Customer Engagement. Innovation starts here! #MarketingStrategy #Coding #Innovation,#MarketingStrategy #Coding #Innovation,38270,43166,2897,490,349,0,0,1579,4,Sunday,6,1,2025-09,September,3736,9.76221583485759,3.6579715516841955,0.9119414685131957,125,3,Positive
FA_0212,1,Facebook,2025-10-09,13:02:14,Link,Top 5 actionable strategies for Cloud Scale in 2025. Save this post for later! #MarketingStrategy #SocialMedia2025,#MarketingStrategy #SocialMedia2025,1022,1512,45,5,6,0,0,44,13,Thursday,3,0,2025-10,October,56,5.47945205479452,2.91005291005291,0.5870841487279843,114,2,Positive
FA_0213,1,Facebook,2025-11-13,19:18:53,Carousel,Quick question for our community: How do you handle Data Analytics in your daily workflow? #StartupLife,#StartupLife,10237,15658,586,141,63,0,0,266,19,Thursday,3,0,2025-11,November,790,7.717104620494284,1.6988121088261592,0.6154146722672658,103,1,Neutral
FA_0214,1,Facebook,2025-10-04,10:17:50,Carousel,Unpopular opinion about Brand Strategy: Most teams are doing it wrong. Here is why... #Leadership #TechTrends #DigitalMarketing #StartupLife,#Leadership #TechTrends #DigitalMarketing #StartupLife,1253,1462,98,20,8,0,0,51,10,Saturday,5,1,2025-10,October,126,10.05586592178771,3.488372093023256,0.6384676775738228,140,4,Negative
FA_0215,1,Facebook,2025-12-17,15:26:41,Video,We are excited to announce our newest breakthrough in Cloud Scale. Check out the link below! #StartupLife #Productivity #AI #MachineLearning,#StartupLife #Productivity #AI #MachineLearning,6706,7554,163,13,8,0,2918,342,15,Wednesday,2,0,2025-12,December,184,2.7438115120787354,4.527402700555997,0.11929615269907547,140,4,Positive
FA_0216,1,Facebook,2025-07-27,15:45:57,Text,Sunday motivation: Start your week with a fresh mindset on AI Workflow. #StartupLife,#StartupLife,2776,3142,196,23,16,0,0,67,15,Sunday,6,1,2025-07,July,235,8.465417867435159,2.132399745385105,0.5763688760806917,84,1,Positive
FA_0217,1,Facebook,2025-08-13,13:53:12,Image,We are excited to announce our newest breakthrough in Executive Leadership. Check out the link below! #SocialMedia2025 #DataAnalytics,#SocialMedia2025 #DataAnalytics,6863,11630,258,45,15,0,0,372,13,Wednesday,2,0,2025-08,August,318,4.633542182718927,3.198624247635426,0.21856331050560981,133,2,Positive
FA_0218,1,Facebook,2025-06-01,20:09:11,Video,Sunday motivation: Start your week with a fresh mindset on AI Workflow. #TechTrends,#TechTrends,8168,14399,312,62,42,0,4671,250,20,Sunday,6,1,2025-06,June,416,5.093046033300686,1.736231682755747,0.514201762977473,83,1,Positive
FA_0219,1,Facebook,2025-04-24,22:27:36,Video,Sunday motivation: Start your week with a fresh mindset on AI Workflow. #StartupLife #DesignThinking,#StartupLife #DesignThinking,7796,13663,621,88,56,0,4251,104,22,Thursday,3,0,2025-04,April,765,9.812724474089277,0.7611798287345386,0.7183170856849667,100,2,Positive
FA_0220,1,Facebook,2025-06-19,13:00:10,Video,Quick question for our community: How do you handle AI Workflow in your daily workflow? #Innovation #AI #DataAnalytics,#Innovation #AI #DataAnalytics,5537,8646,341,27,31,0,4450,320,13,Thursday,3,0,2025-06,June,399,7.206068268015171,3.7011334721258384,0.5598699656853892,118,3,Positive
FA_0221,1,Facebook,2025-12-31,23:19:55,Link,Why Social Media ROI matters more than ever for modern business growth. #Coding #Leadership #Productivity,#Coding #Leadership #Productivity,1012,1504,30,5,3,0,0,53,23,Wednesday,2,0,2025-12,December,38,3.7549407114624502,3.5239361702127656,0.2964426877470355,105,3,Positive
FA_0222,1,Facebook,2025-11-17,02:47:02,Image,Sunday motivation: Start your week with a fresh mindset on Cloud Scale. #Productivity,#Productivity,4278,5342,94,9,12,0,0,158,2,Monday,0,0,2025-11,November,115,2.6881720430107525,2.9576937476600524,0.2805049088359046,85,1,Positive
FA_0223,1,Facebook,2025-10-29,10:35:41,Carousel,Quick question for our community: How do you handle Cloud Scale in your daily workflow? #BusinessTips,#BusinessTips,5014,8491,342,59,14,0,0,179,10,Wednesday,2,0,2025-10,October,415,8.27682489030714,2.108114474149099,0.2792181890706023,101,1,Neutral
FA_0224,1,Facebook,2025-12-04,05:19:22,Text,Why Brand Strategy matters more than ever for modern business growth. #DataAnalytics,#DataAnalytics,1216,1536,73,11,8,0,0,35,5,Thursday,3,0,2025-12,December,92,7.565789473684211,2.278645833333333,0.6578947368421052,84,1,Positive
FA_0225,1,Facebook,2025-11-29,11:47:56,Carousel,We are excited to announce our newest breakthrough in Customer Engagement. Check out the link below! #Innovation #SocialMedia2025 #Coding,#Innovation #SocialMedia2025 #Coding,3172,4794,234,15,12,0,0,185,11,Saturday,5,1,2025-11,November,261,8.228247162673393,3.8589904046725074,0.37831021437578816,137,3,Positive
FA_0226,1,Facebook,2025-06-26,17:43:33,Carousel,Unpopular opinion about Data Analytics: Most teams are doing it wrong. Here is why... #Leadership #MarketingStrategy,#Leadership #MarketingStrategy,4889,6101,152,18,17,0,0,77,17,Thursday,3,0,2025-06,June,187,3.8249130701574963,1.2620881822652026,0.34771937001431785,116,2,Negative
FA_0227,1,Facebook,2025-09-04,17:25:59,Carousel,Sunday motivation: Start your week with a fresh mindset on Social Media ROI. #TechTrends #DataAnalytics #Coding #MarketingStrategy,#TechTrends #DataAnalytics #Coding #MarketingStrategy,1593,2323,117,9,4,0,0,89,17,Thursday,3,0,2025-09,September,130,8.160703075957313,3.8312526904864397,0.25109855618330196,130,4,Positive
FA_0228,1,Facebook,2025-11-23,00:40:40,Link,Why AI Workflow matters more than ever for modern business growth. #Leadership #Innovation,#Leadership #Innovation,684,1149,38,7,4,0,0,13,0,Sunday,6,1,2025-11,November,49,7.163742690058479,1.1314186248912097,0.5847953216374269,90,2,Positive
FA_0229,1,Facebook,2025-06-25,16:30:37,Image,Unpopular opinion about Content Marketing: Most teams are doing it wrong. Here is why... #BusinessTips #MarketingStrategy #AI #TechTrends,#BusinessTips #MarketingStrategy #AI #TechTrends,4959,7830,345,59,14,0,0,273,16,Wednesday,2,0,2025-06,June,418,8.42911877394636,3.486590038314176,0.28231498285944745,137,4,Negative
FA_0230,1,Facebook,2025-03-02,03:23:34,Video,Mastering User Experience in under 10 minutes. Read our full step-by-step guide now! #Coding,#Coding,3900,4408,201,19,24,0,3099,113,3,Sunday,6,1,2025-03,March,244,6.256410256410256,2.5635208711433757,0.6153846153846154,92,1,Positive
FA_0231,1,Facebook,2025-12-23,20:58:33,Video,Sunday motivation: Start your week with a fresh mindset on Customer Engagement. #DesignThinking #DataAnalytics #AI #DigitalMarketing,#DesignThinking #DataAnalytics #AI #DigitalMarketing,6548,8069,409,85,38,0,3004,67,20,Tuesday,1,0,2025-12,December,532,8.124618204031766,0.8303383318874705,0.5803298717165547,132,4,Positive
FA_0232,1,Facebook,2025-07-05,03:52:50,Carousel,Sunday motivation: Start your week with a fresh mindset on Customer Engagement. #Productivity #SocialMedia2025 #BusinessTips,#Productivity #SocialMedia2025 #BusinessTips,2505,3948,163,21,19,0,0,85,3,Saturday,5,1,2025-07,July,203,8.10379241516966,2.1529888551165146,0.7584830339321358,124,3,Positive
FA_0233,1,Facebook,2025-06-07,21:01:53,Text,Unpopular opinion about Social Media ROI: Most teams are doing it wrong. Here is why... #MachineLearning,#MachineLearning,4084,4954,134,17,8,0,0,153,21,Saturday,5,1,2025-06,June,159,3.8932419196865817,3.088413403310456,0.1958863858961802,104,1,Negative
FA_0234,1,Facebook,2025-11-22,00:11:33,Video,Quick question for our community: How do you handle Executive Leadership in your daily workflow? #AI #Coding #DigitalMarketing #DataAnalytics,#AI #Coding #DigitalMarketing #DataAnalytics,1205,1649,95,16,8,0,910,48,0,Saturday,5,1,2025-11,November,119,9.87551867219917,2.9108550636749544,0.6639004149377593,141,4,Neutral
FA_0235,1,Facebook,2025-08-13,00:23:23,Carousel,Sunday motivation: Start your week with a fresh mindset on Customer Engagement. #TechTrends #DesignThinking,#TechTrends #DesignThinking,5245,8028,317,38,33,0,0,308,0,Wednesday,2,0,2025-08,August,388,7.397521448999046,3.8365719980069755,0.6291706387035272,107,2,Positive
FA_0236,1,Facebook,2025-12-09,14:23:12,Video,Top 5 actionable strategies for Cloud Scale in 2025. Save this post for later! #MachineLearning,#MachineLearning,8324,13387,445,74,29,0,6723,177,14,Tuesday,1,0,2025-12,December,548,6.583373378183566,1.3221782326137297,0.34839019702066315,95,1,Positive
FA_0237,1,Facebook,2025-01-03,09:30:23,Carousel,Behind the scenes at our team workshop on AI Workflow. Innovation starts here! #SocialMedia2025,#SocialMedia2025,1478,2156,52,8,6,0,0,33,9,Friday,4,0,2025-01,January,66,4.465493910690121,1.530612244897959,0.40595399188092013,95,1,Positive
FA_0238,1,Facebook,2025-05-05,12:22:00,Text,Top 5 actionable strategies for Executive Leadership in 2025. Save this post for later! #Leadership,#Leadership,2488,4110,82,15,10,0,0,76,12,Monday,0,0,2025-05,May,107,4.30064308681672,1.8491484184914844,0.40192926045016075,99,1,Positive
FA_0239,1,Facebook,2025-05-15,09:02:19,Text,We are excited to announce our newest breakthrough in Brand Strategy. Check out the link below! #SocialMedia2025,#SocialMedia2025,1505,2597,54,12,5,0,0,83,9,Thursday,3,0,2025-05,May,71,4.717607973421927,3.195995379283789,0.33222591362126247,112,1,Positive
FA_0240,1,Facebook,2025-05-16,07:31:42,Video,Top 5 actionable strategies for User Experience in 2025. Save this post for later! #MarketingStrategy #DesignThinking #AI,#MarketingStrategy #DesignThinking #AI,6374,9971,362,73,32,0,2684,217,7,Friday,4,0,2025-05,May,467,7.326639472858487,2.1763113027780565,0.5020395356134295,121,3,Positive
FA_0241,1,Facebook,2025-10-22,10:00:09,Carousel,Discover how Customer Engagement is transforming the industry! What are your thoughts? #DataAnalytics #DesignThinking #Innovation #MarketingStrategy,#DataAnalytics #DesignThinking #Innovation #MarketingStrategy,3462,6085,76,9,10,0,0,168,10,Wednesday,2,0,2025-10,October,95,2.7440785673021373,2.76088742810189,0.28885037550548814,148,4,Positive
FA_0242,1,Facebook,2025-06-11,00:18:23,Video,Quick question for our community: How do you handle Python Automation in your daily workflow? #GrowthHacking,#GrowthHacking,3003,4456,102,14,10,0,1750,104,0,Wednesday,2,0,2025-06,June,126,4.195804195804196,2.333931777378815,0.333000333000333,108,1,Positive
FA_0243,1,Facebook,2025-07-25,10:10:51,Carousel,No Caption Provided,#Productivity #AI,4318,7338,137,28,15,0,0,145,10,Friday,4,0,2025-07,July,180,4.168596572487263,1.9760152630144454,0.3473830477072719,19,2,Neutral
FA_0244,1,Facebook,2025-11-19,18:49:25,Link,Discover how Executive Leadership is transforming the industry! What are your thoughts? #DigitalMarketing #SocialMedia2025 #Innovation,#DigitalMarketing #SocialMedia2025 #Innovation,3030,3460,208,30,21,0,0,98,18,Wednesday,2,0,2025-11,November,259,8.547854785478549,2.832369942196532,0.6930693069306931,134,3,Positive
FA_0245,1,Facebook,2025-05-12,12:31:47,Image,Case study alert: How we boosted results by 350% using Brand Strategy. #Innovation #Coding,#Innovation #Coding,6739,9088,406,59,46,0,0,367,12,Monday,0,0,2025-05,May,511,7.582727407627245,4.038292253521127,0.6825938566552902,90,2,Positive
FA_0246,1,Facebook,2025-03-16,06:06:04,Link,Quick question for our community: How do you handle Python Automation in your daily workflow? #Productivity #AI #Coding #MarketingStrategy,#Productivity #AI #Coding #MarketingStrategy,1040,1356,37,6,2,0,0,33,6,Sunday,6,1,2025-03,March,45,4.326923076923077,2.433628318584071,0.19230769230769232,138,4,Neutral
FA_0247,1,Facebook,2025-08-19,15:04:22,Image,Top 5 actionable strategies for Social Media ROI in 2025. Save this post for later! #StartupLife #DigitalMarketing,#StartupLife #DigitalMarketing,2469,2881,188,27,5,0,0,119,15,Tuesday,1,0,2025-08,August,220,8.910490076954233,4.130510239500174,0.2025111381125962,114,2,Positive
FA_0248,1,Facebook,2025-11-13,05:39:12,Text,Behind the scenes at our team workshop on Customer Engagement. Innovation starts here! #DataAnalytics #MachineLearning,#DataAnalytics #MachineLearning,769,1129,23,1,1,0,0,42,5,Thursday,3,0,2025-11,November,25,3.2509752925877766,3.720106288751107,0.13003901170351106,118,2,Positive
FA_0249,1,Facebook,2025-05-20,19:58:18,Carousel,Mastering Social Media ROI in under 10 minutes. Read our full step-by-step guide now! #StartupLife #MachineLearning #Coding #Innovation,#StartupLife #MachineLearning #Coding #Innovation,7566,9962,308,48,38,0,0,242,19,Tuesday,1,0,2025-05,May,394,5.20750726936294,2.429231078096768,0.5022468939994713,135,4,Positive
FA_0250,1,Facebook,2025-01-01,19:03:12,Video,Why Brand Strategy matters more than ever for modern business growth. #Leadership #SocialMedia2025 #TechTrends,#Leadership #SocialMedia2025 #TechTrends,7411,8199,339,36,16,0,2991,212,19,Wednesday,2,0,2025-01,January,391,5.275941168533262,2.5856811806317843,0.2158952907839698,110,3,Positive
FA_0251,1,Facebook,2025-03-25,23:31:11,Text,Unpopular opinion about Content Marketing: Most teams are doing it wrong. Here is why... #AI #BusinessTips #StartupLife,#AI #BusinessTips #StartupLife,2951,4512,181,18,18,0,0,107,23,Tuesday,1,0,2025-03,March,217,7.35343951202982,2.37145390070922,0.6099627245001694,119,3,Negative
FA_0252,1,Facebook,2025-03-11,10:32:37,Text,Unpopular opinion about User Experience: Most teams are doing it wrong. Here is why... #DigitalMarketing #MachineLearning #Innovation #Leadership,#General,852,1515,18,4,1,0,0,13,10,Tuesday,1,0,2025-03,March,23,2.699530516431925,0.8580858085808581,0.11737089201877934,145,1,Negative
FA_0253,1,Facebook,2025-01-08,17:58:14,Text,Quick question for our community: How do you handle Customer Engagement in your daily workflow? #GrowthHacking #Leadership #MachineLearning #TechTrends,#GrowthHacking #Leadership #MachineLearning #TechTrends,2791,3355,100,12,9,0,0,53,17,Wednesday,2,0,2025-01,January,121,4.335363668935866,1.5797317436661698,0.32246506628448585,151,4,Positive
FA_0254,1,Facebook,2025-01-07,04:26:25,Video,Why Python Automation matters more than ever for modern business growth. #DataAnalytics #MachineLearning #TechTrends #Coding,#DataAnalytics #MachineLearning #TechTrends #Coding,1661,2601,53,6,7,0,1441,29,4,Tuesday,1,0,2025-01,January,66,3.9735099337748347,1.114955786236063,0.4214328717639976,124,4,Positive
FA_0255,1,Facebook,2025-03-04,09:13:22,Link,Unpopular opinion about Content Marketing: Most teams are doing it wrong. Here is why... #Coding #TechTrends #StartupLife,#Coding #TechTrends #StartupLife,843,1183,17,3,1,0,0,25,9,Tuesday,1,0,2025-03,March,21,2.491103202846975,2.113271344040575,0.11862396204033215,121,3,Negative
FA_0256,1,Facebook,2025-12-20,17:18:14,Video,We are excited to announce our newest breakthrough in Brand Strategy. Check out the link below! #DataAnalytics,#DataAnalytics,6456,8630,504,101,14,0,3730,114,17,Saturday,5,1,2025-12,December,619,9.587980173482032,1.320973348783314,0.21685254027261464,110,1,Positive
FA_0257,1,Facebook,2025-06-12,20:19:44,Link,Mastering Executive Leadership in under 10 minutes. Read our full step-by-step guide now! #TechTrends #MachineLearning,#TechTrends #MachineLearning,929,1606,45,6,2,0,0,41,20,Thursday,3,0,2025-06,June,53,5.705059203444564,2.5529265255292652,0.2152852529601722,118,2,Positive
FA_0258,1,Facebook,2025-08-28,10:01:27,Carousel,We are excited to announce our newest breakthrough in Cloud Scale. Check out the link below! #AI #SocialMedia2025,#AI #SocialMedia2025,6029,8917,284,58,24,0,0,281,10,Thursday,3,0,2025-08,August,366,6.070658483994029,3.1512840641471347,0.3980759661635429,113,2,Positive
FA_0259,1,Facebook,2025-11-14,08:41:38,Image,Case study alert: How we boosted results by 350% using Cloud Scale. #DataAnalytics #SocialMedia2025 #StartupLife #Leadership,#DataAnalytics #SocialMedia2025 #StartupLife #Leadership,1916,2657,75,5,7,0,0,23,8,Friday,4,0,2025-11,November,87,4.54070981210856,0.8656379375235227,0.36534446764091855,124,4,Positive
FA_0260,1,Facebook,2025-02-24,17:40:18,Image,Sunday motivation: Start your week with a fresh mindset on User Experience. #StartupLife #Leadership #SocialMedia2025 #Innovation,#StartupLife #Leadership #SocialMedia2025 #Innovation,2320,3536,56,13,2,0,0,80,17,Monday,0,0,2025-02,February,71,3.060344827586207,2.262443438914027,0.08620689655172414,129,4,Positive
FA_0261,1,Facebook,2025-02-01,13:08:27,Text,Sunday motivation: Start your week with a fresh mindset on Brand Strategy. #Productivity,#Productivity,764,878,29,6,4,0,0,11,13,Saturday,5,1,2025-02,February,39,5.104712041884817,1.2528473804100226,0.5235602094240838,88,1,Positive
FA_0262,1,Facebook,2025-09-27,23:54:58,Video,Sunday motivation: Start your week with a fresh mindset on Cloud Scale. #MachineLearning #AI #DesignThinking #StartupLife,#MachineLearning #AI #DesignThinking #StartupLife,4615,7225,336,28,14,0,2772,124,23,Saturday,5,1,2025-09,September,378,8.19068255687974,1.7162629757785468,0.30335861321776814,121,4,Positive
FA_0263,1,Facebook,2025-06-30,11:28:27,Link,Quick question for our community: How do you handle Brand Strategy in your daily workflow? #DesignThinking #StartupLife #BusinessTips #MachineLearning,#DesignThinking #StartupLife #BusinessTips #MachineLearning,1638,2047,108,25,5,0,0,95,11,Monday,0,0,2025-06,June,138,8.424908424908425,4.6409379579872985,0.3052503052503053,150,4,Neutral
FA_0264,1,Facebook,2025-05-26,21:41:27,Video,Unpopular opinion about Customer Engagement: Most teams are doing it wrong. Here is why... #DigitalMarketing,#DigitalMarketing,5367,8802,411,88,57,0,3518,206,21,Monday,0,0,2025-05,May,556,10.359604993478666,2.3403771870029537,1.0620458356623812,108,1,Negative
FA_0265,1,Facebook,2025-03-21,05:02:21,Carousel,Behind the scenes at our team workshop on Content Marketing. Innovation starts here! #DigitalMarketing #DesignThinking,#DigitalMarketing #DesignThinking,3310,5767,212,41,26,0,0,61,5,Friday,4,0,2025-03,March,279,8.429003021148036,1.0577423270331194,0.785498489425982,118,2,Positive
FA_0266,1,Facebook,2025-02-18,21:40:18,Image,Quick question for our community: How do you handle User Experience in your daily workflow? #AI #DesignThinking #TechTrends #GrowthHacking,#AI #DesignThinking #TechTrends #GrowthHacking,4123,7220,112,22,13,0,0,216,21,Tuesday,1,0,2025-02,February,147,3.5653650254668934,2.9916897506925206,0.3153043900072763,138,4,Positive
FA_0267,1,Facebook,2025-01-28,11:05:48,Link,Unpopular opinion about Cloud Scale: Most teams are doing it wrong. Here is why... #GrowthHacking #SocialMedia2025,#GrowthHacking #SocialMedia2025,1906,3427,149,29,14,0,0,27,11,Tuesday,1,0,2025-01,January,192,10.073452256033578,0.7878611030055441,0.7345225603357817,114,2,Negative
FA_0268,1,Facebook,2025-06-22,03:00:19,Image,Mastering Cloud Scale in under 10 minutes. Read our full step-by-step guide now! #DigitalMarketing #AI #BusinessTips #SocialMedia2025,#DigitalMarketing #AI #BusinessTips #SocialMedia2025,1173,1401,62,9,6,0,0,23,3,Sunday,6,1,2025-06,June,77,6.564364876385337,1.641684511063526,0.5115089514066496,133,4,Positive
FA_0269,1,Facebook,2025-02-06,09:41:38,Link,Mastering User Experience in under 10 minutes. Read our full step-by-step guide now! #AI,#AI,1116,1478,62,3,3,0,0,66,9,Thursday,3,0,2025-02,February,68,6.093189964157706,4.465493910690121,0.2688172043010753,88,1,Positive
FA_0270,1,Facebook,2025-03-16,16:02:12,Video,Top 5 actionable strategies for Content Marketing in 2025. Save this post for later! #MarketingStrategy #DesignThinking #MachineLearning,#MarketingStrategy #DesignThinking #MachineLearning,1341,2365,101,22,12,0,545,59,16,Sunday,6,1,2025-03,March,135,10.06711409395973,2.4947145877378434,0.8948545861297539,136,3,Positive
FA_0271,1,Facebook,2025-04-18,19:35:17,Carousel,We are excited to announce our newest breakthrough in Cloud Scale. Check out the link below! #SocialMedia2025 #Leadership #Innovation,#SocialMedia2025 #Leadership #Innovation,7856,10712,584,90,31,0,0,102,19,Friday,4,0,2025-04,April,705,8.974032586558046,0.9522031366691561,0.39460285132382894,133,3,Positive
FA_0272,1,Facebook,2025-08-27,23:50:20,Image,Quick question for our community: How do you handle Python Automation in your daily workflow? #StartupLife #Productivity #Coding,#StartupLife #Productivity #Coding,632,1078,37,3,2,0,0,37,23,Wednesday,2,0,2025-08,August,42,6.645569620253164,3.4322820037105752,0.31645569620253167,128,3,Neutral
FA_0273,1,Facebook,2025-09-30,03:12:17,Carousel,Unpopular opinion about Executive Leadership: Most teams are doing it wrong. Here is why... #TechTrends,#TechTrends,2695,3888,174,9,18,0,0,74,3,Tuesday,1,0,2025-09,September,201,7.458256029684601,1.9032921810699588,0.6679035250463822,103,1,Negative
FA_0274,1,Facebook,2025-05-22,02:15:27,Text,Mastering Data Analytics in under 10 minutes. Read our full step-by-step guide now! #DataAnalytics #MarketingStrategy #GrowthHacking,#DataAnalytics #MarketingStrategy #GrowthHacking,644,880,49,8,4,0,0,13,2,Thursday,3,0,2025-05,May,61,9.472049689440993,1.4772727272727273,0.6211180124223602,132,3,Positive
FA_0275,1,Facebook,2025-11-06,11:59:20,Video,Unpopular opinion about Content Marketing: Most teams are doing it wrong. Here is why... #Innovation #SocialMedia2025,#Innovation #SocialMedia2025,3402,5421,174,13,26,0,3020,58,11,Thursday,3,0,2025-11,November,213,6.261022927689594,1.0699133001291274,0.7642563198118754,117,2,Negative
FA_0276,1,Facebook,2025-10-13,19:24:16,Image,Discover how Social Media ROI is transforming the industry! What are your thoughts? #Productivity #MarketingStrategy #MachineLearning,#Productivity #MarketingStrategy #MachineLearning,7493,10413,334,46,47,0,0,409,19,Monday,0,0,2025-10,October,427,5.698652075270252,3.927782579467973,0.627252101961831,133,3,Positive
FA_0277,1,Facebook,2025-02-24,04:47:21,Carousel,Unpopular opinion about User Experience: Most teams are doing it wrong. Here is why... #Innovation #Coding #Productivity,#Innovation #Coding #Productivity,2216,2478,54,11,2,0,0,115,4,Monday,0,0,2025-02,February,67,3.023465703971119,4.6408393866020985,0.09025270758122744,120,3,Negative
FA_0278,1,Facebook,2025-07-18,17:53:34,Video,Discover how Content Marketing is transforming the industry! What are your thoughts? #TechTrends #BusinessTips,#TechTrends #BusinessTips,8596,10794,518,46,24,0,4199,496,17,Friday,4,0,2025-07,July,588,6.840390879478828,4.59514545117658,0.2791996277338297,110,2,Positive
FA_0279,1,Facebook,2025-08-23,08:59:06,Image,Sunday motivation: Start your week with a fresh mindset on User Experience. #MachineLearning #GrowthHacking #BusinessTips #Innovation,#MachineLearning #GrowthHacking #BusinessTips #Innovation,3092,5296,207,31,16,0,0,158,8,Saturday,5,1,2025-08,August,254,8.214747736093143,2.983383685800604,0.517464424320828,133,4,Positive
FA_0280,1,Facebook,2025-07-22,01:25:44,Carousel,Mastering Data Analytics in under 10 minutes. Read our full step-by-step guide now! #DigitalMarketing #Leadership,#DigitalMarketing #Leadership,5733,7453,171,18,23,0,0,255,1,Tuesday,1,0,2025-07,July,212,3.697889412175127,3.421441030457534,0.40118611547182975,113,2,Positive
FA_0281,1,Facebook,2025-02-16,18:13:42,Carousel,Quick question for our community: How do you handle Cloud Scale in your daily workflow? #BusinessTips #Coding,#BusinessTips #Coding,2923,4423,183,16,14,0,0,65,18,Sunday,6,1,2025-02,February,213,7.287033869312351,1.4695907754917477,0.4789599726308587,109,2,Neutral
FA_0282,1,Facebook,2025-03-05,03:19:12,Text,Mastering Brand Strategy in under 10 minutes. Read our full step-by-step guide now! #SocialMedia2025,#SocialMedia2025,3519,5378,104,16,2,0,0,65,3,Wednesday,2,0,2025-03,March,122,3.4668940039784033,1.2086277426552623,0.05683432793407218,100,1,Positive
FA_0283,1,Facebook,2025-03-25,05:15:53,Image,Why Python Automation matters more than ever for modern business growth. #DigitalMarketing #MachineLearning #DesignThinking,#DigitalMarketing #MachineLearning #DesignThinking,1418,2451,110,5,13,0,0,15,5,Tuesday,1,0,2025-03,March,128,9.026798307475318,0.6119951040391677,0.9167842031029618,123,3,Positive
FA_0284,1,Facebook,2025-11-08,17:57:59,Carousel,Sunday motivation: Start your week with a fresh mindset on Executive Leadership. #BusinessTips #Leadership #AI #Innovation,#BusinessTips #Leadership #AI #Innovation,35752,55059,2474,226,108,0,0,455,17,Saturday,5,1,2025-11,November,2808,7.85410606399642,0.8263862402150421,0.30208100246140074,122,4,Positive
FA_0285,1,Facebook,2025-10-23,21:57:53,Image,We are excited to announce our newest breakthrough in Data Analytics. Check out the link below! #BusinessTips,#BusinessTips,2989,4670,185,30,17,0,0,174,21,Thursday,3,0,2025-10,October,232,7.761793241886919,3.7259100642398284,0.5687520910003346,109,1,Positive
FA_0286,1,Facebook,2025-06-03,11:45:12,Text,Why AI Workflow matters more than ever for modern business growth. #Productivity #SocialMedia2025 #AI #DigitalMarketing,#Productivity #SocialMedia2025 #AI #DigitalMarketing,2610,3372,134,20,14,0,0,105,11,Tuesday,1,0,2025-06,June,168,6.436781609195402,3.113879003558719,0.5363984674329502,119,4,Positive
FA_0287,1,Facebook,2025-02-14,17:36:34,Carousel,Case study alert: How we boosted results by 350% using Customer Engagement. #Innovation #Productivity #GrowthHacking #DigitalMarketing,#Innovation #Productivity #GrowthHacking #DigitalMarketing,4758,8321,270,40,30,0,0,165,17,Friday,4,0,2025-02,February,340,7.145859604875998,1.982934743420262,0.6305170239596469,134,4,Positive
FA_0288,1,Facebook,2025-05-29,07:02:49,Image,Unpopular opinion about Executive Leadership: Most teams are doing it wrong. Here is why... #MachineLearning,#MachineLearning,5395,7498,215,34,22,0,0,56,7,Thursday,3,0,2025-05,May,271,5.023169601482855,0.7468658308882369,0.4077849860982391,108,1,Negative
FA_0289,1,Facebook,2025-06-07,10:55:58,Link,Quick question for our community: How do you handle Data Analytics in your daily workflow? #StartupLife,#StartupLife,2030,3108,44,3,2,0,0,54,10,Saturday,5,1,2025-06,June,49,2.413793103448276,1.7374517374517375,0.09852216748768472,103,1,Neutral
FA_0290,1,Facebook,2025-11-27,04:56:33,Text,Discover how Cloud Scale is transforming the industry! What are your thoughts? #Leadership #DesignThinking #BusinessTips,#Leadership #DesignThinking #BusinessTips,1329,2136,51,8,2,0,0,58,4,Thursday,3,0,2025-11,November,61,4.5899172310007526,2.715355805243446,0.15048908954100826,120,3,Positive
FA_0291,1,Facebook,2025-03-18,10:12:40,Link,Mastering Python Automation in under 10 minutes. Read our full step-by-step guide now! #Innovation #Coding,#Innovation #Coding,553,911,21,4,2,0,0,13,10,Tuesday,1,0,2025-03,March,27,4.882459312839059,1.4270032930845227,0.3616636528028933,106,2,Positive
FA_0292,1,Facebook,2025-06-04,07:52:09,Video,Unpopular opinion about AI Workflow: Most teams are doing it wrong. Here is why... #DesignThinking #TechTrends #Coding,#DesignThinking #TechTrends #Coding,4494,5021,220,33,9,0,3873,209,7,Wednesday,2,0,2025-06,June,262,5.829995549621718,4.162517426807409,0.20026702269692925,118,3,Negative
FA_0293,1,Facebook,2025-02-20,18:47:32,Video,Mastering Content Marketing in under 10 minutes. Read our full step-by-step guide now! #Leadership,#Leadership,7981,8802,606,113,58,0,3539,266,18,Thursday,3,0,2025-02,February,777,9.735622102493421,3.0220404453533285,0.7267259741886981,98,1,Positive
FA_0294,1,Facebook,2025-06-09,00:49:06,Link,Behind the scenes at our team workshop on Content Marketing. Innovation starts here! #DataAnalytics #Coding #DigitalMarketing,#DataAnalytics #Coding #DigitalMarketing,2147,3370,78,6,2,0,0,124,0,Monday,0,0,2025-06,June,86,4.005589194224499,3.6795252225519293,0.09315323707498836,125,3,Positive
FA_0295,1,Facebook,2025-10-09,11:35:44,Link,Behind the scenes at our team workshop on User Experience. Innovation starts here! #MarketingStrategy #AI,#MarketingStrategy #AI,1093,1541,30,4,3,0,0,16,11,Thursday,3,0,2025-10,October,37,3.385178408051235,1.0382868267358858,0.2744739249771272,105,2,Positive
FA_0296,1,Facebook,2025-11-02,21:34:53,Text,Case study alert: How we boosted results by 350% using User Experience. #DigitalMarketing #GrowthHacking #DataAnalytics,#DigitalMarketing #GrowthHacking #DataAnalytics,5210,8518,281,19,34,0,0,234,21,Sunday,6,1,2025-11,November,334,6.410748560460652,2.747123737966659,0.6525911708253359,119,3,Positive
FA_0297,1,Facebook,2025-08-27,17:07:55,Video,We are excited to announce our newest breakthrough in Social Media ROI. Check out the link below! #Coding #GrowthHacking #BusinessTips,#Coding #GrowthHacking #BusinessTips,6287,10387,458,64,10,0,4009,173,17,Wednesday,2,0,2025-08,August,532,8.461905519325592,1.665543467796284,0.1590583744234134,134,3,Positive
FA_0298,1,Facebook,2025-11-06,20:55:24,Image,Case study alert: How we boosted results by 350% using Python Automation. #GrowthHacking,#GrowthHacking,6830,10060,300,39,30,0,0,255,20,Thursday,3,0,2025-11,November,369,5.402635431918009,2.5347912524850895,0.43923865300146414,88,1,Positive
FA_0299,1,Facebook,2025-12-22,21:30:59,Text,We are excited to announce our newest breakthrough in User Experience. Check out the link below! #SocialMedia2025 #MachineLearning #DataAnalytics,#SocialMedia2025 #MachineLearning #DataAnalytics,952,1667,51,7,4,0,0,31,21,Monday,0,0,2025-12,December,62,6.512605042016808,1.859628074385123,0.42016806722689076,145,3,Positive
FA_0300,1,Facebook,2025-07-27,02:32:03,Carousel,Discover how Python Automation is transforming the industry! What are your thoughts? #Leadership #StartupLife #Productivity,#Leadership #StartupLife #Productivity,6014,10350,446,79,8,0,0,104,2,Sunday,6,1,2025-07,July,533,8.862653807781843,1.0048309178743962,0.13302294645826404,123,3,Positive
FA_0301,1,Facebook,2025-10-23,16:16:50,Link,Quick question for our community: How do you handle Customer Engagement in your daily workflow? #Coding #BusinessTips #MachineLearning,#Coding #BusinessTips #MachineLearning,1686,2576,88,18,11,0,0,22,16,Thursday,3,0,2025-10,October,117,6.93950177935943,0.8540372670807453,0.6524317912218268,134,3,Neutral
FA_0302,1,Facebook,2025-10-14,13:04:46,Link,Sunday motivation: Start your week with a fresh mindset on Data Analytics. #BusinessTips #MachineLearning,#BusinessTips #MachineLearning,1622,2218,69,10,7,0,0,54,13,Tuesday,1,0,2025-10,October,86,5.30209617755857,2.4346257889990985,0.43156596794081376,105,2,Positive
FA_0303,1,Facebook,2025-08-02,05:37:00,Video,Discover how Social Media ROI is transforming the industry! What are your thoughts? #AI,#AI,8067,12588,633,48,23,0,6477,427,5,Saturday,5,1,2025-08,August,704,8.72691211106979,3.392119478868764,0.2851121854468824,87,1,Positive
FA_0304,1,Facebook,2025-11-16,06:32:46,Text,Mastering Cloud Scale in under 10 minutes. Read our full step-by-step guide now! #BusinessTips #GrowthHacking #DataAnalytics #MarketingStrategy,#BusinessTips #GrowthHacking #DataAnalytics #MarketingStrategy,2232,3778,76,11,5,0,0,83,6,Sunday,6,1,2025-11,November,92,4.121863799283155,2.196929592376919,0.2240143369175627,143,4,Positive
FA_0305,1,Facebook,2025-12-27,13:25:10,Text,Case study alert: How we boosted results by 350% using AI Workflow. #MachineLearning #Coding,#MachineLearning #Coding,5517,9076,264,17,35,0,0,79,13,Saturday,5,1,2025-12,December,316,5.727750589088273,0.8704275011018069,0.6344027551205366,92,2,Positive
FA_0306,1,Facebook,2025-02-09,23:04:18,Carousel,Quick question for our community: How do you handle Customer Engagement in your daily workflow? #Coding,#Coding,789,1118,58,9,3,0,0,21,23,Sunday,6,1,2025-02,February,70,8.871989860583017,1.8783542039355994,0.38022813688212925,103,1,Neutral
FA_0307,1,Facebook,2025-12-22,21:45:33,Carousel,Why Customer Engagement matters more than ever for modern business growth. #StartupLife,#StartupLife,6894,10750,258,50,6,0,0,236,21,Monday,0,0,2025-12,December,314,4.554685233536408,2.1953488372093024,0.08703220191470844,87,1,Positive
FA_0308,1,Facebook,2025-05-10,04:49:32,Link,Top 5 actionable strategies for Customer Engagement in 2025. Save this post for later! #MachineLearning,#MachineLearning,2481,4012,147,18,6,0,0,121,4,Saturday,5,1,2025-05,May,171,6.892382103990327,3.015952143569292,0.24183796856106407,103,1,Positive
FA_0309,1,Facebook,2025-01-17,12:28:57,Video,Mastering User Experience in under 10 minutes. Read our full step-by-step guide now! #Productivity #Leadership,#Productivity #Leadership,4398,6192,256,23,29,0,2518,185,12,Friday,4,0,2025-01,January,308,7.0031832651205095,2.9877260981912146,0.6593906321055024,110,2,Positive
FA_0310,1,Facebook,2025-07-24,17:20:20,Carousel,Behind the scenes at our team workshop on Content Marketing. Innovation starts here! #StartupLife #MachineLearning #BusinessTips #Leadership,#StartupLife #MachineLearning #BusinessTips #Leadership,6359,7047,480,67,51,0,0,369,17,Thursday,3,0,2025-07,July,598,9.403994338732504,5.236270753512133,0.8020128951092939,140,4,Positive
FA_0311,1,Facebook,2025-11-23,12:52:56,Text,Top 5 actionable strategies for User Experience in 2025. Save this post for later! #GrowthHacking #DigitalMarketing #Productivity,#GrowthHacking #DigitalMarketing #Productivity,3504,4985,212,20,22,0,0,170,12,Sunday,6,1,2025-11,November,254,7.248858447488585,3.4102306920762286,0.6278538812785388,129,3,Positive
FA_0312,1,Facebook,2025-06-10,19:56:16,Image,Top 5 actionable strategies for AI Workflow in 2025. Save this post for later! #BusinessTips,#BusinessTips,6022,8105,382,38,9,0,0,246,19,Tuesday,1,0,2025-06,June,429,7.1238791099302565,3.0351634793337445,0.14945200929923613,92,1,Positive
FA_0313,1,Facebook,2025-04-22,21:49:22,Image,Sunday motivation: Start your week with a fresh mindset on AI Workflow. #BusinessTips #StartupLife,#BusinessTips #StartupLife,2236,2633,69,7,7,0,0,30,21,Tuesday,1,0,2025-04,April,83,3.7119856887298748,1.139384732244588,0.31305903398926654,98,2,Positive
FA_0314,1,Facebook,2025-12-21,11:46:29,Image,Mastering Customer Engagement in under 10 minutes. Read our full step-by-step guide now! #BusinessTips,#BusinessTips,831,1469,29,4,2,0,0,46,11,Sunday,6,1,2025-12,December,35,4.21179302045728,3.1313818924438395,0.24067388688327318,102,1,Positive
FA_0315,1,Facebook,2025-03-15,19:41:01,Video,Why User Experience matters more than ever for modern business growth. #Coding,#Coding,2701,3108,146,14,11,0,2291,47,19,Saturday,5,1,2025-03,March,171,6.330988522769345,1.5122265122265122,0.40725657164013324,78,1,Positive
FA_0316,1,Facebook,2025-05-17,05:31:11,Text,Why User Experience matters more than ever for modern business growth. #SocialMedia2025,#SocialMedia2025,1668,2684,114,7,5,0,0,48,5,Saturday,5,1,2025-05,May,126,7.553956834532374,1.7883755588673622,0.2997601918465228,87,1,Positive
FA_0317,1,Facebook,2025-10-02,13:04:04,Link,Top 5 actionable strategies for Python Automation in 2025. Save this post for later! #StartupLife,#StartupLife,3645,4877,256,51,14,0,0,73,13,Thursday,3,0,2025-10,October,321,8.806584362139917,1.4968218166905884,0.3840877914951989,97,1,Positive
FA_0318,1,Facebook,2025-03-06,14:12:11,Link,Why Executive Leadership matters more than ever for modern business growth. #Coding,#Coding,948,1170,59,9,4,0,0,12,14,Thursday,3,0,2025-03,March,72,7.59493670886076,1.0256410256410255,0.42194092827004215,83,1,Positive
FA_0319,1,Facebook,2025-08-19,00:35:51,Image,Top 5 actionable strategies for Brand Strategy in 2025. Save this post for later! #BusinessTips,#BusinessTips,3717,5449,283,63,25,0,0,174,0,Tuesday,1,0,2025-08,August,371,9.981167608286253,3.193246467241696,0.6725854183481302,95,1,Positive
FA_0320,1,Facebook,2025-09-08,23:48:19,Carousel,We are excited to announce our newest breakthrough in Data Analytics. Check out the link below! #MachineLearning #StartupLife,#MachineLearning #StartupLife,81807,136987,2113,363,271,0,0,1079,23,Monday,0,0,2025-09,September,2747,3.357903357903358,0.7876659829034871,0.3312674954465999,125,2,Positive
FA_0321,1,Facebook,2025-11-12,08:01:50,Video,Mastering Python Automation in under 10 minutes. Read our full step-by-step guide now! #DesignThinking #Productivity #MachineLearning,#DesignThinking #Productivity #MachineLearning,8804,13233,248,53,30,0,6885,349,8,Wednesday,2,0,2025-11,November,331,3.759654702407996,2.637346028867226,0.3407542026351658,133,3,Positive
FA_0322,1,Facebook,2025-08-01,06:07:06,Carousel,Top 5 actionable strategies for Social Media ROI in 2025. Save this post for later! #DataAnalytics #Innovation #TechTrends #MarketingStrategy,#DataAnalytics #Innovation #TechTrends #MarketingStrategy,4816,6565,141,31,4,0,0,49,6,Friday,4,0,2025-08,August,176,3.6544850498338874,0.7463823305407463,0.08305647840531562,141,4,Positive
FA_0323,1,Facebook,2025-05-26,15:09:15,Text,Behind the scenes at our team workshop on Social Media ROI. Innovation starts here! #MarketingStrategy #StartupLife,#MarketingStrategy #StartupLife,1694,2975,95,5,4,0,0,59,15,Monday,0,0,2025-05,May,104,6.139315230224321,1.9831932773109244,0.23612750885478156,115,2,Positive
FA_0324,1,Facebook,2025-06-28,15:14:51,Video,Top 5 actionable strategies for Content Marketing in 2025. Save this post for later! #SocialMedia2025,#SocialMedia2025,7888,14125,397,56,40,0,3975,99,15,Saturday,5,1,2025-06,June,493,6.25,0.7008849557522124,0.5070993914807302,101,1,Positive
FA_0325,1,Facebook,2025-08-31,18:06:50,Image,Behind the scenes at our team workshop on Data Analytics. Innovation starts here! #DigitalMarketing #DataAnalytics #BusinessTips,#DigitalMarketing #DataAnalytics #BusinessTips,6926,11295,156,30,21,0,0,130,18,Sunday,6,1,2025-08,August,207,2.988738088362691,1.1509517485613103,0.3032053133121571,128,3,Positive
FA_0326,1,Facebook,2025-05-01,16:11:43,Link,Quick question for our community: How do you handle Python Automation in your daily workflow? #MachineLearning #StartupLife,#MachineLearning #StartupLife,537,676,18,2,0,0,0,29,16,Thursday,3,0,2025-05,May,20,3.7243947858473,4.289940828402367,0.0,123,2,Neutral
FA_0327,1,Facebook,2025-08-12,05:16:37,Carousel,We are excited to announce our newest breakthrough in Executive Leadership. Check out the link below! #BusinessTips #GrowthHacking,#BusinessTips #GrowthHacking,1978,2672,71,8,1,0,0,76,5,Tuesday,1,0,2025-08,August,80,4.044489383215369,2.844311377245509,0.05055611729019212,130,2,Positive
FA_0328,1,Facebook,2025-08-03,06:13:59,Video,Sunday motivation: Start your week with a fresh mindset on Customer Engagement. #DesignThinking #Coding,#DesignThinking #Coding,5582,8300,188,24,16,0,4639,116,6,Sunday,6,1,2025-08,August,228,4.084557506270154,1.3975903614457832,0.2866356144750985,103,2,Positive
FA_0329,1,Facebook,2025-08-08,08:58:49,Text,We are excited to announce our newest breakthrough in User Experience. Check out the link below! #Coding #Innovation,#Coding #Innovation,3270,4553,74,18,8,0,0,115,8,Friday,4,0,2025-08,August,100,3.058103975535168,2.5258071601142107,0.24464831804281345,116,2,Positive
FA_0330,1,Facebook,2025-12-23,03:34:04,Video,Mastering AI Workflow in under 10 minutes. Read our full step-by-step guide now! #MachineLearning,#MachineLearning,1974,2580,116,7,9,0,1090,89,3,Tuesday,1,0,2025-12,December,132,6.68693009118541,3.4496124031007755,0.4559270516717325,97,1,Positive
FA_0331,1,Facebook,2025-08-21,16:53:06,Text,Discover how Social Media ROI is transforming the industry! What are your thoughts? #StartupLife #Leadership #MachineLearning,#StartupLife #Leadership #MachineLearning,589,1016,23,1,1,0,0,13,16,Thursday,3,0,2025-08,August,25,4.244482173174872,1.279527559055118,0.1697792869269949,125,3,Positive
FA_0332,1,Facebook,2025-12-17,02:56:51,Link,Mastering Data Analytics in under 10 minutes. Read our full step-by-step guide now! #Coding #TechTrends #AI,#Coding #TechTrends #AI,1774,2405,54,8,1,0,0,80,2,Wednesday,2,0,2025-12,December,63,3.5512965050732808,3.3264033264033266,0.05636978579481398,107,3,Positive
FA_0333,1,Facebook,2025-02-28,23:37:50,Carousel,Behind the scenes at our team workshop on Content Marketing. Innovation starts here! #GrowthHacking #Coding,#GrowthHacking #Coding,3460,3937,146,20,12,0,0,178,23,Friday,4,0,2025-02,February,178,5.144508670520231,4.521209042418085,0.3468208092485549,107,2,Positive
FA_0334,1,Facebook,2025-05-30,16:27:21,Image,Behind the scenes at our team workshop on Content Marketing. Innovation starts here! #AI #Coding #BusinessTips #MarketingStrategy,#AI #Coding #BusinessTips #MarketingStrategy,913,1109,24,1,0,0,0,18,16,Friday,4,0,2025-05,May,25,2.7382256297918945,1.6230838593327321,0.0,129,4,Positive
FA_0335,1,Facebook,2025-12-16,19:42:46,Text,Behind the scenes at our team workshop on Brand Strategy. Innovation starts here! #Leadership #MachineLearning #StartupLife #TechTrends,#Leadership #MachineLearning #StartupLife #TechTrends,671,1114,47,7,2,0,0,26,19,Tuesday,1,0,2025-12,December,56,8.345752608047691,2.333931777378815,0.29806259314456035,135,4,Positive
FA_0336,1,Facebook,2025-12-07,19:18:09,Text,Behind the scenes at our team workshop on Executive Leadership. Innovation starts here! #Innovation #MarketingStrategy #DesignThinking,#Innovation #MarketingStrategy #DesignThinking,1870,2690,146,29,3,0,0,51,19,Sunday,6,1,2025-12,December,178,9.518716577540106,1.8959107806691449,0.16042780748663102,134,3,Positive
FA_0337,1,Facebook,2025-12-31,19:29:25,Video,Discover how Social Media ROI is transforming the industry! What are your thoughts? #DataAnalytics #AI,#DataAnalytics #AI,8639,12169,364,33,40,0,6330,508,19,Wednesday,2,0,2025-12,December,437,5.058455839796273,4.174541868682718,0.4630165528417641,102,2,Positive
FA_0338,1,Facebook,2025-10-01,10:58:46,Image,We are excited to announce our newest breakthrough in Python Automation. Check out the link below! #DesignThinking #MarketingStrategy #Leadership #GrowthHacking,#DesignThinking #MarketingStrategy #Leadership #GrowthHacking,69553,92637,4335,627,250,0,0,3978,10,Wednesday,2,0,2025-10,October,5212,7.493566057538856,4.294180511026911,0.35943812632093514,160,4,Positive
FA_0339,1,Facebook,2025-10-17,16:05:47,Image,Case study alert: How we boosted results by 350% using Executive Leadership. #MarketingStrategy,#MarketingStrategy,660,1011,21,2,1,0,0,26,16,Friday,4,0,2025-10,October,24,3.6363636363636362,2.571711177052423,0.15151515151515152,95,1,Positive
FA_0340,1,Facebook,2025-05-23,07:07:32,Carousel,Mastering Executive Leadership in under 10 minutes. Read our full step-by-step guide now! #SocialMedia2025,#SocialMedia2025,2779,4233,212,49,14,0,0,48,7,Friday,4,0,2025-05,May,275,9.895645915797049,1.1339475549255846,0.5037783375314862,106,1,Positive
FA_0341,1,Facebook,2025-05-26,12:33:29,Text,Why Cloud Scale matters more than ever for modern business growth. #DataAnalytics,#DataAnalytics,2654,3741,79,15,10,0,0,123,12,Monday,0,0,2025-05,May,104,3.9186134137151467,3.2878909382518042,0.37678975131876413,81,1,Positive
FA_0342,1,Facebook,2025-03-15,07:33:54,Carousel,Sunday motivation: Start your week with a fresh mindset on Brand Strategy. #Coding,#Coding,1293,1792,96,12,8,0,0,58,7,Saturday,5,1,2025-03,March,116,8.971384377416861,3.2366071428571432,0.6187161639597835,82,1,Positive
FA_0343,1,Facebook,2025-07-15,10:32:20,Image,Why Customer Engagement matters more than ever for modern business growth. #Leadership #SocialMedia2025 #MachineLearning,#Leadership #SocialMedia2025 #MachineLearning,4385,5296,166,29,17,0,0,71,10,Tuesday,1,0,2025-07,July,212,4.834663625997719,1.3406344410876132,0.38768529076396807,120,3,Positive
FA_0344,1,Facebook,2025-12-19,23:28:33,Image,Sunday motivation: Start your week with a fresh mindset on Customer Engagement. #AI #Innovation #MachineLearning #GrowthHacking,#General,2659,3404,162,39,20,0,0,76,23,Friday,4,0,2025-12,December,221,8.311395261376457,2.2326674500587544,0.752162467092892,127,1,Positive
FA_0345,1,Facebook,2025-10-25,02:07:49,Text,Quick question for our community: How do you handle Social Media ROI in your daily workflow? #MarketingStrategy #TechTrends #DigitalMarketing,#MarketingStrategy #TechTrends #DigitalMarketing,3315,4472,123,19,17,0,0,118,2,Saturday,5,1,2025-10,October,159,4.796380090497738,2.638640429338104,0.5128205128205128,141,3,Neutral
FA_0346,1,Facebook,2025-03-27,19:47:45,Link,Quick question for our community: How do you handle Customer Engagement in your daily workflow? #StartupLife #MachineLearning #Productivity,#StartupLife #MachineLearning #Productivity,2612,4378,54,8,3,0,0,89,19,Thursday,3,0,2025-03,March,65,2.4885145482388973,2.032891731384194,0.11485451761102604,139,3,Neutral
FA_0347,1,Facebook,2025-03-21,18:19:39,Video,Why Cloud Scale matters more than ever for modern business growth. #BusinessTips,#BusinessTips,2868,3418,60,7,6,0,1346,92,18,Friday,4,0,2025-03,March,73,2.5453277545327757,2.6916325336454068,0.20920502092050208,80,1,Positive
FA_0348,1,Facebook,2025-03-30,11:05:35,Image,No Caption Provided,#Productivity #MachineLearning,2034,2536,160,21,19,0,0,31,11,Sunday,6,1,2025-03,March,200,9.83284169124877,1.222397476340694,0.9341199606686332,19,2,Neutral
FA_0349,1,Facebook,2025-04-11,03:55:31,Carousel,Top 5 actionable strategies for User Experience in 2025. Save this post for later! #Leadership,#Leadership,1000,1311,20,1,0,0,0,40,3,Friday,4,0,2025-04,April,21,2.1,3.051106025934401,0.0,94,1,Positive
FA_0350,1,Facebook,2025-01-15,03:18:18,Link,Sunday motivation: Start your week with a fresh mindset on User Experience. #GrowthHacking #MarketingStrategy #SocialMedia2025,#GrowthHacking #MarketingStrategy #SocialMedia2025,1655,1935,90,4,4,0,0,32,3,Wednesday,2,0,2025-01,January,98,5.921450151057401,1.6537467700258397,0.2416918429003021,126,3,Positive
FA_0351,1,Facebook,2025-02-20,07:47:31,Text,Top 5 actionable strategies for Brand Strategy in 2025. Save this post for later! #Leadership #StartupLife,#Leadership #StartupLife,1509,2060,49,4,1,0,0,89,7,Thursday,3,0,2025-02,February,54,3.5785288270377733,4.320388349514563,0.06626905235255136,106,2,Positive
FA_0352,1,Facebook,2025-07-04,10:29:44,Image,Behind the scenes at our team workshop on AI Workflow. Innovation starts here! #Leadership #AI #BusinessTips,#Leadership #AI #BusinessTips,4117,6508,290,27,21,0,0,243,10,Friday,4,0,2025-07,July,338,8.209861549672091,3.7338660110633066,0.5100801554529998,108,3,Positive
FA_0353,1,Facebook,2025-09-01,13:22:41,Text,Top 5 actionable strategies for AI Workflow in 2025. Save this post for later! #Leadership #SocialMedia2025 #StartupLife #DesignThinking,#Leadership #SocialMedia2025 #StartupLife #DesignThinking,2549,4044,200,39,27,0,0,46,13,Monday,0,0,2025-09,September,266,10.435464888191447,1.1374876360039565,1.0592389172224401,136,4,Positive
FA_0354,1,Facebook,2025-07-26,04:28:10,Text,Sunday motivation: Start your week with a fresh mindset on Executive Leadership. #DesignThinking #MachineLearning #Coding,#DesignThinking #MachineLearning #Coding,2810,4666,215,26,22,0,0,161,4,Saturday,5,1,2025-07,July,263,9.359430604982206,3.45049292756108,0.7829181494661922,121,3,Positive
FA_0355,1,Facebook,2025-08-21,03:56:00,Text,Discover how Executive Leadership is transforming the industry! What are your thoughts? #StartupLife #MarketingStrategy,#StartupLife #MarketingStrategy,531,609,32,7,2,0,0,23,3,Thursday,3,0,2025-08,August,41,7.721280602636535,3.776683087027915,0.3766478342749529,119,2,Positive
FA_0356,1,Facebook,2025-02-09,18:55:50,Text,Case study alert: How we boosted results by 350% using Content Marketing. #StartupLife #Leadership #Productivity,#StartupLife #Leadership #Productivity,2291,3898,120,28,2,0,0,72,18,Sunday,6,1,2025-02,February,150,6.547359231776517,1.8471010774756287,0.08729812309035355,112,3,Positive
FA_0357,1,Facebook,2025-07-12,16:06:46,Image,Why Social Media ROI matters more than ever for modern business growth. #Coding #MachineLearning #MarketingStrategy,#Coding #MachineLearning #MarketingStrategy,2058,2824,135,22,11,0,0,77,16,Saturday,5,1,2025-07,July,168,8.16326530612245,2.726628895184136,0.5344995140913509,115,3,Positive
FA_0358,1,Facebook,2025-03-22,18:26:52,Link,Quick question for our community: How do you handle Executive Leadership in your daily workflow? #Innovation #StartupLife #GrowthHacking #DigitalMarketing,#Innovation #StartupLife #GrowthHacking #DigitalMarketing,2651,3153,111,23,10,0,0,127,18,Saturday,5,1,2025-03,March,144,5.431912485854395,4.027909927053599,0.37721614485099964,154,4,Positive
FA_0359,1,Facebook,2025-07-02,14:59:52,Video,Sunday motivation: Start your week with a fresh mindset on Content Marketing. #StartupLife #DigitalMarketing,#StartupLife #DigitalMarketing,10068,17198,270,22,24,0,4215,431,14,Wednesday,2,0,2025-07,July,316,3.1386571315057608,2.506105361088499,0.23837902264600713,108,2,Positive
FA_0360,1,Facebook,2025-01-11,17:06:04,Link,Top 5 actionable strategies for Python Automation in 2025. Save this post for later! #GrowthHacking #Innovation #AI #Leadership,#GrowthHacking #Innovation #AI #Leadership,770,1114,52,9,2,0,0,19,17,Saturday,5,1,2025-01,January,63,8.181818181818182,1.7055655296229804,0.2597402597402597,127,4,Positive
FA_0361,1,Facebook,2025-02-08,19:30:32,Link,Unpopular opinion about Data Analytics: Most teams are doing it wrong. Here is why... #Innovation #BusinessTips #DesignThinking,#Innovation #BusinessTips #DesignThinking,4041,6475,221,37,12,0,0,154,19,Saturday,5,1,2025-02,February,270,6.6815144766147,2.3783783783783785,0.2969561989606533,127,3,Negative
FA_0362,1,Facebook,2025-02-09,23:43:18,Carousel,Mastering Customer Engagement in under 10 minutes. Read our full step-by-step guide now! #StartupLife #SocialMedia2025 #GrowthHacking #DataAnalytics,#StartupLife #SocialMedia2025 #GrowthHacking #DataAnalytics,4769,6758,313,26,7,0,0,215,23,Sunday,6,1,2025-02,February,346,7.255189767246802,3.1814146197099733,0.14678129586915495,148,4,Positive
FA_0363,1,Facebook,2025-08-28,09:45:18,Carousel,Discover how User Experience is transforming the industry! What are your thoughts? #Coding #Innovation #MachineLearning #StartupLife,#Coding #Innovation #MachineLearning #StartupLife,3080,3706,89,16,5,0,0,97,9,Thursday,3,0,2025-08,August,110,3.571428571428571,2.617377226119806,0.16233766233766234,132,4,Positive
FA_0364,1,Facebook,2025-04-15,15:00:59,Link,Mastering Social Media ROI in under 10 minutes. Read our full step-by-step guide now! #StartupLife #Innovation #DataAnalytics,#StartupLife #Innovation #DataAnalytics,634,709,42,4,3,0,0,37,15,Tuesday,1,0,2025-04,April,49,7.728706624605679,5.218617771509168,0.47318611987381703,125,3,Positive
FA_0365,1,Facebook,2025-05-20,04:58:02,Link,Discover how Cloud Scale is transforming the industry! What are your thoughts? #StartupLife #Productivity,#StartupLife #Productivity,1450,1615,103,6,10,0,0,77,4,Tuesday,1,0,2025-05,May,119,8.206896551724139,4.767801857585139,0.6896551724137931,105,2,Positive
FA_0366,1,Facebook,2025-12-03,03:17:16,Video,Case study alert: How we boosted results by 350% using Content Marketing. #Innovation,#Innovation,5127,8614,394,93,20,0,4318,112,3,Wednesday,2,0,2025-12,December,507,9.8888238736103,1.300208962154632,0.39009167154281255,85,1,Positive
FA_0367,1,Facebook,2025-10-27,14:11:51,Video,We are excited to announce our newest breakthrough in Python Automation. Check out the link below! #MarketingStrategy #AI,#MarketingStrategy #AI,4859,6733,348,21,31,0,3643,76,14,Monday,0,0,2025-10,October,400,8.232146532208272,1.1287687509282638,0.6379913562461412,121,2,Positive
FA_0368,1,Facebook,2025-05-23,05:16:33,Link,Sunday motivation: Start your week with a fresh mindset on Customer Engagement. #StartupLife,#StartupLife,2066,3428,48,11,5,0,0,46,5,Friday,4,0,2025-05,May,64,3.0977734753146176,1.3418903150525088,0.24201355275895448,92,1,Positive
FA_0369,1,Facebook,2025-12-17,04:26:37,Video,Top 5 actionable strategies for Executive Leadership in 2025. Save this post for later! #TechTrends #BusinessTips #DigitalMarketing #DesignThinking,#TechTrends #BusinessTips #DigitalMarketing #DesignThinking,7029,9195,503,41,38,0,3926,355,4,Wednesday,2,0,2025-12,December,582,8.279982927870252,3.860793909733551,0.5406174420258927,147,4,Positive
FA_0370,1,Facebook,2025-02-11,17:54:07,Text,Behind the scenes at our team workshop on Brand Strategy. Innovation starts here! #Coding #Productivity #AI #MarketingStrategy,#Coding #Productivity #AI #MarketingStrategy,1500,2282,103,20,8,0,0,17,17,Tuesday,1,0,2025-02,February,131,8.733333333333333,0.7449605609114811,0.5333333333333333,126,4,Positive
FA_0371,1,Facebook,2025-11-25,04:57:17,Video,We are excited to announce our newest breakthrough in Customer Engagement. Check out the link below! #Innovation #AI #Productivity,#Innovation #AI #Productivity,6679,10935,393,29,38,0,4041,380,4,Tuesday,1,0,2025-11,November,460,6.8872585716424615,3.475080018289895,0.5689474472226381,130,3,Positive
FA_0372,1,Facebook,2025-03-30,21:35:28,Link,Quick question for our community: How do you handle Content Marketing in your daily workflow? #BusinessTips,#BusinessTips,3732,6573,272,25,38,0,0,209,21,Sunday,6,1,2025-03,March,335,8.97642015005359,3.1796744256808154,1.0182207931404073,107,1,Neutral
FA_0373,1,Facebook,2025-08-25,07:13:07,Video,We are excited to announce our newest breakthrough in Data Analytics. Check out the link below! #Innovation #BusinessTips #Coding #DigitalMarketing,#Innovation #BusinessTips #Coding #DigitalMarketing,3880,6840,104,20,7,0,3336,126,7,Monday,0,0,2025-08,August,131,3.3762886597938144,1.8421052631578945,0.18041237113402062,147,4,Positive
FA_0374,1,Facebook,2025-04-08,09:41:31,Text,Unpopular opinion about Python Automation: Most teams are doing it wrong. Here is why... #BusinessTips #Productivity,#BusinessTips #Productivity,3584,4652,217,29,15,0,0,61,9,Tuesday,1,0,2025-04,April,261,7.282366071428571,1.3112639724849526,0.4185267857142857,116,2,Negative
FA_0375,1,Facebook,2025-05-08,13:27:29,Text,We are excited to announce our newest breakthrough in AI Workflow. Check out the link below! #Leadership,#Leadership,5470,7539,179,22,13,0,0,218,13,Thursday,3,0,2025-05,May,214,3.9122486288848264,2.891630189680329,0.23765996343692872,104,1,Positive
FA_0376,1,Facebook,2025-01-05,17:08:46,Carousel,Behind the scenes at our team workshop on User Experience. Innovation starts here! #TechTrends,#TechTrends,3188,5688,192,14,26,0,0,38,17,Sunday,6,1,2025-01,January,232,7.277289836888332,0.6680731364275668,0.8155583437892095,94,1,Positive
FA_0377,1,Facebook,2025-06-23,17:02:32,Link,Discover how Cloud Scale is transforming the industry! What are your thoughts? #MarketingStrategy #DigitalMarketing #AI #GrowthHacking,#MarketingStrategy #DigitalMarketing #AI #GrowthHacking,1483,2641,54,6,4,0,0,81,17,Monday,0,0,2025-06,June,64,4.315576534052596,3.0670200681560016,0.26972353337828725,134,4,Positive
FA_0378,1,Facebook,2025-09-22,11:23:46,Video,Why Brand Strategy matters more than ever for modern business growth. #DesignThinking #MarketingStrategy #SocialMedia2025 #StartupLife,#DesignThinking #MarketingStrategy #SocialMedia2025 #StartupLife,2103,2651,46,4,5,0,1300,125,11,Monday,0,0,2025-09,September,55,2.615311459819306,4.715201810637495,0.23775558725630053,134,4,Positive
FA_0379,1,Facebook,2025-12-30,20:25:12,Text,Top 5 actionable strategies for AI Workflow in 2025. Save this post for later! #AI #GrowthHacking,#AI #GrowthHacking,1991,3353,103,27,12,0,0,85,20,Tuesday,1,0,2025-12,December,142,7.132094424912104,2.5350432448553533,0.6027122049221497,97,2,Positive
FA_0380,1,Facebook,2025-10-20,06:34:27,Image,Behind the scenes at our team workshop on Content Marketing. Innovation starts here! #StartupLife #AI #GrowthHacking #TechTrends,#StartupLife #AI #GrowthHacking #TechTrends,3847,5293,213,51,27,0,0,68,6,Monday,0,0,2025-10,October,291,7.564335846113855,1.2847156621953524,0.7018455939693268,128,4,Positive
FA_0381,1,Facebook,2025-08-21,22:52:39,Carousel,Why Data Analytics matters more than ever for modern business growth. #TechTrends #StartupLife #Innovation,#TechTrends #StartupLife #Innovation,5460,8812,422,69,20,0,0,67,22,Thursday,3,0,2025-08,August,511,9.35897435897436,0.7603268270540172,0.3663003663003663,106,3,Positive
FA_0382,1,Facebook,2025-02-06,19:55:16,Text,Top 5 actionable strategies for AI Workflow in 2025. Save this post for later! #DigitalMarketing #MarketingStrategy #DataAnalytics #BusinessTips,#DigitalMarketing #MarketingStrategy #DataAnalytics #BusinessTips,1609,2207,71,12,10,0,0,28,19,Thursday,3,0,2025-02,February,93,5.7799875699192045,1.2686905301314002,0.6215040397762586,144,4,Positive
FA_0383,1,Facebook,2025-06-08,21:58:23,Image,Mastering Brand Strategy in under 10 minutes. Read our full step-by-step guide now! #Leadership #Coding,#Leadership #Coding,5096,7114,333,70,33,0,0,161,21,Sunday,6,1,2025-06,June,436,8.555729984301413,2.26314309811639,0.6475667189952904,103,2,Positive
FA_0384,1,Facebook,2025-08-26,08:09:50,Video,Why Executive Leadership matters more than ever for modern business growth. #DigitalMarketing,#DigitalMarketing,8248,11830,238,17,32,0,6769,298,8,Tuesday,1,0,2025-08,August,287,3.479631425800194,2.519019442096365,0.38797284190106696,93,1,Positive
FA_0385,1,Facebook,2025-01-24,18:41:34,Text,Sunday motivation: Start your week with a fresh mindset on Python Automation. #Leadership,#Leadership,2351,3549,155,8,18,0,0,77,18,Friday,4,0,2025-01,January,181,7.698851552530837,2.1696252465483234,0.7656316461080391,89,1,Positive
FA_0386,1,Facebook,2025-08-02,10:50:13,Text,We are excited to announce our newest breakthrough in Executive Leadership. Check out the link below! #GrowthHacking #Productivity #DesignThinking,#General,613,1095,21,3,1,0,0,6,10,Saturday,5,1,2025-08,August,25,4.078303425774878,0.547945205479452,0.1631321370309951,146,1,Positive
FA_0387,1,Facebook,2025-08-24,14:44:56,Carousel,Quick question for our community: How do you handle Executive Leadership in your daily workflow? #Innovation #Productivity #Coding,#Innovation #Productivity #Coding,10828,17027,739,49,27,0,0,211,14,Sunday,6,1,2025-08,August,815,7.526782415958626,1.2392083162036767,0.24935352789065388,130,3,Positive
FA_0388,1,Facebook,2025-01-14,07:37:04,Video,Unpopular opinion about Content Marketing: Most teams are doing it wrong. Here is why... #Productivity #StartupLife #DesignThinking #SocialMedia2025,#General,7134,8587,323,23,44,0,5488,230,7,Tuesday,1,0,2025-01,January,390,5.466778805719091,2.6784674507977178,0.6167647883375384,148,1,Negative
FA_0389,1,Facebook,2025-05-05,07:19:49,Text,Mastering Data Analytics in under 10 minutes. Read our full step-by-step guide now! #TechTrends #AI #StartupLife,#TechTrends #AI #StartupLife,3109,5024,173,27,9,0,0,106,7,Monday,0,0,2025-05,May,209,6.722418784174976,2.109872611464968,0.2894821486008363,112,3,Positive
FA_0390,1,Facebook,2025-12-14,17:45:50,Image,Sunday motivation: Start your week with a fresh mindset on Cloud Scale. #BusinessTips,#BusinessTips,848,1462,38,5,3,0,0,48,17,Sunday,6,1,2025-12,December,46,5.4245283018867925,3.283173734610123,0.3537735849056604,85,1,Positive
FA_0391,1,Facebook,2025-05-28,06:59:52,Text,Quick question for our community: How do you handle Content Marketing in your daily workflow? #Innovation #StartupLife,#Innovation #StartupLife,3125,5001,150,33,17,0,0,92,6,Wednesday,2,0,2025-05,May,200,6.4,1.8396320735852831,0.544,118,2,Positive
FA_0392,1,Facebook,2025-07-04,17:11:48,Video,Top 5 actionable strategies for User Experience in 2025. Save this post for later! #DigitalMarketing #MachineLearning,#DigitalMarketing #MachineLearning,1945,2411,109,7,8,0,1744,48,17,Friday,4,0,2025-07,July,124,6.375321336760925,1.9908751555371216,0.4113110539845758,117,2,Positive
FA_0393,1,Facebook,2025-05-14,12:59:58,Video,Top 5 actionable strategies for Cloud Scale in 2025. Save this post for later! #DesignThinking,#DesignThinking,2836,3569,152,22,22,0,2247,137,12,Wednesday,2,0,2025-05,May,196,6.911142454160791,3.838610254973382,0.7757404795486601,94,1,Positive
FA_0394,1,Facebook,2025-12-20,18:45:52,Image,Top 5 actionable strategies for Data Analytics in 2025. Save this post for later! #DesignThinking #Leadership #Coding #AI,#DesignThinking #Leadership #Coding #AI,5448,9266,142,23,12,0,0,99,18,Saturday,5,1,2025-12,December,177,3.248898678414097,1.0684221886466652,0.22026431718061676,121,4,Positive
FA_0395,1,Facebook,2025-05-30,16:04:30,Text,Quick question for our community: How do you handle AI Workflow in your daily workflow? #StartupLife #GrowthHacking,#StartupLife #GrowthHacking,758,940,59,12,1,0,0,39,16,Friday,4,0,2025-05,May,72,9.498680738786279,4.148936170212766,0.13192612137203166,115,2,Positive
FA_0396,1,Facebook,2025-05-17,13:33:35,Text,Case study alert: How we boosted results by 350% using Brand Strategy. #MarketingStrategy #DesignThinking,#MarketingStrategy #DesignThinking,1710,2840,76,10,6,0,0,89,13,Saturday,5,1,2025-05,May,92,5.380116959064328,3.1338028169014085,0.3508771929824561,105,2,Positive
FA_0397,1,Facebook,2025-03-16,00:21:43,Carousel,Quick question for our community: How do you handle AI Workflow in your daily workflow? #GrowthHacking,#GrowthHacking,5724,8035,249,14,34,0,0,100,0,Sunday,6,1,2025-03,March,297,5.188679245283019,1.2445550715619167,0.593990216631726,102,1,Positive
FA_0398,1,Facebook,2025-12-05,18:55:28,Text,Quick question for our community: How do you handle Python Automation in your daily workflow? #MachineLearning #Coding #GrowthHacking,#MachineLearning #Coding #GrowthHacking,32066,55933,1988,276,92,0,0,1193,18,Friday,4,0,2025-12,December,2356,7.34734609867149,2.1329090161443154,0.2869082517308052,133,3,Positive
FA_0399,1,Facebook,2025-11-29,14:43:39,Link,Quick question for our community: How do you handle AI Workflow in your daily workflow? #SocialMedia2025,#SocialMedia2025,3137,5382,160,25,7,0,0,111,14,Saturday,5,1,2025-11,November,192,6.120497290404845,2.0624303232998886,0.22314313037934333,104,1,Neutral
FA_0400,1,Facebook,2025-12-01,01:00:55,Carousel,Behind the scenes at our team workshop on User Experience. Innovation starts here! #DataAnalytics #Productivity #DesignThinking,#DataAnalytics #Productivity #DesignThinking,7115,8376,167,20,16,0,0,197,1,Monday,0,0,2025-12,December,203,2.8531271960646523,2.3519579751671444,0.22487702037947999,127,3,Positive
FA_0401,1,Facebook,2025-06-02,20:50:30,Text,Sunday motivation: Start your week with a fresh mindset on Brand Strategy. #DesignThinking #MachineLearning,#DesignThinking #MachineLearning,5067,7800,263,44,17,0,0,122,20,Monday,0,0,2025-06,June,324,6.394316163410302,1.564102564102564,0.33550424314189853,107,2,Positive
FA_0402,1,Facebook,2025-07-13,18:55:13,Image,Quick question for our community: How do you handle Brand Strategy in your daily workflow? #Productivity #DesignThinking,#Productivity #DesignThinking,1947,2721,87,5,6,0,0,32,18,Sunday,6,1,2025-07,July,98,5.033384694401644,1.1760382212421905,0.30816640986132515,120,2,Neutral
FA_0403,1,Facebook,2025-07-26,21:25:01,Text,Why Customer Engagement matters more than ever for modern business growth. #StartupLife #BusinessTips #Leadership #MachineLearning,#StartupLife #BusinessTips #Leadership #MachineLearning,2661,3230,133,19,10,0,0,155,21,Saturday,5,1,2025-07,July,162,6.087936865839909,4.798761609907121,0.37579857196542654,130,4,Positive
FA_0404,1,Facebook,2025-08-22,17:14:03,Video,No Caption Provided,#Coding #AI #Innovation,3893,5071,199,14,11,0,2286,96,17,Friday,4,0,2025-08,August,224,5.753917287438993,1.893117728258726,0.2825584382224505,19,3,Neutral
FA_0405,1,Facebook,2025-08-04,01:46:16,Link,Why Customer Engagement matters more than ever for modern business growth. #MarketingStrategy #Productivity,#MarketingStrategy #Productivity,5137,5811,251,28,19,0,0,138,1,Monday,0,0,2025-08,August,298,5.8010511971968075,2.374806401652039,0.36986568035818573,107,2,Positive
FA_0406,1,Facebook,2025-03-09,05:02:36,Text,Top 5 actionable strategies for Executive Leadership in 2025. Save this post for later! #MarketingStrategy #Productivity #MachineLearning #GrowthHacking,#MarketingStrategy #Productivity #MachineLearning #GrowthHacking,2512,3483,85,10,7,0,0,145,5,Sunday,6,1,2025-03,March,102,4.060509554140127,4.163077806488659,0.2786624203821656,152,4,Positive
FA_0407,1,Facebook,2025-03-26,00:54:11,Link,Case study alert: How we boosted results by 350% using Cloud Scale. #StartupLife,#General,2591,3832,169,40,14,0,0,123,0,Wednesday,2,0,2025-03,March,223,8.606715553840216,3.209812108559499,0.5403319181783096,80,1,Positive
FA_0408,1,Facebook,2025-09-30,06:32:39,Link,Sunday motivation: Start your week with a fresh mindset on Content Marketing. #Productivity #MachineLearning,#Productivity #MachineLearning,2230,3400,98,5,12,0,0,24,6,Tuesday,1,0,2025-09,September,115,5.15695067264574,0.7058823529411765,0.5381165919282511,108,2,Positive
FA_0409,1,Facebook,2025-06-12,13:54:30,Image,No Caption Provided,#DigitalMarketing #MarketingStrategy,1517,1994,67,5,6,0,0,39,13,Thursday,3,0,2025-06,June,78,5.1417270929466055,1.9558676028084254,0.3955174686882004,19,2,Neutral
FA_0410,1,Facebook,2025-06-13,05:11:12,Link,Unpopular opinion about Customer Engagement: Most teams are doing it wrong. Here is why... #Productivity #AI #TechTrends #DataAnalytics,#Productivity #AI #TechTrends #DataAnalytics,1694,2447,110,13,3,0,0,22,5,Friday,4,0,2025-06,June,126,7.43801652892562,0.8990600735594606,0.1770956316410862,135,4,Negative
FA_0411,1,Facebook,2025-07-28,23:03:59,Image,Case study alert: How we boosted results by 350% using Customer Engagement. #DataAnalytics,#DataAnalytics,1150,1722,53,11,4,0,0,56,23,Monday,0,0,2025-07,July,68,5.913043478260869,3.2520325203252036,0.34782608695652173,90,1,Positive
FA_0412,1,Facebook,2025-05-06,19:34:15,Carousel,Why Executive Leadership matters more than ever for modern business growth. #TechTrends,#TechTrends,7376,11485,221,13,30,0,0,174,19,Tuesday,1,0,2025-05,May,264,3.5791757049891544,1.5150195907705701,0.4067245119305857,87,1,Positive
FA_0413,1,Facebook,2025-11-20,07:44:46,Carousel,Case study alert: How we boosted results by 350% using Customer Engagement. #MarketingStrategy,#MarketingStrategy,2668,3673,73,5,6,0,0,63,7,Thursday,3,0,2025-11,November,84,3.1484257871064467,1.7152191668935473,0.22488755622188905,94,1,Positive
FA_0414,1,Facebook,2025-06-12,12:28:29,Text,No Caption Provided,#General,5393,7172,403,30,56,0,0,218,12,Thursday,3,0,2025-06,June,489,9.067309475245688,3.0395984383714447,1.0383830891896904,19,1,Neutral
FA_0415,1,Facebook,2025-10-12,17:48:11,Carousel,Discover how AI Workflow is transforming the industry! What are your thoughts? #SocialMedia2025,#SocialMedia2025,6008,8481,164,40,11,0,0,240,17,Sunday,6,1,2025-10,October,215,3.578561917443409,2.829854969932791,0.18308921438082557,95,1,Positive
FA_0416,1,Facebook,2025-01-05,04:32:33,Video,Discover how Executive Leadership is transforming the industry! What are your thoughts? #DataAnalytics,#DataAnalytics,6412,10236,201,42,20,0,5156,135,4,Sunday,6,1,2025-01,January,263,4.1016843418590145,1.3188745603751466,0.3119151590767312,102,1,Positive
FA_0417,1,Facebook,2025-09-10,22:03:53,Video,Behind the scenes at our team workshop on Python Automation. Innovation starts here! #Productivity,#Productivity,4901,7284,292,47,31,0,3345,65,22,Wednesday,2,0,2025-09,September,370,7.5494796980208125,0.8923668314113126,0.632523974699041,98,1,Positive
FA_0418,1,Facebook,2025-10-19,08:17:59,Link,Case study alert: How we boosted results by 350% using Content Marketing. #MachineLearning,#MachineLearning,1924,3305,38,5,4,0,0,81,8,Sunday,6,1,2025-10,October,47,2.442827442827443,2.4508320726172466,0.2079002079002079,90,1,Positive
FA_0419,1,Facebook,2025-07-28,09:58:38,Carousel,Unpopular opinion about Executive Leadership: Most teams are doing it wrong. Here is why... #GrowthHacking #SocialMedia2025 #DesignThinking #TechTrends,#GrowthHacking #SocialMedia2025 #DesignThinking #TechTrends,6671,9824,259,33,16,0,0,360,9,Monday,0,0,2025-07,July,308,4.616998950682056,3.664495114006515,0.23984410133413284,151,4,Negative
FA_0420,1,Facebook,2025-12-20,15:25:50,Video,Top 5 actionable strategies for Content Marketing in 2025. Save this post for later! #GrowthHacking #DigitalMarketing,#GrowthHacking #DigitalMarketing,1683,2416,115,19,11,0,954,37,15,Saturday,5,1,2025-12,December,145,8.615567439096852,1.531456953642384,0.6535947712418301,117,2,Positive
FA_0421,1,Facebook,2025-01-28,12:08:44,Video,Sunday motivation: Start your week with a fresh mindset on AI Workflow. #DesignThinking #AI #StartupLife #Leadership,#DesignThinking #AI #StartupLife #Leadership,13679,23824,583,132,64,0,10824,179,12,Tuesday,1,0,2025-01,January,779,5.694860735433877,0.7513431833445265,0.4678704583668397,116,4,Positive
FA_0422,1,Facebook,2025-08-10,02:23:43,Image,Mastering Cloud Scale in under 10 minutes. Read our full step-by-step guide now! #DigitalMarketing,#DigitalMarketing,3540,4912,254,52,25,0,0,115,2,Sunday,6,1,2025-08,August,331,9.350282485875706,2.3412052117263844,0.7062146892655368,98,1,Positive
FA_0423,1,Facebook,2025-02-21,12:21:54,Image,Top 5 actionable strategies for Executive Leadership in 2025. Save this post for later! #Innovation #DataAnalytics #AI,#Innovation #DataAnalytics #AI,69152,116766,5135,386,442,0,0,1920,12,Friday,4,0,2025-02,February,5963,8.623033317908375,1.6443142695647708,0.6391716797778806,118,3,Positive
FA_0424,1,Facebook,2025-03-12,01:36:16,Link,Behind the scenes at our team workshop on User Experience. Innovation starts here! #SocialMedia2025 #StartupLife #DesignThinking #GrowthHacking,#SocialMedia2025 #StartupLife #DesignThinking #GrowthHacking,1584,1903,76,12,4,0,0,92,1,Wednesday,2,0,2025-03,March,92,5.808080808080808,4.834471886495008,0.25252525252525254,143,4,Positive
FA_0425,1,Facebook,2025-05-02,18:27:47,Carousel,Unpopular opinion about Data Analytics: Most teams are doing it wrong. Here is why... #GrowthHacking #DataAnalytics #Productivity #StartupLife,#GrowthHacking #DataAnalytics #Productivity #StartupLife,4562,7150,281,69,27,0,0,121,18,Friday,4,0,2025-05,May,377,8.263919333625601,1.6923076923076923,0.5918456817185445,142,4,Negative
FA_0426,1,Facebook,2025-08-03,11:57:52,Text,Unpopular opinion about Data Analytics: Most teams are doing it wrong. Here is why... #DataAnalytics #TechTrends #StartupLife #Coding,#DataAnalytics #TechTrends #StartupLife #Coding,1050,1508,103,14,8,0,0,30,11,Sunday,6,1,2025-08,August,125,11.904761904761903,1.989389920424403,0.7619047619047619,133,4,Negative
FA_0427,1,Facebook,2025-01-06,02:41:04,Carousel,Unpopular opinion about AI Workflow: Most teams are doing it wrong. Here is why... #DigitalMarketing #Leadership,#DigitalMarketing #Leadership,6634,8968,520,46,29,0,0,138,2,Monday,0,0,2025-01,January,595,8.968947844437745,1.5388046387154326,0.43714199577931867,112,2,Negative
FA_0428,1,Facebook,2025-05-06,06:30:01,Video,We are excited to announce our newest breakthrough in Customer Engagement. Check out the link below! #TechTrends,#TechTrends,7278,8571,554,61,28,0,5856,313,6,Tuesday,1,0,2025-05,May,643,8.834844737565266,3.6518492591296234,0.3847210772190162,112,1,Positive
FA_0429,1,Facebook,2025-08-11,02:22:49,Video,Quick question for our community: How do you handle Content Marketing in your daily workflow? #SocialMedia2025 #BusinessTips,#SocialMedia2025 #BusinessTips,4379,6766,329,66,31,0,3622,108,2,Monday,0,0,2025-08,August,426,9.728248458552182,1.596216375997635,0.7079241836035625,124,2,Neutral
FA_0430,1,Facebook,2025-05-24,04:36:15,Carousel,Why Executive Leadership matters more than ever for modern business growth. #MachineLearning #AI,#MachineLearning #AI,4704,5725,203,45,23,0,0,135,4,Saturday,5,1,2025-05,May,271,5.761054421768708,2.3580786026200875,0.48894557823129253,96,2,Positive
FA_0431,1,Facebook,2025-09-27,17:35:46,Text,Sunday motivation: Start your week with a fresh mindset on Executive Leadership. #Innovation #BusinessTips #StartupLife,#Innovation #BusinessTips #StartupLife,1031,1779,48,4,2,0,0,32,17,Saturday,5,1,2025-09,September,54,5.237633365664403,1.7987633501967397,0.19398642095053348,119,3,Positive
FA_0432,1,Facebook,2025-05-11,20:02:41,Image,Discover how Customer Engagement is transforming the industry! What are your thoughts? #SocialMedia2025 #GrowthHacking #DataAnalytics #Innovation,#SocialMedia2025 #GrowthHacking #DataAnalytics #Innovation,5535,7739,265,34,33,0,0,143,20,Sunday,6,1,2025-05,May,332,5.998193315266486,1.8477839514149115,0.5962059620596206,145,4,Positive
FA_0433,1,Facebook,2025-11-27,02:45:46,Image,Behind the scenes at our team workshop on Customer Engagement. Innovation starts here! #DesignThinking,#DesignThinking,1018,1170,22,1,1,0,0,26,2,Thursday,3,0,2025-11,November,24,2.357563850687623,2.2222222222222223,0.09823182711198428,102,1,Positive
FA_0434,1,Facebook,2025-05-21,06:56:27,Video,Behind the scenes at our team workshop on Cloud Scale. Innovation starts here! #TechTrends #DesignThinking #DigitalMarketing,#TechTrends #DesignThinking #DigitalMarketing,7243,10014,321,53,33,0,4606,258,6,Wednesday,2,0,2025-05,May,407,5.6192185558470245,2.5763930497303775,0.45561231533894797,124,3,Positive
FA_0435,1,Facebook,2025-04-27,07:38:28,Carousel,Top 5 actionable strategies for User Experience in 2025. Save this post for later! #MachineLearning #Productivity #Leadership #GrowthHacking,#MachineLearning #Productivity #Leadership #GrowthHacking,1937,3174,119,10,9,0,0,73,7,Sunday,6,1,2025-04,April,138,7.1244192049561175,2.299936988027725,0.46463603510583373,140,4,Positive
FA_0436,1,Facebook,2025-01-05,18:11:49,Link,Mastering Brand Strategy in under 10 minutes. Read our full step-by-step guide now! #BusinessTips #Coding,#BusinessTips #Coding,3030,3968,167,27,4,0,0,51,18,Sunday,6,1,2025-01,January,198,6.534653465346535,1.2852822580645162,0.132013201320132,105,2,Positive
FA_0437,1,Facebook,2025-11-05,22:07:50,Text,Case study alert: How we boosted results by 350% using Python Automation. #BusinessTips #AI,#BusinessTips #AI,1898,2524,147,26,8,0,0,35,22,Wednesday,2,0,2025-11,November,181,9.536354056902002,1.386687797147385,0.42149631190727077,91,2,Positive
FA_0438,1,Facebook,2025-11-05,17:47:23,Video,Case study alert: How we boosted results by 350% using AI Workflow. #DigitalMarketing #DataAnalytics #Productivity #Coding,#DigitalMarketing #DataAnalytics #Productivity #Coding,1365,1996,41,9,3,0,653,21,17,Wednesday,2,0,2025-11,November,53,3.8827838827838828,1.0521042084168337,0.21978021978021978,122,4,Positive
FA_0439,1,Facebook,2025-04-16,04:43:50,Link,Sunday motivation: Start your week with a fresh mindset on Python Automation. #MarketingStrategy #Innovation #Productivity #DigitalMarketing,#MarketingStrategy #Innovation #Productivity #DigitalMarketing,2011,2858,64,15,4,0,0,103,4,Wednesday,2,0,2025-04,April,83,4.127299850820487,3.6039188243526943,0.19890601690701143,140,4,Positive
FA_0440,1,Facebook,2025-10-19,17:52:30,Carousel,Why Data Analytics matters more than ever for modern business growth. #DigitalMarketing,#DigitalMarketing,6180,10225,268,57,34,0,0,190,17,Sunday,6,1,2025-10,October,359,5.809061488673139,1.8581907090464547,0.5501618122977346,87,1,Positive
FA_0441,1,Facebook,2025-07-16,23:59:46,Carousel,Behind the scenes at our team workshop on AI Workflow. Innovation starts here! #MachineLearning #TechTrends #DataAnalytics #MarketingStrategy,#MachineLearning #TechTrends #DataAnalytics #MarketingStrategy,4204,6586,100,19,13,0,0,233,23,Wednesday,2,0,2025-07,July,132,3.139866793529972,3.5378074703917397,0.30922930542340626,141,4,Positive
FA_0442,1,Facebook,2025-07-08,02:47:11,Carousel,Case study alert: How we boosted results by 350% using Brand Strategy. #Leadership #MarketingStrategy #DigitalMarketing #DataAnalytics,#Leadership #MarketingStrategy #DigitalMarketing #DataAnalytics,893,1381,54,7,3,0,0,26,2,Tuesday,1,0,2025-07,July,64,7.166853303471445,1.8826937002172341,0.33594624860022393,134,4,Positive
FA_0443,1,Facebook,2025-12-30,04:58:08,Text,Unpopular opinion about Executive Leadership: Most teams are doing it wrong. Here is why... #AI #Coding #SocialMedia2025 #StartupLife,#AI #Coding #SocialMedia2025 #StartupLife,1778,2541,65,5,8,0,0,71,4,Tuesday,1,0,2025-12,December,78,4.386951631046119,2.7941755214482487,0.44994375703037126,133,4,Negative
FA_0444,1,Facebook,2025-03-28,02:49:29,Image,We are excited to announce our newest breakthrough in Customer Engagement. Check out the link below! #Leadership #GrowthHacking,#Leadership #GrowthHacking,707,1111,23,4,2,0,0,35,2,Friday,4,0,2025-03,March,29,4.101838755304102,3.1503150315031503,0.2828854314002829,127,2,Positive
FA_0445,1,Facebook,2025-07-19,11:13:32,Carousel,Mastering Data Analytics in under 10 minutes. Read our full step-by-step guide now! #DesignThinking,#DesignThinking,6738,9178,231,15,17,0,0,400,11,Saturday,5,1,2025-07,July,263,3.9032353814188188,4.3582479843103075,0.25230038587117837,99,1,Positive
FA_0446,1,Facebook,2025-04-23,03:31:01,Video,Case study alert: How we boosted results by 350% using Social Media ROI. #BusinessTips,#BusinessTips,3549,5300,111,10,10,0,3085,56,3,Wednesday,2,0,2025-04,April,131,3.6911806142575374,1.0566037735849056,0.28176951253874327,86,1,Positive
FA_0447,1,Facebook,2025-07-25,23:48:40,Text,Sunday motivation: Start your week with a fresh mindset on Content Marketing. #DataAnalytics #AI #StartupLife #DigitalMarketing,#DataAnalytics #AI #StartupLife #DigitalMarketing,578,724,22,3,3,0,0,8,23,Friday,4,0,2025-07,July,28,4.844290657439446,1.1049723756906076,0.5190311418685121,127,4,Positive
FA_0448,1,Facebook,2025-03-29,09:10:22,Carousel,Quick question for our community: How do you handle Brand Strategy in your daily workflow? #StartupLife #DesignThinking #MachineLearning #MarketingStrategy,#StartupLife #DesignThinking #MachineLearning #MarketingStrategy,5655,8942,444,81,12,0,0,61,9,Saturday,5,1,2025-03,March,537,9.49602122015915,0.6821740102885261,0.21220159151193632,155,4,Neutral
FA_0449,1,Facebook,2025-04-30,18:19:44,Image,Top 5 actionable strategies for Content Marketing in 2025. Save this post for later! #Innovation,#Innovation,6418,10461,367,22,25,0,0,159,18,Wednesday,2,0,2025-04,April,414,6.450607665939545,1.5199311729280183,0.38952944842630105,96,1,Positive
FA_0450,1,Facebook,2025-11-03,16:09:20,Link,Discover how Social Media ROI is transforming the industry! What are your thoughts? #GrowthHacking #StartupLife #DesignThinking,#GrowthHacking #StartupLife #DesignThinking,2645,4109,98,5,12,0,0,70,16,Monday,0,0,2025-11,November,115,4.3478260869565215,1.7035775127768313,0.4536862003780718,127,3,Positive
FA_0451,1,Facebook,2025-12-07,09:02:30,Video,Discover how User Experience is transforming the industry! What are your thoughts? #SocialMedia2025 #GrowthHacking #MarketingStrategy #Leadership,#SocialMedia2025 #GrowthHacking #MarketingStrategy #Leadership,4882,8629,112,27,15,0,2259,91,9,Sunday,6,1,2025-12,December,154,3.1544448996312986,1.0545833816201182,0.3072511265874642,145,4,Positive
FA_0452,1,Facebook,2025-09-17,02:50:45,Text,Unpopular opinion about Customer Engagement: Most teams are doing it wrong. Here is why... #MachineLearning #DataAnalytics,#MachineLearning #DataAnalytics,2322,3046,126,30,5,0,0,123,2,Wednesday,2,0,2025-09,September,161,6.933677863910422,4.038082731451084,0.2153316106804479,122,2,Negative
FA_0453,1,Facebook,2025-07-13,06:06:29,Text,Discover how Cloud Scale is transforming the industry! What are your thoughts? #DesignThinking #MarketingStrategy #Coding #Leadership,#DesignThinking #MarketingStrategy #Coding #Leadership,1744,2020,129,14,11,0,0,65,6,Sunday,6,1,2025-07,July,154,8.830275229357799,3.217821782178218,0.6307339449541285,133,4,Positive
FA_0454,1,Facebook,2025-05-26,13:39:31,Text,Unpopular opinion about AI Workflow: Most teams are doing it wrong. Here is why... #MarketingStrategy #MachineLearning #Leadership,#MarketingStrategy #MachineLearning #Leadership,1515,1680,75,14,6,0,0,85,13,Monday,0,0,2025-05,May,95,6.270627062706271,5.059523809523809,0.39603960396039606,130,3,Negative
FA_0455,1,Facebook,2025-09-08,11:12:25,Carousel,Sunday motivation: Start your week with a fresh mindset on AI Workflow. #Coding #TechTrends #AI #BusinessTips,#Coding #TechTrends #AI #BusinessTips,5663,10023,375,75,24,0,0,257,11,Monday,0,0,2025-09,September,474,8.370121843545823,2.564102564102564,0.4238036376478898,109,4,Positive
FA_0456,1,Facebook,2025-07-17,15:26:19,Video,Quick question for our community: How do you handle Executive Leadership in your daily workflow? #Coding,#Coding,6379,10131,374,38,29,0,4723,144,15,Thursday,3,0,2025-07,July,441,6.91330929612792,1.4213799230085875,0.4546167110832419,104,1,Neutral
FA_0457,1,Facebook,2025-01-07,04:15:00,Text,Unpopular opinion about Python Automation: Most teams are doing it wrong. Here is why... #SocialMedia2025,#SocialMedia2025,897,1254,55,8,4,0,0,48,4,Tuesday,1,0,2025-01,January,67,7.469342251950947,3.827751196172249,0.4459308807134894,105,1,Negative
FA_0458,1,Facebook,2025-02-15,03:58:42,Link,Mastering Social Media ROI in under 10 minutes. Read our full step-by-step guide now! #MachineLearning #DataAnalytics #Coding,#MachineLearning #DataAnalytics #Coding,285,347,14,0,1,0,0,8,3,Saturday,5,1,2025-02,February,15,5.263157894736842,2.3054755043227666,0.3508771929824561,125,3,Positive
FA_0459,1,Facebook,2025-04-01,13:38:26,Video,Sunday motivation: Start your week with a fresh mindset on Content Marketing. #MarketingStrategy #SocialMedia2025 #AI #Leadership,#MarketingStrategy #SocialMedia2025 #AI #Leadership,3739,4267,115,23,6,0,3182,113,13,Tuesday,1,0,2025-04,April,144,3.8512971382722654,2.6482306069838297,0.16047071409467772,129,4,Positive
FA_0460,1,Facebook,2025-03-27,02:54:20,Text,Sunday motivation: Start your week with a fresh mindset on AI Workflow. #AI #GrowthHacking #TechTrends,#AI #GrowthHacking #TechTrends,1932,3153,39,4,5,0,0,83,2,Thursday,3,0,2025-03,March,48,2.484472049689441,2.6324135743736123,0.2587991718426501,102,3,Positive
FA_0461,1,Facebook,2025-01-04,13:40:39,Link,Quick question for our community: How do you handle Executive Leadership in your daily workflow? #DesignThinking #GrowthHacking #Innovation #BusinessTips,#DesignThinking #GrowthHacking #Innovation #BusinessTips,3784,6809,261,62,27,0,0,109,13,Saturday,5,1,2025-01,January,350,9.249471458773785,1.6008224408870613,0.7135306553911205,153,4,Positive
FA_0462,1,Facebook,2025-02-21,00:06:44,Text,Top 5 actionable strategies for Social Media ROI in 2025. Save this post for later! #Innovation,#Innovation,1265,2010,87,10,8,0,0,54,0,Friday,4,0,2025-02,February,105,8.300395256916996,2.6865671641791042,0.6324110671936759,95,1,Positive
FA_0463,1,Facebook,2025-11-23,11:43:49,Link,Sunday motivation: Start your week with a fresh mindset on Data Analytics. #StartupLife #Leadership #DataAnalytics,#StartupLife #Leadership #DataAnalytics,2066,3420,84,19,11,0,0,69,11,Sunday,6,1,2025-11,November,114,5.517909002904163,2.017543859649123,0.5324298160696999,114,3,Positive
FA_0464,1,Facebook,2025-07-17,10:41:57,Video,Why Cloud Scale matters more than ever for modern business growth. #MarketingStrategy,#MarketingStrategy,3340,5247,176,39,7,0,2081,52,10,Thursday,3,0,2025-07,July,222,6.646706586826347,0.9910425004764627,0.20958083832335328,85,1,Positive
FA_0465,1,Facebook,2025-12-04,03:15:22,Image,Behind the scenes at our team workshop on Social Media ROI. Innovation starts here! #Coding #BusinessTips #DesignThinking,#Coding #BusinessTips #DesignThinking,1792,2568,132,9,4,0,0,65,3,Thursday,3,0,2025-12,December,145,8.091517857142858,2.5311526479750777,0.2232142857142857,121,3,Positive
FA_0466,1,Facebook,2025-04-25,20:58:13,Carousel,Mastering AI Workflow in under 10 minutes. Read our full step-by-step guide now! #BusinessTips #MachineLearning #Productivity,#BusinessTips #MachineLearning #Productivity,9033,16045,417,40,22,0,0,221,20,Friday,4,0,2025-04,April,479,5.302778700321046,1.3773761296354003,0.24355142256171813,125,3,Positive
FA_0467,1,Facebook,2025-04-07,04:13:38,Video,Discover how Brand Strategy is transforming the industry! What are your thoughts? #Innovation #MachineLearning #TechTrends #DigitalMarketing,#Innovation #MachineLearning #TechTrends #DigitalMarketing,2437,3342,110,22,13,0,2112,39,4,Monday,0,0,2025-04,April,145,5.949938448912597,1.1669658886894074,0.5334427574887156,140,4,Positive
FA_0468,1,Facebook,2025-05-01,19:35:55,Link,Why Social Media ROI matters more than ever for modern business growth. #Productivity #DataAnalytics #Leadership,#Productivity #DataAnalytics #Leadership,1491,2419,105,22,2,0,0,38,19,Thursday,3,0,2025-05,May,129,8.651911468812877,1.5708970649028524,0.1341381623071764,112,3,Positive
FA_0469,1,Facebook,2025-12-28,20:53:51,Video,Quick question for our community: How do you handle Executive Leadership in your daily workflow? #MachineLearning #BusinessTips #TechTrends,#MachineLearning #BusinessTips #TechTrends,10431,17666,793,75,91,0,8987,509,20,Sunday,6,1,2025-12,December,959,9.193749400824466,2.881240801539681,0.8723995781804238,139,3,Neutral
FA_0470,1,Facebook,2025-12-04,05:47:45,Carousel,Quick question for our community: How do you handle Python Automation in your daily workflow? #BusinessTips #StartupLife #Leadership,#BusinessTips #StartupLife #Leadership,3254,4781,120,22,5,0,0,171,5,Thursday,3,0,2025-12,December,147,4.517516902274124,3.576657603011922,0.15365703749231713,132,3,Neutral
FA_0471,1,Facebook,2025-10-25,01:58:14,Link,Why Executive Leadership matters more than ever for modern business growth. #Innovation #MarketingStrategy,#Innovation #MarketingStrategy,977,1173,32,6,3,0,0,10,1,Saturday,5,1,2025-10,October,41,4.1965199590583415,0.8525149190110828,0.3070624360286591,106,2,Positive
FA_0472,1,Facebook,2025-03-17,13:42:35,Text,Quick question for our community: How do you handle Social Media ROI in your daily workflow? #AI,#AI,1465,1665,115,20,11,0,0,85,13,Monday,0,0,2025-03,March,146,9.965870307167235,5.105105105105105,0.7508532423208191,96,1,Neutral
FA_0473,1,Facebook,2025-05-04,14:26:29,Carousel,Top 5 actionable strategies for Social Media ROI in 2025. Save this post for later! #DesignThinking #MachineLearning #Coding #StartupLife,#DesignThinking #MachineLearning #Coding #StartupLife,9838,15300,359,64,24,0,0,157,14,Sunday,6,1,2025-05,May,447,4.5436064240699325,1.0261437908496733,0.24395202276885547,137,4,Positive
FA_0474,1,Facebook,2025-09-18,08:11:22,Carousel,Sunday motivation: Start your week with a fresh mindset on User Experience. #DigitalMarketing #MachineLearning #Productivity #AI,#DigitalMarketing #MachineLearning #Productivity #AI,3857,5983,177,29,5,0,0,50,8,Thursday,3,0,2025-09,September,211,5.470572984184599,0.8357011532675915,0.12963443090484833,128,4,Positive
FA_0475,1,Facebook,2025-12-25,00:43:08,Carousel,Top 5 actionable strategies for Cloud Scale in 2025. Save this post for later! #AI #SocialMedia2025 #Innovation #Productivity,#AI #SocialMedia2025 #Innovation #Productivity,2064,3221,55,12,6,0,0,21,0,Thursday,3,0,2025-12,December,73,3.5368217054263567,0.6519714374417882,0.29069767441860467,125,4,Positive
FA_0476,1,Facebook,2025-10-22,07:30:30,Image,Top 5 actionable strategies for Cloud Scale in 2025. Save this post for later! #Productivity #DesignThinking #TechTrends,#Productivity #DesignThinking #TechTrends,2999,4062,157,21,22,0,0,30,7,Wednesday,2,0,2025-10,October,200,6.668889629876626,0.7385524372230428,0.7335778592864288,120,3,Positive
FA_0477,1,Facebook,2025-05-31,23:59:57,Video,Sunday motivation: Start your week with a fresh mindset on User Experience. #MachineLearning #GrowthHacking #SocialMedia2025 #Productivity,#MachineLearning #GrowthHacking #SocialMedia2025 #Productivity,2599,3039,179,17,7,0,1429,134,23,Saturday,5,1,2025-05,May,203,7.810696421700654,4.409345179335308,0.2693343593689881,138,4,Positive
FA_0478,1,Facebook,2025-07-03,10:05:58,Carousel,Behind the scenes at our team workshop on Python Automation. Innovation starts here! #SocialMedia2025,#SocialMedia2025,4930,5986,233,55,25,0,0,281,10,Thursday,3,0,2025-07,July,313,6.348884381338743,4.694286668894086,0.5070993914807302,101,1,Positive
FA_0479,1,Facebook,2025-05-18,23:03:04,Video,We are excited to announce our newest breakthrough in Brand Strategy. Check out the link below! #BusinessTips #Productivity,#BusinessTips #Productivity,7281,9940,566,56,31,0,4847,321,23,Sunday,6,1,2025-05,May,653,8.968548276335667,3.2293762575452716,0.42576569152588933,123,2,Positive
FA_0480,1,Facebook,2025-06-20,09:56:55,Video,Mastering Customer Engagement in under 10 minutes. Read our full step-by-step guide now! #AI,#AI,2700,4768,180,13,15,0,2261,106,9,Friday,4,0,2025-06,June,208,7.703703703703704,2.2231543624161074,0.5555555555555556,92,1,Positive
FA_0481,1,Facebook,2025-10-20,10:16:01,Carousel,Quick question for our community: How do you handle AI Workflow in your daily workflow? #MarketingStrategy,#MarketingStrategy,3244,4352,209,50,18,0,0,128,10,Monday,0,0,2025-10,October,277,8.538840937114674,2.941176470588235,0.5548705302096177,106,1,Neutral
FA_0482,1,Facebook,2025-01-05,18:41:54,Video,Quick question for our community: How do you handle Social Media ROI in your daily workflow? #Innovation #MachineLearning #DigitalMarketing #TechTrends,#Innovation #MachineLearning #DigitalMarketing #TechTrends,4538,6925,283,24,41,0,3626,159,18,Sunday,6,1,2025-01,January,348,7.668576465403261,2.2960288808664258,0.9034817100044072,151,4,Positive
FA_0483,1,Facebook,2025-04-28,11:06:41,Image,Top 5 actionable strategies for Customer Engagement in 2025. Save this post for later! #DesignThinking #GrowthHacking #AI #StartupLife,#General,1706,1988,93,6,5,0,0,96,11,Monday,0,0,2025-04,April,104,6.096131301289566,4.82897384305835,0.29308323563892147,134,1,Positive
FA_0484,1,Facebook,2025-12-13,18:31:14,Video,Top 5 actionable strategies for Executive Leadership in 2025. Save this post for later! #SocialMedia2025 #StartupLife #Productivity #Coding,#SocialMedia2025 #StartupLife #Productivity #Coding,9165,15925,593,114,66,0,7101,203,18,Saturday,5,1,2025-12,December,773,8.434260774686306,1.2747252747252749,0.7201309328968903,139,4,Positive
FA_0485,1,Facebook,2025-09-28,22:10:48,Text,Quick question for our community: How do you handle Social Media ROI in your daily workflow? #MarketingStrategy #AI,#MarketingStrategy #AI,2024,3575,91,11,6,0,0,31,22,Sunday,6,1,2025-09,September,108,5.33596837944664,0.8671328671328672,0.2964426877470355,115,2,Neutral
FA_0486,1,Facebook,2025-03-02,10:33:39,Link,Sunday motivation: Start your week with a fresh mindset on Customer Engagement. #TechTrends #MachineLearning,#TechTrends #MachineLearning,2513,4398,194,29,26,0,0,142,10,Sunday,6,1,2025-03,March,249,9.908475925189016,3.2287403365165988,1.0346199761241544,108,2,Positive
FA_0487,1,Facebook,2025-01-04,22:24:38,Link,Quick question for our community: How do you handle Brand Strategy in your daily workflow? #TechTrends,#TechTrends,722,973,18,2,0,0,0,25,22,Saturday,5,1,2025-01,January,20,2.7700831024930745,2.5693730729701953,0.0,102,1,Neutral
FA_0488,1,Facebook,2025-03-21,23:54:26,Text,No Caption Provided,#DigitalMarketing #GrowthHacking #BusinessTips,1233,2210,73,10,2,0,0,58,23,Friday,4,0,2025-03,March,85,6.89375506893755,2.6244343891402715,0.16220600162206003,19,3,Neutral
FA_0489,1,Facebook,2025-02-26,06:54:06,Video,Unpopular opinion about Python Automation: Most teams are doing it wrong. Here is why... #MachineLearning #GrowthHacking #TechTrends #MarketingStrategy,#MachineLearning #GrowthHacking #TechTrends #MarketingStrategy,8673,15507,235,34,19,0,6425,141,6,Wednesday,2,0,2025-02,February,288,3.3206502940159117,0.9092667827432772,0.21907067911910524,151,4,Negative
FA_0490,1,Facebook,2025-07-19,04:47:05,Image,Case study alert: How we boosted results by 350% using Data Analytics. #MarketingStrategy #GrowthHacking,#MarketingStrategy #GrowthHacking,10142,17047,464,78,9,0,0,344,4,Saturday,5,1,2025-07,July,551,5.432853480575823,2.01795037249956,0.08873989351212778,104,2,Positive
FA_0491,1,Facebook,2025-11-13,05:33:07,Video,Unpopular opinion about Content Marketing: Most teams are doing it wrong. Here is why... #DesignThinking #AI #DigitalMarketing,#DesignThinking #AI #DigitalMarketing,4376,6265,293,20,33,0,3087,85,5,Thursday,3,0,2025-11,November,346,7.9067641681901275,1.3567438148443736,0.7541133455210238,126,3,Negative
FA_0492,1,Facebook,2025-03-03,04:49:00,Link,Sunday motivation: Start your week with a fresh mindset on Content Marketing. #BusinessTips #TechTrends,#BusinessTips #TechTrends,2370,3238,122,23,17,0,0,49,4,Monday,0,0,2025-03,March,162,6.8354430379746836,1.513279802347128,0.7172995780590717,103,2,Positive
FA_0493,1,Facebook,2025-01-27,11:04:43,Link,Quick question for our community: How do you handle Customer Engagement in your daily workflow? #MachineLearning #BusinessTips #DataAnalytics,#MachineLearning #BusinessTips #DataAnalytics,711,782,42,4,2,0,0,17,11,Monday,0,0,2025-01,January,48,6.751054852320674,2.1739130434782608,0.2812939521800281,141,3,Neutral
FA_0494,1,Facebook,2025-09-09,13:14:15,Image,Case study alert: How we boosted results by 350% using AI Workflow. #StartupLife,#StartupLife,1825,2468,125,24,12,0,0,73,13,Tuesday,1,0,2025-09,September,161,8.821917808219178,2.9578606158833063,0.6575342465753425,80,1,Positive
FA_0495,1,Facebook,2025-02-14,03:52:21,Carousel,Unpopular opinion about AI Workflow: Most teams are doing it wrong. Here is why... #Innovation,#Innovation,3608,4217,276,47,16,0,0,121,3,Friday,4,0,2025-02,February,339,9.39578713968958,2.869338392221959,0.4434589800443459,94,1,Negative
FA_0496,1,Facebook,2025-03-07,06:58:47,Link,Top 5 actionable strategies for Cloud Scale in 2025. Save this post for later! #Coding #GrowthHacking #Leadership,#Coding #GrowthHacking #Leadership,434,604,32,4,0,0,0,17,6,Friday,4,0,2025-03,March,36,8.294930875576037,2.814569536423841,0.0,113,3,Positive
FA_0497,1,Facebook,2025-10-17,02:12:48,Video,We are excited to announce our newest breakthrough in Python Automation. Check out the link below! #StartupLife #SocialMedia2025 #Productivity #AI,#General,5025,7506,218,37,10,0,2019,193,2,Friday,4,0,2025-10,October,265,5.273631840796019,2.5712763122835063,0.1990049751243781,146,1,Positive
FA_0498,1,Facebook,2025-09-20,16:34:55,Carousel,Behind the scenes at our team workshop on Customer Engagement. Innovation starts here! #Productivity #DataAnalytics #DigitalMarketing,#Productivity #DataAnalytics #DigitalMarketing,1828,2069,62,3,2,0,0,99,16,Saturday,5,1,2025-09,September,67,3.665207877461707,4.784920251329145,0.10940919037199125,133,3,Positive
FA_0499,1,Facebook,2025-11-25,09:03:57,Video,Quick question for our community: How do you handle Cloud Scale in your daily workflow? #TechTrends,#TechTrends,8774,11644,673,152,36,0,4095,481,9,Tuesday,1,0,2025-11,November,861,9.813084112149532,4.130882858124356,0.41030316845224524,99,1,Neutral
FA_0500,1,Facebook,2025-01-06,12:56:33,Link,Sunday motivation: Start your week with a fresh mindset on Social Media ROI. #TechTrends #SocialMedia2025 #StartupLife,#TechTrends #SocialMedia2025 #StartupLife,3239,4428,191,42,19,0,0,121,12,Monday,0,0,2025-01,January,252,7.780179067613462,2.7326106594399278,0.5866008027168879,118,3,Positive
FA_0501,1,Facebook,2025-10-25,22:55:49,Text,Quick question for our community: How do you handle Social Media ROI in your daily workflow? #DataAnalytics #MachineLearning #Productivity #BusinessTips,#DataAnalytics #MachineLearning #Productivity #BusinessTips,1911,2765,90,19,3,0,0,73,22,Saturday,5,1,2025-10,October,112,5.86080586080586,2.640144665461121,0.15698587127158556,152,4,Neutral
FA_0502,1,Facebook,2025-08-06,05:55:54,Text,No Caption Provided,#AI #MarketingStrategy,1834,2845,80,15,3,0,0,87,5,Wednesday,2,0,2025-08,August,98,5.343511450381679,3.0579964850615116,0.16357688113413305,19,2,Neutral
FA_0503,1,Facebook,2025-02-26,00:29:36,Image,Behind the scenes at our team workshop on Social Media ROI. Innovation starts here! #DesignThinking #AI,#DesignThinking #AI,3589,3981,279,67,9,0,0,167,0,Wednesday,2,0,2025-02,February,355,9.891334633602675,4.1949258980155735,0.25076623014767346,103,2,Positive
FA_0504,1,Facebook,2025-03-09,20:29:34,Video,Discover how Customer Engagement is transforming the industry! What are your thoughts? #Leadership #MarketingStrategy #DataAnalytics,#General,4769,7060,101,5,9,0,2152,259,20,Sunday,6,1,2025-03,March,115,2.4114070035646886,3.668555240793201,0.1887188089746278,132,1,Positive
FA_0505,1,Facebook,2025-04-27,15:33:05,Link,Mastering Customer Engagement in under 10 minutes. Read our full step-by-step guide now! #Coding #StartupLife,#Coding #StartupLife,2007,3474,99,24,4,0,0,116,15,Sunday,6,1,2025-04,April,127,6.327852516193324,3.3390903857225105,0.1993024414549078,109,2,Positive
FA_0506,1,Facebook,2025-04-07,03:05:15,Carousel,Quick question for our community: How do you handle Social Media ROI in your daily workflow? #BusinessTips #SocialMedia2025,#BusinessTips #SocialMedia2025,5122,6172,307,33,38,0,0,140,3,Monday,0,0,2025-04,April,378,7.379929714955096,2.268308489954634,0.741897696212417,123,2,Neutral
FA_0507,1,Facebook,2025-05-16,02:46:49,Video,Why Social Media ROI matters more than ever for modern business growth. #MarketingStrategy #BusinessTips #Leadership,#MarketingStrategy #BusinessTips #Leadership,1816,2540,115,9,7,0,842,87,2,Friday,4,0,2025-05,May,131,7.213656387665199,3.425196850393701,0.3854625550660793,116,3,Positive
FA_0508,1,Facebook,2025-07-31,21:54:31,Link,Case study alert: How we boosted results by 350% using Social Media ROI. #BusinessTips #Coding,#BusinessTips #Coding,2437,3589,168,21,16,0,0,75,21,Thursday,3,0,2025-07,July,205,8.411981945014361,2.089718584563945,0.6565449322938038,94,2,Positive
FA_0509,1,Facebook,2025-12-26,03:10:36,Image,Case study alert: How we boosted results by 350% using Content Marketing. #GrowthHacking,#GrowthHacking,1189,1399,88,10,11,0,0,58,3,Friday,4,0,2025-12,December,109,9.167367535744322,4.145818441744103,0.9251471825063078,88,1,Positive
FA_0510,1,Facebook,2025-10-10,15:19:51,Video,We are excited to announce our newest breakthrough in Data Analytics. Check out the link below! #AI #MachineLearning,#AI #MachineLearning,1113,1976,47,8,4,0,486,57,15,Friday,4,0,2025-10,October,59,5.300988319856245,2.8846153846153846,0.3593890386343217,116,2,Positive
FA_0511,1,Facebook,2025-02-10,08:55:18,Carousel,Why Python Automation matters more than ever for modern business growth. #DesignThinking #MarketingStrategy,#DesignThinking #MarketingStrategy,5567,8845,211,27,13,0,0,273,8,Monday,0,0,2025-02,February,251,4.508712053170469,3.086489542114189,0.23351895096102032,107,2,Positive
FA_0512,1,Facebook,2025-11-25,01:10:09,Video,Mastering Cloud Scale in under 10 minutes. Read our full step-by-step guide now! #TechTrends #BusinessTips,#TechTrends #BusinessTips,7995,11895,557,130,47,0,6033,249,1,Tuesday,1,0,2025-11,November,734,9.180737961225766,2.0933165195460277,0.5878674171357098,106,2,Positive
FA_0513,1,Facebook,2025-03-06,07:42:49,Image,Sunday motivation: Start your week with a fresh mindset on Content Marketing. #MarketingStrategy #Productivity #MachineLearning #SocialMedia2025,#MarketingStrategy #Productivity #MachineLearning #SocialMedia2025,4508,6436,174,31,22,0,0,82,7,Thursday,3,0,2025-03,March,227,5.0354924578527065,1.2740832815413299,0.4880212954747116,144,4,Positive
FA_0514,1,Facebook,2025-02-25,03:48:03,Carousel,Behind the scenes at our team workshop on Brand Strategy. Innovation starts here! #DataAnalytics,#DataAnalytics,1409,1758,29,6,1,0,0,28,3,Tuesday,1,0,2025-02,February,36,2.55500354861604,1.5927189988623434,0.07097232079488999,96,1,Positive
FA_0515,1,Facebook,2025-10-19,20:33:49,Text,Top 5 actionable strategies for Data Analytics in 2025. Save this post for later! #GrowthHacking,#GrowthHacking,602,812,22,2,0,0,0,28,20,Sunday,6,1,2025-10,October,24,3.9867109634551494,3.4482758620689653,0.0,96,1,Positive
FA_0516,1,Facebook,2025-02-19,12:03:46,Carousel,Mastering AI Workflow in under 10 minutes. Read our full step-by-step guide now! #TechTrends #Innovation,#TechTrends #Innovation,9877,11123,293,54,8,0,0,407,12,Wednesday,2,0,2025-02,February,355,3.5942087678444876,3.659084779286164,0.08099625392325605,104,2,Positive
FA_0517,1,Facebook,2025-12-15,23:49:09,Video,Quick question for our community: How do you handle Cloud Scale in your daily workflow? #Leadership #DesignThinking #MarketingStrategy,#Leadership #DesignThinking #MarketingStrategy,5950,10460,133,25,14,0,3091,356,23,Monday,0,0,2025-12,December,172,2.8907563025210083,3.4034416826003824,0.2352941176470588,134,3,Neutral
FA_0518,1,Facebook,2025-09-12,03:32:47,Video,Top 5 actionable strategies for Customer Engagement in 2025. Save this post for later! #Leadership,#Leadership,2274,2971,54,8,3,0,990,103,3,Friday,4,0,2025-09,September,65,2.8583992963940195,3.466846179737462,0.13192612137203166,98,1,Positive
FA_0519,1,Facebook,2025-08-15,23:40:35,Image,Mastering User Experience in under 10 minutes. Read our full step-by-step guide now! #TechTrends #GrowthHacking #DigitalMarketing #BusinessTips,#TechTrends #GrowthHacking #DigitalMarketing #BusinessTips,4997,5947,209,45,30,0,0,143,23,Friday,4,0,2025-08,August,284,5.683410046027617,2.404573734656129,0.6003602161296778,143,4,Positive
FA_0520,1,Facebook,2025-12-16,01:33:13,Image,Top 5 actionable strategies for Content Marketing in 2025. Save this post for later! #MarketingStrategy,#MarketingStrategy,1308,1804,31,3,2,0,0,19,1,Tuesday,1,0,2025-12,December,36,2.7522935779816518,1.0532150776053215,0.1529051987767584,103,1,Positive
FA_0521,1,Facebook,2025-08-27,03:58:22,Image,Quick question for our community: How do you handle Python Automation in your daily workflow? #DataAnalytics #BusinessTips #GrowthHacking #AI,#DataAnalytics #BusinessTips #GrowthHacking #AI,3477,4342,224,16,17,0,0,129,3,Wednesday,2,0,2025-08,August,257,7.391429393155019,2.9709811146936898,0.48892723612309463,141,4,Positive
FA_0522,1,Facebook,2025-10-18,01:08:25,Text,Unpopular opinion about Data Analytics: Most teams are doing it wrong. Here is why... #DesignThinking #BusinessTips #Leadership,#DesignThinking #BusinessTips #Leadership,3172,5604,193,20,19,0,0,44,1,Saturday,5,1,2025-10,October,232,7.3139974779319035,0.7851534618129907,0.5989911727616646,127,3,Negative
FA_0523,1,Facebook,2025-12-31,16:26:08,Carousel,Top 5 actionable strategies for Content Marketing in 2025. Save this post for later! #MarketingStrategy #Productivity #TechTrends,#MarketingStrategy #Productivity #TechTrends,3496,6203,132,11,18,0,0,119,16,Wednesday,2,0,2025-12,December,161,4.605263157894736,1.9184265677897792,0.5148741418764302,129,3,Positive
FA_0524,1,Facebook,2025-12-08,12:54:50,Carousel,Sunday motivation: Start your week with a fresh mindset on Python Automation. #SocialMedia2025,#SocialMedia2025,8405,12649,241,44,30,0,0,392,12,Monday,0,0,2025-12,December,315,3.7477691850089236,3.099059214167128,0.3569303985722784,94,1,Positive
FA_0525,1,Facebook,2025-08-23,05:22:11,Link,Why AI Workflow matters more than ever for modern business growth. #DigitalMarketing #SocialMedia2025 #MachineLearning #TechTrends,#DigitalMarketing #SocialMedia2025 #MachineLearning #TechTrends,2353,3633,137,22,3,0,0,111,5,Saturday,5,1,2025-08,August,162,6.884827879303017,3.05532617671346,0.1274968125796855,130,4,Positive
FA_0526,1,Facebook,2025-11-04,13:44:47,Video,Quick question for our community: How do you handle Content Marketing in your daily workflow? #GrowthHacking,#GrowthHacking,12697,18429,915,173,95,0,7973,387,13,Tuesday,1,0,2025-11,November,1183,9.317161534220682,2.0999511639264203,0.7482082381664961,108,1,Positive
FA_0527,1,Facebook,2025-06-21,04:07:40,Text,We are excited to announce our newest breakthrough in Python Automation. Check out the link below! #MarketingStrategy #SocialMedia2025 #Innovation,#MarketingStrategy #SocialMedia2025 #Innovation,1596,2699,97,13,5,0,0,65,4,Saturday,5,1,2025-06,June,115,7.205513784461153,2.408299370137088,0.3132832080200501,146,3,Positive
FA_0528,1,Facebook,2025-02-23,03:15:49,Carousel,Sunday motivation: Start your week with a fresh mindset on Python Automation. #Leadership,#Leadership,1366,1927,74,4,4,0,0,42,3,Sunday,6,1,2025-02,February,82,6.002928257686676,2.179553710430721,0.29282576866764276,89,1,Positive
FA_0529,1,Facebook,2025-04-11,17:05:48,Link,Mastering Executive Leadership in under 10 minutes. Read our full step-by-step guide now! #Coding #Productivity #StartupLife #MachineLearning,#Coding #Productivity #StartupLife #MachineLearning,8648,11229,629,64,81,0,0,430,17,Friday,4,0,2025-04,April,774,8.95004625346901,3.8293703802653845,0.9366327474560593,141,4,Positive
FA_0530,1,Facebook,2025-08-01,01:11:22,Video,Mastering Brand Strategy in under 10 minutes. Read our full step-by-step guide now! #GrowthHacking #MarketingStrategy #Innovation,#GrowthHacking #MarketingStrategy #Innovation,8785,10848,515,111,63,0,6052,144,1,Friday,4,0,2025-08,August,689,7.8429140580535,1.3274336283185841,0.7171314741035857,129,3,Positive
FA_0531,1,Facebook,2025-06-12,18:50:00,Video,Sunday motivation: Start your week with a fresh mindset on AI Workflow. #SocialMedia2025 #AI,#SocialMedia2025 #AI,12022,18503,428,68,61,0,6033,176,18,Thursday,3,0,2025-06,June,557,4.6331725170520714,0.9511971031724585,0.507403094327067,92,2,Positive
FA_0532,1,Facebook,2025-01-15,22:30:15,Image,Why User Experience matters more than ever for modern business growth. #TechTrends #MachineLearning #Productivity #MarketingStrategy,#TechTrends #MachineLearning #Productivity #MarketingStrategy,4319,5314,255,24,11,0,0,224,22,Wednesday,2,0,2025-01,January,290,6.714517249363279,4.215280391418894,0.25468858532067606,132,4,Positive
FA_0533,1,Facebook,2025-05-14,01:53:02,Video,Why Data Analytics matters more than ever for modern business growth. #AI,#AI,1893,2270,67,5,2,0,1556,105,1,Wednesday,2,0,2025-05,May,74,3.909138932910724,4.6255506607929515,0.10565240359218173,73,1,Positive
FA_0534,1,Facebook,2025-07-31,02:40:43,Image,We are excited to announce our newest breakthrough in Content Marketing. Check out the link below! #BusinessTips #GrowthHacking #StartupLife #Leadership,#BusinessTips #GrowthHacking #StartupLife #Leadership,589,721,31,5,0,0,0,34,2,Thursday,3,0,2025-07,July,36,6.112054329371817,4.715672676837725,0.0,152,4,Positive
FA_0535,1,Facebook,2025-10-07,00:10:57,Link,Case study alert: How we boosted results by 350% using AI Workflow. #Innovation #TechTrends,#Innovation #TechTrends,1513,1825,108,7,5,0,0,39,0,Tuesday,1,0,2025-10,October,120,7.931262392597488,2.136986301369863,0.3304692663582287,91,2,Positive
FA_0536,1,Facebook,2025-05-18,09:57:50,Image,Why Brand Strategy matters more than ever for modern business growth. #Leadership #MachineLearning #DesignThinking,#Leadership #MachineLearning #DesignThinking,5139,8970,179,16,23,0,0,235,9,Sunday,6,1,2025-05,May,218,4.242070441720179,2.61984392419175,0.44755789064020235,114,3,Positive
FA_0537,1,Facebook,2025-10-28,11:20:40,Video,Behind the scenes at our team workshop on Executive Leadership. Innovation starts here! #Coding #Leadership #BusinessTips #Innovation,#Coding #Leadership #BusinessTips #Innovation,5945,9066,272,44,18,0,4258,78,11,Tuesday,1,0,2025-10,October,334,5.618166526492851,0.8603573792190603,0.3027754415475189,133,4,Positive
FA_0538,1,Facebook,2025-10-28,14:55:14,Carousel,Mastering Brand Strategy in under 10 minutes. Read our full step-by-step guide now! #TechTrends #AI #MarketingStrategy #GrowthHacking,#General,4726,5438,280,34,33,0,0,76,14,Tuesday,1,0,2025-10,October,347,7.342361404993652,1.3975726369988968,0.6982649174777824,133,1,Positive
FA_0539,1,Facebook,2025-08-27,20:39:39,Video,Behind the scenes at our team workshop on Cloud Scale. Innovation starts here! #BusinessTips,#BusinessTips,8043,9426,295,50,39,0,6675,110,20,Wednesday,2,0,2025-08,August,384,4.774337933606863,1.1669849352853807,0.484893696381947,92,1,Positive
FA_0540,1,Facebook,2025-06-12,11:39:18,Image,Top 5 actionable strategies for Executive Leadership in 2025. Save this post for later! #TechTrends #DigitalMarketing #BusinessTips #AI,#General,3462,5240,118,6,2,0,0,170,11,Thursday,3,0,2025-06,June,126,3.6395147313691507,3.2442748091603053,0.05777007510109763,135,1,Positive
FA_0541,1,Facebook,2025-03-09,14:39:57,Carousel,Discover how Cloud Scale is transforming the industry! What are your thoughts? #GrowthHacking,#GrowthHacking,2078,3453,131,13,15,0,0,62,14,Sunday,6,1,2025-03,March,159,7.651588065447545,1.7955401100492325,0.7218479307025986,93,1,Positive
FA_0542,1,Facebook,2025-07-21,10:51:57,Text,Quick question for our community: How do you handle Executive Leadership in your daily workflow? #Productivity,#Productivity,692,869,48,3,7,0,0,36,10,Monday,0,0,2025-07,July,58,8.38150289017341,4.1426927502876865,1.0115606936416186,110,1,Neutral
FA_0543,1,Facebook,2025-07-08,19:34:18,Image,Discover how Customer Engagement is transforming the industry! What are your thoughts? #AI,#AI,1407,1872,79,16,4,0,0,26,19,Tuesday,1,0,2025-07,July,99,7.036247334754798,1.3888888888888888,0.28429282160625446,90,1,Positive
FA_0544,1,Facebook,2025-03-17,21:16:03,Text,Case study alert: How we boosted results by 350% using Executive Leadership. #SocialMedia2025,#SocialMedia2025,2968,4283,109,22,9,0,0,43,21,Monday,0,0,2025-03,March,140,4.716981132075472,1.0039691804809714,0.3032345013477089,93,1,Positive
FA_0545,1,Facebook,2025-05-05,23:33:41,Video,Discover how AI Workflow is transforming the industry! What are your thoughts? #Leadership,#Leadership,6331,9038,272,40,17,0,5109,304,23,Monday,0,0,2025-05,May,329,5.19665139788343,3.363576012392122,0.2685199810456484,90,1,Positive
FA_0546,1,Facebook,2025-12-29,16:31:49,Carousel,Mastering AI Workflow in under 10 minutes. Read our full step-by-step guide now! #DataAnalytics #GrowthHacking,#DataAnalytics #GrowthHacking,6343,9257,423,37,23,0,0,115,16,Monday,0,0,2025-12,December,483,7.614693362762099,1.2423031219617586,0.36260444584581425,110,2,Positive
FA_0547,1,Facebook,2025-03-17,16:46:58,Image,Why Content Marketing matters more than ever for modern business growth. #Coding,#Coding,678,1059,31,3,4,0,0,9,16,Monday,0,0,2025-03,March,38,5.604719764011799,0.84985835694051,0.5899705014749262,80,1,Positive
FA_0548,1,Facebook,2025-09-18,12:09:03,Link,Mastering Brand Strategy in under 10 minutes. Read our full step-by-step guide now! #TechTrends,#TechTrends,2017,2633,89,15,7,0,0,69,12,Thursday,3,0,2025-09,September,111,5.5032226078334165,2.620584884162552,0.34705007436787305,95,1,Positive
FA_0549,1,Facebook,2025-02-26,07:59:40,Image,Top 5 actionable strategies for User Experience in 2025. Save this post for later! #DataAnalytics #AI #SocialMedia2025,#DataAnalytics #AI #SocialMedia2025,4829,7676,213,27,10,0,0,247,7,Wednesday,2,0,2025-02,February,250,5.177055290950507,3.217821782178218,0.20708221163802026,118,3,Positive
FA_0550,1,Facebook,2025-04-15,12:39:24,Carousel,We are excited to announce our newest breakthrough in Customer Engagement. Check out the link below! #AI,#AI,8180,11727,313,72,15,0,0,210,12,Tuesday,1,0,2025-04,April,400,4.88997555012225,1.7907393195190586,0.18337408312958436,104,1,Positive
IN_0001,2,Instagram,2025-03-14,00:27:49,Story Promotion,Behind the scenes at our team workshop on Brand Strategy. Innovation starts here! #MarketingStrategy,#MarketingStrategy,1027,1676,21,2,1,0,0,55,0,Friday,4,0,2025-03,March,24,2.3369036027263874,3.281622911694511,0.09737098344693282,100,1,Positive
IN_0002,2,Instagram,2025-12-15,10:34:57,Reel,Behind the scenes at our team workshop on Social Media ROI. Innovation starts here! #AI,#AI,8142,11752,334,53,35,27,5124,418,10,Monday,0,0,2025-12,December,449,5.514615573569148,3.5568413886997954,0.4298698108572832,87,1,Positive
IN_0003,2,Instagram,2025-12-06,21:41:25,Carousel,Mastering Cloud Scale in under 10 minutes. Read our full step-by-step guide now! #MarketingStrategy,#MarketingStrategy,13979,16762,697,68,81,203,0,391,21,Saturday,5,1,2025-12,December,1049,7.504113312826383,2.332657200811359,0.579440589455612,99,1,Positive
IN_0004,2,Instagram,2025-11-24,03:55:46,Story Promotion,Quick question for our community: How do you handle Cloud Scale in your daily workflow? #DigitalMarketing #StartupLife,#DigitalMarketing #StartupLife,1830,2547,145,16,3,23,0,49,3,Monday,0,0,2025-11,November,187,10.218579234972678,1.9238319591676483,0.16393442622950818,118,2,Neutral
IN_0005,2,Instagram,2025-06-27,10:30:02,Image,We are excited to announce our newest breakthrough in Executive Leadership. Check out the link below! #Leadership #StartupLife,#Leadership #StartupLife,3507,5227,104,15,2,9,0,114,10,Friday,4,0,2025-06,June,130,3.7068719703450244,2.1809833556533387,0.05702879954376961,126,2,Positive
IN_0006,2,Instagram,2025-09-08,11:08:04,Carousel,We are excited to announce our newest breakthrough in Data Analytics. Check out the link below! #DigitalMarketing,#DigitalMarketing,4600,7826,275,56,11,9,0,108,11,Monday,0,0,2025-09,September,351,7.630434782608695,1.3800153335037055,0.23913043478260868,113,1,Positive
IN_0007,2,Instagram,2025-02-11,10:35:16,Story Promotion,Mastering Brand Strategy in under 10 minutes. Read our full step-by-step guide now! #DesignThinking #StartupLife,#DesignThinking #StartupLife,3929,4591,140,15,8,24,0,172,10,Tuesday,1,0,2025-02,February,187,4.759480783914482,3.746460466129384,0.20361415118350726,112,2,Positive
IN_0008,2,Instagram,2025-04-13,09:06:10,Reel,Why Customer Engagement matters more than ever for modern business growth. #AI #DigitalMarketing #Innovation,#AI #DigitalMarketing #Innovation,8876,15205,410,31,31,41,7699,405,9,Sunday,6,1,2025-04,April,513,5.779630464173051,2.663597500822098,0.34925642181162686,108,3,Positive
IN_0009,2,Instagram,2025-07-30,16:47:41,Image,We are excited to announce our newest breakthrough in Python Automation. Check out the link below! #DesignThinking,#DesignThinking,3617,4593,183,13,16,31,0,89,16,Wednesday,2,0,2025-07,July,243,6.718274813381256,1.9377313302852168,0.4423555432679016,114,1,Positive
IN_0010,2,Instagram,2025-01-04,16:51:01,Story Promotion,Behind the scenes at our team workshop on Data Analytics. Innovation starts here! #TechTrends,#TechTrends,2773,3697,71,7,5,7,0,36,16,Saturday,5,1,2025-01,January,90,3.245582401730977,0.9737625101433596,0.18031013342949875,93,1,Positive
IN_0011,2,Instagram,2025-01-28,07:27:58,Story Promotion,We are excited to announce our newest breakthrough in Social Media ROI. Check out the link below! #Coding #StartupLife,#Coding #StartupLife,1538,2756,31,4,3,1,0,15,7,Tuesday,1,0,2025-01,January,39,2.5357607282184653,0.5442670537010159,0.1950585175552666,118,2,Positive
IN_0012,2,Instagram,2025-04-15,03:46:19,Story Promotion,Top 5 actionable strategies for Python Automation in 2025. Save this post for later! #Coding,#Coding,2168,2664,73,16,3,13,0,69,3,Tuesday,1,0,2025-04,April,105,4.843173431734318,2.59009009009009,0.13837638376383762,92,1,Positive
IN_0013,2,Instagram,2025-01-12,06:43:43,Reel,Behind the scenes at our team workshop on Social Media ROI. Innovation starts here! #Leadership #Coding,#Leadership #Coding,3847,5817,161,16,11,38,2431,194,6,Sunday,6,1,2025-01,January,226,5.874707564335846,3.3350524325253565,0.28593709383935534,103,2,Positive
IN_0014,2,Instagram,2025-07-19,00:24:04,Image,Why User Experience matters more than ever for modern business growth. #TechTrends #GrowthHacking #MarketingStrategy #Leadership,#TechTrends #GrowthHacking #MarketingStrategy #Leadership,9560,12910,682,102,44,146,0,282,0,Saturday,5,1,2025-07,July,974,10.188284518828452,2.1843532145623548,0.46025104602510464,128,4,Positive
IN_0015,2,Instagram,2025-10-16,12:21:11,Reel,Why Customer Engagement matters more than ever for modern business growth. #Coding #BusinessTips #AI,#Coding #BusinessTips #AI,16524,25798,901,212,108,146,7678,432,12,Thursday,3,0,2025-10,October,1367,8.27281529895909,1.6745484146057834,0.6535947712418301,100,3,Positive
IN_0016,2,Instagram,2025-07-26,02:27:36,Reel,Top 5 actionable strategies for Content Marketing in 2025. Save this post for later! #StartupLife,#StartupLife,14405,19109,488,99,67,117,6521,778,2,Saturday,5,1,2025-07,July,771,5.352308226310309,4.071379978020828,0.46511627906976744,97,1,Positive
IN_0017,2,Instagram,2025-02-02,02:15:16,Image,Quick question for our community: How do you handle Data Analytics in your daily workflow? #Leadership,#Leadership,8326,14541,326,61,22,96,0,322,2,Sunday,6,1,2025-02,February,505,6.0653374969973575,2.2144281686266423,0.2642325246216671,102,1,Neutral
IN_0018,2,Instagram,2025-05-27,08:12:36,Reel,Discover how Python Automation is transforming the industry! What are your thoughts? #AI #Innovation,#AI #Innovation,14211,17656,974,222,65,124,9568,193,8,Tuesday,1,0,2025-05,May,1385,9.745971430581944,1.0931128228364295,0.45739216100204066,100,2,Positive
IN_0019,2,Instagram,2025-11-25,19:13:46,Reel,Case study alert: How we boosted results by 350% using User Experience. #SocialMedia2025 #GrowthHacking #Productivity #Innovation,#SocialMedia2025 #GrowthHacking #Productivity #Innovation,25875,36411,1488,334,139,69,17041,389,19,Tuesday,1,0,2025-11,November,2030,7.845410628019324,1.06835846310181,0.5371980676328502,129,4,Positive
IN_0020,2,Instagram,2025-01-12,08:09:22,Carousel,Behind the scenes at our team workshop on Customer Engagement. Innovation starts here! #MachineLearning #GrowthHacking #AI #MarketingStrategy,#MachineLearning #GrowthHacking #AI #MarketingStrategy,8006,13588,607,91,43,16,0,359,8,Sunday,6,1,2025-01,January,757,9.45540844366725,2.642037091551369,0.5370971771171621,141,4,Positive
IN_0021,2,Instagram,2025-05-15,23:47:00,Carousel,Discover how Python Automation is transforming the industry! What are your thoughts? #DataAnalytics #GrowthHacking #DesignThinking,#DataAnalytics #GrowthHacking #DesignThinking,7677,12388,579,105,77,45,0,104,23,Thursday,3,0,2025-05,May,806,10.498892796665364,0.8395221181788828,1.002995961964309,130,3,Positive
IN_0022,2,Instagram,2025-01-19,12:35:30,Story Promotion,Case study alert: How we boosted results by 350% using User Experience. #Coding,#Coding,1364,2191,35,5,1,3,0,46,12,Sunday,6,1,2025-01,January,44,3.225806451612903,2.0994979461433134,0.07331378299120235,79,1,Positive
IN_0023,2,Instagram,2025-01-29,00:57:34,Reel,Case study alert: How we boosted results by 350% using Cloud Scale. #StartupLife #Coding #MachineLearning #TechTrends,#StartupLife #Coding #MachineLearning #TechTrends,9080,12385,249,47,22,10,4167,370,0,Wednesday,2,0,2025-01,January,328,3.6123348017621146,2.9874848607186113,0.2422907488986784,117,4,Positive
IN_0024,2,Instagram,2025-01-30,08:40:17,Image,Sunday motivation: Start your week with a fresh mindset on Content Marketing. #MachineLearning #DesignThinking #Productivity #SocialMedia2025,#MachineLearning #DesignThinking #Productivity #SocialMedia2025,7985,13664,279,17,7,38,0,192,8,Thursday,3,0,2025-01,January,341,4.2705072010018785,1.405152224824356,0.08766437069505323,141,4,Positive
IN_0025,2,Instagram,2025-05-30,04:43:22,Story Promotion,Behind the scenes at our team workshop on AI Workflow. Innovation starts here! #AI,#AI,1155,1840,79,18,10,10,0,29,4,Friday,4,0,2025-05,May,117,10.129870129870131,1.576086956521739,0.8658008658008658,82,1,Positive
IN_0026,2,Instagram,2025-06-05,19:10:54,Carousel,Quick question for our community: How do you handle Cloud Scale in your daily workflow? #TechTrends,#TechTrends,14816,22747,545,49,20,159,0,318,19,Thursday,3,0,2025-06,June,773,5.217332613390928,1.3979865476766167,0.13498920086393087,99,1,Neutral
IN_0027,2,Instagram,2025-03-14,01:18:21,Story Promotion,No Caption Provided,#TechTrends,1390,2101,52,12,1,13,0,40,1,Friday,4,0,2025-03,March,78,5.611510791366906,1.9038553069966682,0.07194244604316546,19,1,Neutral
IN_0028,2,Instagram,2025-04-25,07:29:25,Story Promotion,Behind the scenes at our team workshop on Cloud Scale. Innovation starts here! #StartupLife,#StartupLife,3186,5594,237,47,15,59,0,73,7,Friday,4,0,2025-04,April,358,11.236660389202763,1.3049696102967465,0.4708097928436911,91,1,Positive
IN_0029,2,Instagram,2025-11-15,15:48:15,Image,Why AI Workflow matters more than ever for modern business growth. #MachineLearning #StartupLife #DigitalMarketing #SocialMedia2025,#MachineLearning #StartupLife #DigitalMarketing #SocialMedia2025,7263,11899,258,62,20,76,0,159,15,Saturday,5,1,2025-11,November,416,5.727660746248107,1.336246743423817,0.275368305108082,131,4,Positive
IN_0030,2,Instagram,2025-05-21,03:06:51,Carousel,Behind the scenes at our team workshop on Brand Strategy. Innovation starts here! #TechTrends #Innovation #DigitalMarketing #GrowthHacking,#TechTrends #Innovation #DigitalMarketing #GrowthHacking,10422,17375,588,44,55,60,0,242,3,Wednesday,2,0,2025-05,May,747,7.167530224525043,1.3928057553956834,0.5277298023412014,138,4,Positive
IN_0031,2,Instagram,2025-08-27,01:20:50,Story Promotion,Sunday motivation: Start your week with a fresh mindset on Cloud Scale. #BusinessTips #TechTrends,#BusinessTips #TechTrends,1412,2156,54,3,2,12,0,33,1,Wednesday,2,0,2025-08,August,71,5.028328611898017,1.530612244897959,0.141643059490085,97,2,Positive
IN_0032,2,Instagram,2025-03-17,22:29:55,Reel,Case study alert: How we boosted results by 350% using AI Workflow. #MarketingStrategy,#MarketingStrategy,12593,14222,793,49,89,67,6658,553,22,Monday,0,0,2025-03,March,998,7.925037719367903,3.888342005343833,0.7067418407051537,86,1,Positive
IN_0033,2,Instagram,2025-11-04,08:32:42,Image,Unpopular opinion about Cloud Scale: Most teams are doing it wrong. Here is why... #AI #SocialMedia2025 #Coding #DataAnalytics,#AI #SocialMedia2025 #Coding #DataAnalytics,4220,7072,189,33,25,9,0,111,8,Tuesday,1,0,2025-11,November,256,6.066350710900474,1.5695701357466063,0.5924170616113744,126,4,Negative
IN_0034,2,Instagram,2025-11-30,13:38:34,Carousel,Quick question for our community: How do you handle User Experience in your daily workflow? #MarketingStrategy,#MarketingStrategy,18895,32845,406,69,50,64,0,926,13,Sunday,6,1,2025-11,November,589,3.117226779571315,2.8193027858121478,0.26462026991267534,110,1,Neutral
IN_0035,2,Instagram,2025-04-21,13:47:35,Image,Unpopular opinion about Social Media ROI: Most teams are doing it wrong. Here is why... #DesignThinking #StartupLife #AI #Coding,#DesignThinking #StartupLife #AI #Coding,15090,23257,966,152,34,255,0,753,13,Monday,0,0,2025-04,April,1407,9.324055666003977,3.2377348755213484,0.22531477799867464,128,4,Negative
IN_0036,2,Instagram,2025-06-12,09:48:02,Carousel,Quick question for our community: How do you handle Content Marketing in your daily workflow? #DataAnalytics #DesignThinking #Productivity,#DataAnalytics #DesignThinking #Productivity,4968,8846,305,42,44,39,0,69,9,Thursday,3,0,2025-06,June,430,8.655394524959743,0.7800135654533122,0.8856682769726247,138,3,Neutral
IN_0037,2,Instagram,2025-09-05,22:02:07,Story Promotion,Unpopular opinion about Content Marketing: Most teams are doing it wrong. Here is why... #Coding #SocialMedia2025,#Coding #SocialMedia2025,1890,2852,53,5,3,5,0,26,22,Friday,4,0,2025-09,September,66,3.492063492063492,0.9116409537166901,0.15873015873015872,113,2,Negative
IN_0038,2,Instagram,2025-11-20,07:12:45,Story Promotion,Behind the scenes at our team workshop on Data Analytics. Innovation starts here! #AI #BusinessTips,#AI #BusinessTips,2997,4282,78,17,10,1,0,54,7,Thursday,3,0,2025-11,November,106,3.5368702035368704,1.2610929472209247,0.333667000333667,99,2,Positive
IN_0039,2,Instagram,2025-07-18,15:22:39,Story Promotion,Top 5 actionable strategies for Cloud Scale in 2025. Save this post for later! #MachineLearning #DigitalMarketing,#MachineLearning #DigitalMarketing,3411,4555,192,13,21,6,0,191,15,Friday,4,0,2025-07,July,232,6.801524479624743,4.193194291986828,0.6156552330694811,113,2,Positive
IN_0040,2,Instagram,2025-08-12,10:31:57,Reel,Discover how Social Media ROI is transforming the industry! What are your thoughts? #MarketingStrategy,#MarketingStrategy,8765,13625,374,51,32,67,7646,130,10,Tuesday,1,0,2025-08,August,524,5.978322875071306,0.9541284403669725,0.36508841985168283,102,1,Positive
IN_0041,2,Instagram,2025-09-26,21:06:39,Story Promotion,We are excited to announce our newest breakthrough in Customer Engagement. Check out the link below! #BusinessTips #GrowthHacking #DesignThinking,#BusinessTips #GrowthHacking #DesignThinking,867,1527,63,12,4,5,0,46,21,Friday,4,0,2025-09,September,84,9.688581314878892,3.0124426981008514,0.461361014994233,145,3,Positive
IN_0042,2,Instagram,2025-05-28,09:58:13,Reel,Top 5 actionable strategies for Social Media ROI in 2025. Save this post for later! #Coding #DigitalMarketing #Innovation,#Coding #DigitalMarketing #Innovation,14170,16985,553,99,54,8,12062,821,9,Wednesday,2,0,2025-05,May,714,5.038814396612562,4.833676773623786,0.38108680310515175,121,3,Positive
IN_0043,2,Instagram,2025-01-14,13:27:16,Story Promotion,Behind the scenes at our team workshop on Executive Leadership. Innovation starts here! #Productivity #Leadership,#Productivity #Leadership,4691,8178,127,28,10,4,0,79,13,Tuesday,1,0,2025-01,January,169,3.602643359624814,0.9660063585228662,0.2131741632914091,113,2,Positive
IN_0044,2,Instagram,2025-02-10,08:05:55,Carousel,Case study alert: How we boosted results by 350% using Social Media ROI. #DigitalMarketing #Leadership #StartupLife,#DigitalMarketing #Leadership #StartupLife,2160,3416,158,9,5,33,0,77,8,Monday,0,0,2025-02,February,205,9.49074074074074,2.2540983606557377,0.23148148148148145,115,3,Positive
IN_0045,2,Instagram,2025-11-17,01:17:50,Image,Unpopular opinion about Content Marketing: Most teams are doing it wrong. Here is why... #Innovation #BusinessTips,#Innovation #BusinessTips,3292,3970,226,44,12,15,0,177,1,Monday,0,0,2025-11,November,297,9.021871202916161,4.458438287153652,0.3645200486026731,114,2,Negative
IN_0046,2,Instagram,2025-01-02,15:48:47,Reel,Behind the scenes at our team workshop on Social Media ROI. Innovation starts here! #BusinessTips,#BusinessTips,13525,17099,553,86,79,146,11095,726,15,Thursday,3,0,2025-01,January,864,6.388170055452864,4.245862331130476,0.5841035120147874,97,1,Positive
IN_0047,2,Instagram,2025-11-03,13:00:09,Carousel,Behind the scenes at our team workshop on AI Workflow. Innovation starts here! #AI #DesignThinking,#AI #DesignThinking,10129,12896,460,39,66,92,0,277,13,Monday,0,0,2025-11,November,657,6.486326389574488,2.147952853598015,0.6515944318294008,98,2,Positive
IN_0048,2,Instagram,2025-09-08,21:53:01,Reel,Mastering Data Analytics in under 10 minutes. Read our full step-by-step guide now! #DigitalMarketing #SocialMedia2025 #DataAnalytics,#DigitalMarketing #SocialMedia2025 #DataAnalytics,25030,32116,977,125,75,122,21430,586,21,Monday,0,0,2025-09,September,1299,5.189772273272074,1.8246356956034375,0.2996404314822213,133,3,Positive
IN_0049,2,Instagram,2025-06-07,16:17:52,Reel,Top 5 actionable strategies for Cloud Scale in 2025. Save this post for later! #DesignThinking #StartupLife,#DesignThinking #StartupLife,13202,17568,743,40,84,180,5876,597,16,Saturday,5,1,2025-06,June,1047,7.930616573246478,3.3982240437158473,0.6362672322375398,107,2,Positive
IN_0050,2,Instagram,2025-12-02,01:47:30,Carousel,No Caption Provided,#MarketingStrategy #Productivity,9668,12598,286,35,21,48,0,216,1,Tuesday,1,0,2025-12,December,390,4.033926354985519,1.7145578663279883,0.21721141911460487,19,2,Neutral
IN_0051,2,Instagram,2025-09-27,03:43:57,Story Promotion,Discover how Data Analytics is transforming the industry! What are your thoughts? #DigitalMarketing #Coding,#DigitalMarketing #Coding,3220,4099,117,8,14,23,0,53,3,Saturday,5,1,2025-09,September,162,5.031055900621118,1.2929982922664065,0.43478260869565216,107,2,Positive
IN_0052,2,Instagram,2025-02-07,18:22:07,Story Promotion,Case study alert: How we boosted results by 350% using Data Analytics. #MachineLearning,#MachineLearning,1490,2406,100,8,9,10,0,39,18,Friday,4,0,2025-02,February,127,8.523489932885905,1.6209476309226933,0.6040268456375839,87,1,Positive
IN_0053,2,Instagram,2025-04-14,03:37:45,Story Promotion,Mastering Python Automation in under 10 minutes. Read our full step-by-step guide now! #BusinessTips #AI #DataAnalytics,#BusinessTips #AI #DataAnalytics,2166,3758,112,11,2,17,0,64,3,Monday,0,0,2025-04,April,142,6.555863342566943,1.7030335284725917,0.09233610341643582,119,3,Positive
IN_0054,2,Instagram,2025-04-25,21:02:23,Story Promotion,Behind the scenes at our team workshop on Content Marketing. Innovation starts here! #GrowthHacking #Leadership #Innovation #AI,#GrowthHacking #Leadership #Innovation #AI,5220,9307,134,11,17,20,0,117,21,Friday,4,0,2025-04,April,182,3.486590038314176,1.2571182980552273,0.32567049808429116,127,4,Positive
IN_0055,2,Instagram,2025-10-18,08:27:45,Story Promotion,Discover how Customer Engagement is transforming the industry! What are your thoughts? #DigitalMarketing #MachineLearning #GrowthHacking #MarketingStrategy,#DigitalMarketing #MachineLearning #GrowthHacking #MarketingStrategy,2465,3412,50,9,5,12,0,91,8,Saturday,5,1,2025-10,October,76,3.0831643002028395,2.6670574443141852,0.2028397565922921,155,4,Positive
IN_0056,2,Instagram,2025-12-29,17:35:07,Image,Discover how AI Workflow is transforming the industry! What are your thoughts? #MachineLearning #AI #BusinessTips #MarketingStrategy,#MachineLearning #AI #BusinessTips #MarketingStrategy,7516,9141,347,84,8,46,0,139,17,Monday,0,0,2025-12,December,485,6.452900478978179,1.5206213762170442,0.10643959552953698,132,4,Positive
IN_0057,2,Instagram,2025-10-08,15:13:27,Carousel,Case study alert: How we boosted results by 350% using AI Workflow. #DigitalMarketing #MachineLearning #StartupLife #Coding,#DigitalMarketing #MachineLearning #StartupLife #Coding,11671,17444,349,37,38,84,0,672,15,Wednesday,2,0,2025-10,October,508,4.352669008653928,3.8523274478330656,0.3255933510410419,123,4,Positive
IN_0058,2,Instagram,2025-04-18,12:01:16,Reel,We are excited to announce our newest breakthrough in Social Media ROI. Check out the link below! #TechTrends #GrowthHacking #BusinessTips #MarketingStrategy,#TechTrends #GrowthHacking #BusinessTips #MarketingStrategy,31310,34563,1943,174,62,277,14006,1291,12,Friday,4,0,2025-04,April,2456,7.844139252634941,3.735208170587044,0.19801980198019803,157,4,Positive
IN_0059,2,Instagram,2025-04-26,12:33:34,Reel,Sunday motivation: Start your week with a fresh mindset on Customer Engagement. #Productivity #Coding #BusinessTips,#Productivity #Coding #BusinessTips,13562,22199,1031,167,106,70,9443,205,12,Saturday,5,1,2025-04,April,1374,10.131249078307034,0.9234650209468895,0.7815956348621147,115,3,Positive
IN_0060,2,Instagram,2025-03-06,19:01:01,Story Promotion,No Caption Provided,#DesignThinking #MachineLearning #Innovation,645,814,21,4,2,1,0,21,19,Thursday,3,0,2025-03,March,28,4.341085271317829,2.5798525798525795,0.31007751937984496,19,3,Neutral
IN_0061,2,Instagram,2025-03-12,18:37:50,Story Promotion,Top 5 actionable strategies for Executive Leadership in 2025. Save this post for later! #DigitalMarketing #SocialMedia2025 #DesignThinking,#DigitalMarketing #SocialMedia2025 #DesignThinking,2859,4693,178,21,22,18,0,39,18,Wednesday,2,0,2025-03,March,239,8.359566281916754,0.8310249307479225,0.7694998251136761,138,3,Positive
IN_0062,2,Instagram,2025-11-21,10:06:43,Story Promotion,Top 5 actionable strategies for Cloud Scale in 2025. Save this post for later! #Leadership #MachineLearning #DesignThinking #DigitalMarketing,#Leadership #MachineLearning #DesignThinking #DigitalMarketing,1992,2676,42,5,3,8,0,92,10,Friday,4,0,2025-11,November,58,2.9116465863453818,3.43796711509716,0.15060240963855423,141,4,Positive
IN_0063,2,Instagram,2025-04-08,13:55:29,Image,Sunday motivation: Start your week with a fresh mindset on Content Marketing. #GrowthHacking #SocialMedia2025 #DataAnalytics #TechTrends,#GrowthHacking #SocialMedia2025 #DataAnalytics #TechTrends,2792,3792,98,22,9,1,0,66,13,Tuesday,1,0,2025-04,April,130,4.656160458452722,1.740506329113924,0.3223495702005731,136,4,Positive
IN_0064,2,Instagram,2025-05-10,09:58:56,Image,Case study alert: How we boosted results by 350% using Executive Leadership. #Leadership #MarketingStrategy #Coding #MachineLearning,#Leadership #MarketingStrategy #Coding #MachineLearning,1306,1462,96,7,11,25,0,21,9,Saturday,5,1,2025-05,May,139,10.643185298621747,1.4363885088919288,0.8422664624808576,132,4,Positive
IN_0065,2,Instagram,2025-11-23,02:16:09,Carousel,Quick question for our community: How do you handle Content Marketing in your daily workflow? #GrowthHacking,#GrowthHacking,3269,5852,207,25,4,41,0,100,2,Sunday,6,1,2025-11,November,277,8.473539308657081,1.7088174982911826,0.1223615784643622,108,1,Positive
IN_0066,2,Instagram,2025-09-14,05:22:14,Image,Case study alert: How we boosted results by 350% using Social Media ROI. #TechTrends #DigitalMarketing #Innovation #DataAnalytics,#TechTrends #DigitalMarketing #Innovation #DataAnalytics,6529,11030,499,56,46,22,0,217,5,Sunday,6,1,2025-09,September,623,9.542043191913004,1.9673617407071624,0.7045489355184561,129,4,Positive
IN_0067,2,Instagram,2025-02-15,04:13:58,Reel,Discover how AI Workflow is transforming the industry! What are your thoughts? #GrowthHacking #Innovation,#GrowthHacking #Innovation,16399,20535,696,46,79,56,13425,690,4,Saturday,5,1,2025-02,February,877,5.34788706628453,3.3601168736303872,0.4817366912616623,105,2,Positive
IN_0068,2,Instagram,2025-03-09,11:18:16,Carousel,Mastering Social Media ROI in under 10 minutes. Read our full step-by-step guide now! #MarketingStrategy #Innovation #GrowthHacking,#MarketingStrategy #Innovation #GrowthHacking,3491,5999,106,11,11,9,0,120,11,Sunday,6,1,2025-03,March,137,3.924376969349756,2.0003333888981496,0.3150959610426812,131,3,Positive
IN_0069,2,Instagram,2025-08-19,22:58:29,Reel,Mastering Data Analytics in under 10 minutes. Read our full step-by-step guide now! #MarketingStrategy #SocialMedia2025 #Innovation #DataAnalytics,#MarketingStrategy #SocialMedia2025 #Innovation #DataAnalytics,16803,27849,545,103,46,136,13394,244,22,Tuesday,1,0,2025-08,August,830,4.939594120097602,0.8761535423174979,0.27376063798131284,146,4,Positive
IN_0070,2,Instagram,2025-01-17,04:11:52,Reel,Quick question for our community: How do you handle Executive Leadership in your daily workflow? #Leadership #Innovation,#Leadership #Innovation,8912,13473,196,37,19,51,3599,276,4,Friday,4,0,2025-01,January,303,3.3999102333931774,2.0485415274994434,0.21319569120287254,120,2,Positive
IN_0071,2,Instagram,2025-07-03,11:09:04,Reel,Sunday motivation: Start your week with a fresh mindset on Data Analytics. #DesignThinking #Innovation #Leadership #Productivity,#DesignThinking #Innovation #Leadership #Productivity,15346,21967,531,103,52,79,9216,184,11,Thursday,3,0,2025-07,July,765,4.985012381076502,0.8376200664633314,0.33885051479212824,128,4,Positive
IN_0072,2,Instagram,2025-09-17,03:55:36,Carousel,We are excited to announce our newest breakthrough in User Experience. Check out the link below! #Innovation #TechTrends #MarketingStrategy #SocialMedia2025,#Innovation #TechTrends #MarketingStrategy #SocialMedia2025,11637,20663,891,79,130,203,0,191,3,Wednesday,2,0,2025-09,September,1303,11.197043911661082,0.9243575473067802,1.117126407149609,156,4,Positive
IN_0073,2,Instagram,2025-06-08,05:09:01,Story Promotion,We are excited to announce our newest breakthrough in Python Automation. Check out the link below! #Leadership #TechTrends,#Leadership #TechTrends,1032,1357,104,7,2,7,0,18,5,Sunday,6,1,2025-06,June,120,11.627906976744185,1.3264554163596167,0.1937984496124031,122,2,Positive
IN_0074,2,Instagram,2025-03-23,12:33:02,Story Promotion,Unpopular opinion about Content Marketing: Most teams are doing it wrong. Here is why... #StartupLife #BusinessTips #Leadership #MachineLearning,#StartupLife #BusinessTips #Leadership #MachineLearning,1173,1395,77,5,9,20,0,59,12,Sunday,6,1,2025-03,March,111,9.462915601023019,4.229390681003585,0.7672634271099744,144,4,Negative
IN_0075,2,Instagram,2025-02-06,12:37:44,Image,Quick question for our community: How do you handle Content Marketing in your daily workflow? #DesignThinking #DataAnalytics,#DesignThinking #DataAnalytics,8335,9177,466,60,14,35,0,291,12,Thursday,3,0,2025-02,February,575,6.898620275944811,3.170970905524681,0.16796640671865626,124,2,Neutral
IN_0076,2,Instagram,2025-07-16,23:48:46,Reel,Discover how Customer Engagement is transforming the industry! What are your thoughts? #BusinessTips #StartupLife #Leadership,#BusinessTips #StartupLife #Leadership,19430,23814,852,130,28,207,11136,906,23,Wednesday,2,0,2025-07,July,1217,6.263510036026763,3.804484756865709,0.14410705095213588,125,3,Positive
IN_0077,2,Instagram,2025-03-24,11:36:55,Story Promotion,Mastering Executive Leadership in under 10 minutes. Read our full step-by-step guide now! #Leadership,#Leadership,603,842,38,2,4,10,0,21,11,Monday,0,0,2025-03,March,54,8.955223880597014,2.494061757719715,0.6633499170812603,101,1,Positive
IN_0078,2,Instagram,2025-07-06,04:03:57,Story Promotion,Discover how Cloud Scale is transforming the industry! What are your thoughts? #Productivity #StartupLife #AI #MarketingStrategy,#Productivity #StartupLife #AI #MarketingStrategy,3810,5764,121,25,13,17,0,47,4,Sunday,6,1,2025-07,July,176,4.619422572178477,0.8154059680777238,0.34120734908136485,128,4,Positive
IN_0079,2,Instagram,2025-07-07,01:49:23,Carousel,Case study alert: How we boosted results by 350% using Customer Engagement. #GrowthHacking #StartupLife #DigitalMarketing #TechTrends,#GrowthHacking #StartupLife #DigitalMarketing #TechTrends,4716,6564,220,24,5,9,0,219,1,Monday,0,0,2025-07,July,258,5.470737913486006,3.3363802559414992,0.10602205258693807,133,4,Positive
IN_0080,2,Instagram,2025-10-01,03:26:35,Reel,Sunday motivation: Start your week with a fresh mindset on Executive Leadership. #Coding #DigitalMarketing #GrowthHacking #Leadership,#Coding #DigitalMarketing #GrowthHacking #Leadership,17071,28755,1091,168,86,35,10010,295,3,Wednesday,2,0,2025-10,October,1380,8.083884951086638,1.0259085376456267,0.5037783375314862,133,4,Positive
IN_0081,2,Instagram,2025-07-15,18:39:51,Image,We are excited to announce our newest breakthrough in Brand Strategy. Check out the link below! #BusinessTips #Coding #TechTrends,#BusinessTips #Coding #TechTrends,5007,7796,365,79,27,15,0,98,18,Tuesday,1,0,2025-07,July,486,9.70641102456561,1.2570548999486917,0.5392450569203115,129,3,Positive
IN_0082,2,Instagram,2025-05-05,01:46:40,Story Promotion,Behind the scenes at our team workshop on Content Marketing. Innovation starts here! #DigitalMarketing #MachineLearning #Productivity #MarketingStrategy,#DigitalMarketing #MachineLearning #Productivity #MarketingStrategy,571,787,17,1,0,1,0,28,1,Monday,0,0,2025-05,May,19,3.327495621716287,3.5578144853875475,0.0,152,4,Positive
IN_0083,2,Instagram,2025-11-22,11:35:01,Reel,Behind the scenes at our team workshop on Data Analytics. Innovation starts here! #DataAnalytics #AI #Innovation,#DataAnalytics #AI #Innovation,13129,18675,594,100,53,87,8912,356,11,Saturday,5,1,2025-11,November,834,6.35234976007312,1.9062918340026773,0.4036864955442151,112,3,Positive
IN_0084,2,Instagram,2025-09-13,07:40:08,Reel,Sunday motivation: Start your week with a fresh mindset on Python Automation. #BusinessTips #TechTrends #StartupLife,#BusinessTips #TechTrends #StartupLife,13531,20200,550,50,81,64,7386,348,7,Saturday,5,1,2025-09,September,745,5.505875397235976,1.722772277227723,0.5986253787598846,116,3,Positive
IN_0085,2,Instagram,2025-03-27,22:43:43,Story Promotion,Behind the scenes at our team workshop on Python Automation. Innovation starts here! #DesignThinking,#DesignThinking,2193,2772,165,12,16,42,0,32,22,Thursday,3,0,2025-03,March,235,10.715914272685819,1.1544011544011543,0.729594163246694,100,1,Positive
IN_0086,2,Instagram,2025-04-02,05:47:35,Story Promotion,Sunday motivation: Start your week with a fresh mindset on Cloud Scale. #GrowthHacking #DesignThinking #DataAnalytics #BusinessTips,#GrowthHacking #DesignThinking #DataAnalytics #BusinessTips,3213,4951,192,35,19,37,0,112,5,Wednesday,2,0,2025-04,April,283,8.807967631497043,2.262169258735609,0.5913476501711796,131,4,Positive
IN_0087,2,Instagram,2025-08-26,10:25:23,Story Promotion,Discover how Social Media ROI is transforming the industry! What are your thoughts? #BusinessTips #DigitalMarketing,#BusinessTips #DigitalMarketing,1622,2311,49,11,3,9,0,95,10,Tuesday,1,0,2025-08,August,72,4.438964241676942,4.110774556469061,0.18495684340320592,115,2,Positive
IN_0088,2,Instagram,2025-03-12,22:11:55,Image,We are excited to announce our newest breakthrough in User Experience. Check out the link below! #TechTrends #GrowthHacking #Innovation #DataAnalytics,#TechTrends #GrowthHacking #Innovation #DataAnalytics,5100,5934,215,42,28,42,0,191,22,Wednesday,2,0,2025-03,March,327,6.411764705882353,3.2187394674755647,0.5490196078431373,150,4,Positive
IN_0089,2,Instagram,2025-07-08,08:42:47,Reel,Discover how Brand Strategy is transforming the industry! What are your thoughts? #DigitalMarketing #AI,#DigitalMarketing #AI,10429,13260,586,145,72,171,6779,162,8,Tuesday,1,0,2025-07,July,974,9.339342218812925,1.2217194570135748,0.6903825870169719,103,2,Positive
IN_0090,2,Instagram,2025-03-23,08:54:54,Image,Mastering Data Analytics in under 10 minutes. Read our full step-by-step guide now! #StartupLife,#StartupLife,9680,16490,234,31,12,50,0,155,8,Sunday,6,1,2025-03,March,327,3.378099173553719,0.939963614311704,0.12396694214876033,96,1,Positive
IN_0091,2,Instagram,2025-01-13,15:57:57,Image,Quick question for our community: How do you handle Customer Engagement in your daily workflow? #Productivity #Coding #MachineLearning #TechTrends,#Productivity #Coding #MachineLearning #TechTrends,9084,13993,421,87,14,107,0,435,15,Monday,0,0,2025-01,January,629,6.924262439453985,3.10869720574573,0.15411712901805372,146,4,Neutral
IN_0092,2,Instagram,2025-07-07,15:01:58,Reel,Top 5 actionable strategies for Content Marketing in 2025. Save this post for later! #DataAnalytics #DigitalMarketing #AI #GrowthHacking,#DataAnalytics #DigitalMarketing #AI #GrowthHacking,14948,24316,977,115,107,103,9345,342,15,Monday,0,0,2025-07,July,1302,8.710195343858711,1.4064813291659812,0.7158148247257158,136,4,Positive
IN_0093,2,Instagram,2025-09-25,10:30:05,Carousel,We are excited to announce our newest breakthrough in User Experience. Check out the link below! #MachineLearning #DigitalMarketing #Productivity,#MachineLearning #DigitalMarketing #Productivity,4850,7755,292,23,36,13,0,195,10,Thursday,3,0,2025-09,September,364,7.505154639175257,2.5145067698259185,0.7422680412371134,145,3,Positive
IN_0094,2,Instagram,2025-04-19,21:14:05,Image,Case study alert: How we boosted results by 350% using Customer Engagement. #MachineLearning #SocialMedia2025 #Coding,#MachineLearning #SocialMedia2025 #Coding,9928,12105,403,32,52,40,0,285,21,Saturday,5,1,2025-04,April,527,5.308219178082192,2.3543990086741013,0.523771152296535,117,3,Positive
IN_0095,2,Instagram,2025-09-26,17:33:03,Story Promotion,Unpopular opinion about Data Analytics: Most teams are doing it wrong. Here is why... #GrowthHacking,#GrowthHacking,1222,1582,81,16,8,9,0,40,17,Friday,4,0,2025-09,September,114,9.328968903436989,2.5284450063211126,0.6546644844517185,100,1,Negative
IN_0096,2,Instagram,2025-09-26,08:18:53,Carousel,Top 5 actionable strategies for Data Analytics in 2025. Save this post for later! #StartupLife #AI #GrowthHacking #SocialMedia2025,#StartupLife #AI #GrowthHacking #SocialMedia2025,12512,21178,653,43,80,91,0,452,8,Friday,4,0,2025-09,September,867,6.929347826086957,2.13429030125602,0.639386189258312,130,4,Positive
IN_0097,2,Instagram,2025-11-30,08:55:24,Story Promotion,Behind the scenes at our team workshop on Social Media ROI. Innovation starts here! #Innovation,#Innovation,738,909,51,3,7,8,0,9,8,Sunday,6,1,2025-11,November,69,9.34959349593496,0.9900990099009901,0.9485094850948509,95,1,Positive
IN_0098,2,Instagram,2025-08-26,03:34:40,Image,Why Brand Strategy matters more than ever for modern business growth. #DataAnalytics,#DataAnalytics,1701,2106,89,8,7,15,0,66,3,Tuesday,1,0,2025-08,August,119,6.995884773662551,3.133903133903134,0.411522633744856,84,1,Positive
IN_0099,2,Instagram,2025-11-26,07:05:32,Story Promotion,Behind the scenes at our team workshop on Data Analytics. Innovation starts here! #DesignThinking #BusinessTips #Innovation,#DesignThinking #BusinessTips #Innovation,1048,1524,53,12,3,13,0,23,7,Wednesday,2,0,2025-11,November,81,7.729007633587787,1.5091863517060367,0.2862595419847328,123,3,Positive
IN_0100,2,Instagram,2025-08-14,04:03:30,Reel,Case study alert: How we boosted results by 350% using Executive Leadership. #GrowthHacking,#GrowthHacking,4998,5727,229,25,32,31,3593,184,4,Thursday,3,0,2025-08,August,317,6.342537014805923,3.2128514056224895,0.6402561024409764,91,1,Positive
IN_0101,2,Instagram,2025-04-20,11:11:05,Carousel,Unpopular opinion about Cloud Scale: Most teams are doing it wrong. Here is why... #AI #StartupLife #DigitalMarketing #Innovation,#AI #StartupLife #DigitalMarketing #Innovation,3099,3748,204,42,26,38,0,55,11,Sunday,6,1,2025-04,April,310,10.00322684737012,1.4674493062966916,0.8389803162310423,129,4,Negative
IN_0102,2,Instagram,2025-08-02,09:48:28,Carousel,Quick question for our community: How do you handle Executive Leadership in your daily workflow? #GrowthHacking #MarketingStrategy #DigitalMarketing,#GrowthHacking #MarketingStrategy #DigitalMarketing,10968,14485,422,68,50,4,0,625,9,Saturday,5,1,2025-08,August,544,4.9598832968636035,4.31480842250604,0.45587162654996355,148,3,Positive
IN_0103,2,Instagram,2025-03-13,16:38:05,Image,Behind the scenes at our team workshop on Content Marketing. Innovation starts here! #StartupLife #MachineLearning,#StartupLife #MachineLearning,4239,5617,285,32,26,19,0,87,16,Thursday,3,0,2025-03,March,362,8.539749941023826,1.548869503293573,0.6133522057088936,114,2,Positive
IN_0104,2,Instagram,2025-05-05,05:50:26,Story Promotion,Why User Experience matters more than ever for modern business growth. #TechTrends #DesignThinking #StartupLife #BusinessTips,#TechTrends #DesignThinking #StartupLife #BusinessTips,4002,6044,94,5,6,15,0,127,5,Monday,0,0,2025-05,May,120,2.998500749625187,2.1012574454003974,0.14992503748125938,125,4,Positive
IN_0105,2,Instagram,2025-02-07,11:48:58,Story Promotion,No Caption Provided,#Innovation #DigitalMarketing,725,921,39,7,2,6,0,17,11,Friday,4,0,2025-02,February,54,7.448275862068964,1.8458197611292075,0.27586206896551724,19,2,Neutral
IN_0106,2,Instagram,2025-12-25,11:25:51,Carousel,Why Executive Leadership matters more than ever for modern business growth. #MarketingStrategy #GrowthHacking,#MarketingStrategy #GrowthHacking,5520,6840,432,43,42,121,0,93,11,Thursday,3,0,2025-12,December,638,11.557971014492754,1.3596491228070176,0.7608695652173914,109,2,Positive
IN_0107,2,Instagram,2025-01-25,19:14:18,Carousel,Case study alert: How we boosted results by 350% using Data Analytics. #TechTrends #SocialMedia2025 #DesignThinking #GrowthHacking,#TechTrends #SocialMedia2025 #DesignThinking #GrowthHacking,12445,19215,797,129,116,188,0,455,19,Saturday,5,1,2025-01,January,1230,9.883487344314986,2.3679417122040074,0.9321012454801125,130,4,Positive
IN_0108,2,Instagram,2025-08-28,22:12:38,Reel,We are excited to announce our newest breakthrough in AI Workflow. Check out the link below! #Productivity #DigitalMarketing #Leadership #DesignThinking,#General,3355,5211,135,20,14,33,2067,37,22,Thursday,3,0,2025-08,August,202,6.020864381520119,0.7100364613317981,0.4172876304023845,152,1,Positive
IN_0109,2,Instagram,2025-01-10,00:18:39,Story Promotion,Quick question for our community: How do you handle Social Media ROI in your daily workflow? #Productivity #DataAnalytics #Innovation,#Productivity #DataAnalytics #Innovation,2787,3456,193,45,26,41,0,108,0,Friday,4,0,2025-01,January,305,10.943667025475422,3.125,0.9329027628274129,133,3,Positive
IN_0110,2,Instagram,2025-02-21,00:57:17,Image,Unpopular opinion about Social Media ROI: Most teams are doing it wrong. Here is why... #AI #GrowthHacking #Productivity,#AI #GrowthHacking #Productivity,2736,3322,217,20,30,50,0,31,0,Friday,4,0,2025-02,February,317,11.586257309941521,0.9331727874774232,1.0964912280701753,120,3,Negative
IN_0111,2,Instagram,2025-07-12,00:55:32,Reel,Why Python Automation matters more than ever for modern business growth. #Leadership,#Leadership,5772,7886,397,27,16,109,4399,92,0,Saturday,5,1,2025-07,July,549,9.511434511434512,1.1666243976667512,0.2772002772002772,84,1,Positive
IN_0112,2,Instagram,2025-11-06,13:02:54,Carousel,Case study alert: How we boosted results by 350% using Python Automation. #DataAnalytics #AI,#DataAnalytics #AI,6647,7832,315,16,39,39,0,351,13,Thursday,3,0,2025-11,November,409,6.15315179780352,4.481613891726251,0.5867308560252746,92,2,Positive
IN_0113,2,Instagram,2025-08-11,23:44:19,Image,Quick question for our community: How do you handle Python Automation in your daily workflow? #TechTrends #DigitalMarketing #MachineLearning #StartupLife,#TechTrends #DigitalMarketing #MachineLearning #StartupLife,8385,10264,172,26,6,25,0,100,23,Monday,0,0,2025-08,August,229,2.731067382230173,0.9742790335151987,0.07155635062611806,153,4,Neutral
IN_0114,2,Instagram,2025-05-31,13:31:59,Reel,We are excited to announce our newest breakthrough in Python Automation. Check out the link below! #MarketingStrategy #SocialMedia2025,#MarketingStrategy #SocialMedia2025,26122,32055,1900,136,78,293,14446,1077,13,Saturday,5,1,2025-05,May,2407,9.214455248449582,3.359850257370145,0.2985988821682872,134,2,Positive
IN_0115,2,Instagram,2025-01-14,12:04:21,Story Promotion,Discover how Data Analytics is transforming the industry! What are your thoughts? #Coding #BusinessTips,#Coding #BusinessTips,4953,7953,149,10,9,11,0,153,12,Tuesday,1,0,2025-01,January,179,3.6139713305067636,1.923802338740098,0.18170805572380377,103,2,Positive
IN_0116,2,Instagram,2025-08-01,19:32:29,Image,Case study alert: How we boosted results by 350% using Customer Engagement. #Leadership #DigitalMarketing #MarketingStrategy #GrowthHacking,#Leadership #DigitalMarketing #MarketingStrategy #GrowthHacking,9861,15791,479,95,62,32,0,206,19,Friday,4,0,2025-08,August,668,6.774160835615049,1.3045405610790957,0.6287394787546902,139,4,Positive
IN_0117,2,Instagram,2025-02-12,03:27:04,Carousel,Unpopular opinion about User Experience: Most teams are doing it wrong. Here is why... #DataAnalytics,#DataAnalytics,9811,12860,614,87,59,98,0,582,3,Wednesday,2,0,2025-02,February,858,8.745285903577617,4.525660964230171,0.6013658138823769,101,1,Negative
IN_0118,2,Instagram,2025-07-11,05:17:14,Image,Unpopular opinion about Python Automation: Most teams are doing it wrong. Here is why... #DesignThinking,#DesignThinking,1097,1694,76,7,5,1,0,37,5,Friday,4,0,2025-07,July,89,8.113035551504103,2.1841794569067297,0.4557885141294439,104,1,Negative
IN_0119,2,Instagram,2025-10-23,14:46:10,Reel,Behind the scenes at our team workshop on Executive Leadership. Innovation starts here! #SocialMedia2025 #Leadership #AI,#SocialMedia2025 #Leadership #AI,17735,23696,1415,123,91,371,13939,581,14,Thursday,3,0,2025-10,October,2000,11.277135607555682,2.451890614449696,0.5131096701437835,120,3,Positive
IN_0120,2,Instagram,2025-05-15,02:17:52,Story Promotion,Why Data Analytics matters more than ever for modern business growth. #AI #DataAnalytics,#AI #DataAnalytics,843,1347,23,2,1,3,0,48,2,Thursday,3,0,2025-05,May,29,3.4400948991696323,3.5634743875278394,0.11862396204033215,88,2,Positive
IN_0121,2,Instagram,2025-09-19,07:05:43,Reel,Quick question for our community: How do you handle Data Analytics in your daily workflow? #MachineLearning #Coding,#MachineLearning #Coding,16239,24261,841,49,75,139,12128,972,7,Friday,4,0,2025-09,September,1104,6.79844818030667,4.006430072956597,0.4618510992056161,115,2,Neutral
IN_0122,2,Instagram,2025-11-22,23:05:40,Reel,Mastering Social Media ROI in under 10 minutes. Read our full step-by-step guide now! #Productivity #DataAnalytics #DigitalMarketing #TechTrends,#Productivity #DataAnalytics #DigitalMarketing #TechTrends,18444,32837,1357,194,51,382,7380,416,23,Saturday,5,1,2025-11,November,1984,10.756885708089351,1.2668635989889454,0.27651268705270005,144,4,Positive
IN_0123,2,Instagram,2025-11-10,21:37:34,Image,We are excited to announce our newest breakthrough in Python Automation. Check out the link below! #MarketingStrategy #Leadership,#MarketingStrategy #Leadership,12493,22058,431,89,44,53,0,245,21,Monday,0,0,2025-11,November,617,4.938765708796926,1.110708133103636,0.3521972304490515,129,2,Positive
IN_0124,2,Instagram,2025-05-22,05:06:47,Image,We are excited to announce our newest breakthrough in User Experience. Check out the link below! #DataAnalytics #Leadership,#DataAnalytics #Leadership,7625,8444,206,23,6,39,0,255,5,Thursday,3,0,2025-05,May,274,3.5934426229508194,3.019895783988631,0.07868852459016393,123,2,Positive
IN_0125,2,Instagram,2025-11-09,16:32:34,Carousel,Behind the scenes at our team workshop on Customer Engagement. Innovation starts here! #BusinessTips,#BusinessTips,6737,10169,488,91,60,112,0,143,16,Sunday,6,1,2025-11,November,751,11.147394982930088,1.4062346346740093,0.890604126465786,100,1,Positive
IN_0126,2,Instagram,2025-11-03,13:12:00,Story Promotion,Behind the scenes at our team workshop on Python Automation. Innovation starts here! #TechTrends #StartupLife #AI #DigitalMarketing,#TechTrends #StartupLife #AI #DigitalMarketing,4260,5666,255,25,16,3,0,194,13,Monday,0,0,2025-11,November,299,7.018779342723004,3.423932227320861,0.3755868544600939,131,4,Positive
IN_0127,2,Instagram,2025-08-11,09:40:32,Story Promotion,Discover how Cloud Scale is transforming the industry! What are your thoughts? #Innovation #SocialMedia2025 #StartupLife #BusinessTips,#Innovation #SocialMedia2025 #StartupLife #BusinessTips,2556,4231,197,32,6,45,0,71,9,Monday,0,0,2025-08,August,280,10.954616588419405,1.678090285984401,0.2347417840375587,134,4,Positive
IN_0128,2,Instagram,2025-07-21,01:27:05,Story Promotion,Mastering Executive Leadership in under 10 minutes. Read our full step-by-step guide now! #BusinessTips,#BusinessTips,498,745,10,2,0,2,0,24,1,Monday,0,0,2025-07,July,14,2.8112449799196786,3.2214765100671143,0.0,103,1,Positive
IN_0129,2,Instagram,2025-12-16,12:31:35,Reel,Behind the scenes at our team workshop on Customer Engagement. Innovation starts here! #DesignThinking #TechTrends #GrowthHacking #Leadership,#DesignThinking #TechTrends #GrowthHacking #Leadership,7702,11483,553,99,64,126,6088,143,12,Tuesday,1,0,2025-12,December,842,10.932225396001039,1.2453191674649482,0.8309529992209815,141,4,Positive
IN_0130,2,Instagram,2025-10-03,08:17:08,Carousel,Mastering AI Workflow in under 10 minutes. Read our full step-by-step guide now! #StartupLife,#StartupLife,7095,8729,304,31,34,33,0,356,8,Friday,4,0,2025-10,October,402,5.665961945031713,4.07835949135067,0.47921071176885127,93,1,Positive
IN_0131,2,Instagram,2025-06-15,00:34:47,Carousel,We are excited to announce our newest breakthrough in Cloud Scale. Check out the link below! #DesignThinking #SocialMedia2025 #Productivity,#DesignThinking #SocialMedia2025 #Productivity,9409,11658,239,40,32,30,0,217,0,Sunday,6,1,2025-06,June,341,3.624189605696673,1.8613827414650883,0.3400999043469019,139,3,Positive
IN_0132,2,Instagram,2025-07-17,03:46:22,Carousel,Unpopular opinion about User Experience: Most teams are doing it wrong. Here is why... #GrowthHacking,#GrowthHacking,1771,2627,106,11,8,26,0,104,3,Thursday,3,0,2025-07,July,151,8.526256352343308,3.9588884659307197,0.4517221908526256,101,1,Negative
IN_0133,2,Instagram,2025-04-21,05:17:34,Reel,Case study alert: How we boosted results by 350% using Data Analytics. #Productivity #Leadership #BusinessTips #SocialMedia2025,#Productivity #Leadership #BusinessTips #SocialMedia2025,5528,6800,282,36,26,76,3281,127,5,Monday,0,0,2025-04,April,420,7.597684515195368,1.8676470588235294,0.47033285094066574,127,4,Positive
IN_0134,2,Instagram,2025-08-09,13:28:46,Reel,Quick question for our community: How do you handle Brand Strategy in your daily workflow? #AI #MachineLearning #MarketingStrategy,#AI #MachineLearning #MarketingStrategy,31110,39597,1626,123,239,386,20337,1051,13,Saturday,5,1,2025-08,August,2374,7.630986820957891,2.654241482940627,0.7682417229186757,130,3,Neutral
IN_0135,2,Instagram,2025-06-28,23:28:56,Reel,Why Executive Leadership matters more than ever for modern business growth. #Innovation #Productivity #TechTrends,#Innovation #Productivity #TechTrends,11085,15578,855,72,79,147,4752,303,23,Saturday,5,1,2025-06,June,1153,10.401443391971132,1.9450507125433305,0.7126747857465042,113,3,Positive
IN_0136,2,Instagram,2025-02-03,10:03:07,Image,Mastering User Experience in under 10 minutes. Read our full step-by-step guide now! #BusinessTips #MachineLearning #DesignThinking #MarketingStrategy,#BusinessTips #MachineLearning #DesignThinking #MarketingStrategy,4927,7276,297,34,27,78,0,282,10,Monday,0,0,2025-02,February,436,8.849198295108586,3.8757559098405716,0.5480008118530546,150,4,Positive
IN_0137,2,Instagram,2025-06-11,00:14:48,Image,Top 5 actionable strategies for Brand Strategy in 2025. Save this post for later! #DesignThinking,#DesignThinking,5606,9032,358,35,35,82,0,106,0,Wednesday,2,0,2025-06,June,510,9.097395647520514,1.1736049601417184,0.6243310738494471,97,1,Positive
IN_0138,2,Instagram,2025-03-03,12:04:48,Story Promotion,Why User Experience matters more than ever for modern business growth. #DesignThinking #BusinessTips #Productivity #MachineLearning,#DesignThinking #BusinessTips #Productivity #MachineLearning,2576,3006,106,20,14,16,0,49,12,Monday,0,0,2025-03,March,156,6.055900621118012,1.6300731869594145,0.5434782608695652,131,4,Positive
IN_0139,2,Instagram,2025-11-21,02:58:11,Image,Case study alert: How we boosted results by 350% using Cloud Scale. #TechTrends #Innovation #Coding,#TechTrends #Innovation #Coding,4236,5159,329,51,6,39,0,48,2,Friday,4,0,2025-11,November,425,10.033050047214353,0.9304128707113782,0.141643059490085,99,3,Positive
IN_0140,2,Instagram,2025-03-30,06:51:44,Story Promotion,We are excited to announce our newest breakthrough in Social Media ROI. Check out the link below! #GrowthHacking #AI,#GrowthHacking #AI,2497,4304,155,35,6,8,0,127,6,Sunday,6,1,2025-03,March,204,8.16980376451742,2.950743494423792,0.24028834601521826,116,2,Positive
IN_0141,2,Instagram,2025-03-03,11:20:50,Image,We are excited to announce our newest breakthrough in Brand Strategy. Check out the link below! #Innovation #SocialMedia2025,#Innovation #SocialMedia2025,5325,8107,425,99,60,118,0,199,11,Monday,0,0,2025-03,March,702,13.183098591549298,2.4546688047366474,1.1267605633802817,124,2,Positive
IN_0142,2,Instagram,2025-10-11,02:23:00,Carousel,Unpopular opinion about Social Media ROI: Most teams are doing it wrong. Here is why... #Productivity #Leadership,#Productivity #Leadership,1781,2032,140,20,18,28,0,85,2,Saturday,5,1,2025-10,October,206,11.566535654126895,4.183070866141732,1.0106681639528354,113,2,Negative
IN_0143,2,Instagram,2025-02-12,11:40:15,Story Promotion,We are excited to announce our newest breakthrough in Cloud Scale. Check out the link below! #DigitalMarketing #GrowthHacking,#DigitalMarketing #GrowthHacking,1126,1982,51,6,1,0,0,17,11,Wednesday,2,0,2025-02,February,58,5.150976909413854,0.8577194752774974,0.08880994671403197,125,2,Positive
IN_0144,2,Instagram,2025-05-28,02:00:24,Image,Sunday motivation: Start your week with a fresh mindset on Content Marketing. #DigitalMarketing,#DigitalMarketing,5969,7290,231,13,5,67,0,174,2,Wednesday,2,0,2025-05,May,316,5.294019098676495,2.386831275720165,0.08376612497905847,95,1,Positive
IN_0145,2,Instagram,2025-12-17,15:47:39,Reel,Unpopular opinion about Cloud Scale: Most teams are doing it wrong. Here is why... #StartupLife #MachineLearning #TechTrends,#StartupLife #MachineLearning #TechTrends,19338,33351,1213,78,56,84,13927,208,15,Wednesday,2,0,2025-12,December,1431,7.399937946013031,0.6236694551887499,0.2895852725204261,124,3,Negative
IN_0146,2,Instagram,2025-05-29,00:10:21,Carousel,Discover how Social Media ROI is transforming the industry! What are your thoughts? #Productivity #DataAnalytics #GrowthHacking #BusinessTips,#Productivity #DataAnalytics #GrowthHacking #BusinessTips,8279,12710,293,68,31,63,0,456,0,Thursday,3,0,2025-05,May,455,5.495832830051938,3.5877261998426437,0.3744413576518903,141,4,Positive
IN_0147,2,Instagram,2025-05-20,14:53:55,Story Promotion,Behind the scenes at our team workshop on Python Automation. Innovation starts here! #DigitalMarketing #Productivity #DataAnalytics #Leadership,#DigitalMarketing #Productivity #DataAnalytics #Leadership,4182,5757,258,36,27,19,0,175,14,Tuesday,1,0,2025-05,May,340,8.130081300813007,3.039777661976724,0.6456241032998565,143,4,Positive
IN_0148,2,Instagram,2025-04-04,19:32:57,Carousel,Sunday motivation: Start your week with a fresh mindset on Python Automation. #SocialMedia2025 #DigitalMarketing #Productivity,#SocialMedia2025 #DigitalMarketing #Productivity,15823,21779,1157,104,36,295,0,317,19,Friday,4,0,2025-04,April,1592,10.06130316627694,1.455530556958538,0.22751690577008152,126,3,Positive
IN_0149,2,Instagram,2025-02-27,08:19:28,Story Promotion,Top 5 actionable strategies for Social Media ROI in 2025. Save this post for later! #DesignThinking,#DesignThinking,2647,3723,75,12,1,21,0,127,8,Thursday,3,0,2025-02,February,109,4.117869285984133,3.4112275047005105,0.037778617302606725,99,1,Positive
IN_0150,2,Instagram,2025-10-19,00:31:02,Carousel,Unpopular opinion about Customer Engagement: Most teams are doing it wrong. Here is why... #GrowthHacking #Leadership,#GrowthHacking #Leadership,1954,2669,150,22,7,28,0,52,0,Sunday,6,1,2025-10,October,207,10.59365404298874,1.9482952416635442,0.35823950870010235,117,2,Negative
IN_0151,2,Instagram,2025-05-06,21:54:20,Reel,Top 5 actionable strategies for Social Media ROI in 2025. Save this post for later! #TechTrends #AI #StartupLife,#TechTrends #AI #StartupLife,18296,28047,552,130,37,28,8267,396,21,Tuesday,1,0,2025-05,May,747,4.082859641451683,1.4119157129104716,0.20222999562745955,112,3,Positive
IN_0152,2,Instagram,2025-10-18,04:21:21,Image,Why User Experience matters more than ever for modern business growth. #TechTrends,#TechTrends,6612,8580,376,52,44,78,0,268,4,Saturday,5,1,2025-10,October,550,8.318209316394434,3.1235431235431235,0.6654567453115547,82,1,Positive
IN_0153,2,Instagram,2025-03-20,16:32:15,Carousel,We are excited to announce our newest breakthrough in Content Marketing. Check out the link below! #DigitalMarketing #StartupLife,#DigitalMarketing #StartupLife,5826,7457,172,34,13,16,0,70,16,Thursday,3,0,2025-03,March,235,4.033642293168555,0.9387153010594073,0.22313765877102643,129,2,Positive
IN_0154,2,Instagram,2025-07-25,04:33:07,Carousel,Why Content Marketing matters more than ever for modern business growth. #BusinessTips #Coding #Leadership #MachineLearning,#BusinessTips #Coding #Leadership #MachineLearning,5826,7891,230,29,26,16,0,121,4,Friday,4,0,2025-07,July,301,5.166495022313765,1.5333924724369536,0.44627531754205285,123,4,Positive
IN_0155,2,Instagram,2025-12-04,22:31:57,Story Promotion,Mastering Cloud Scale in under 10 minutes. Read our full step-by-step guide now! #GrowthHacking #StartupLife #DigitalMarketing #DataAnalytics,#GrowthHacking #StartupLife #DigitalMarketing #DataAnalytics,801,1246,30,6,3,5,0,10,22,Thursday,3,0,2025-12,December,44,5.493133583021224,0.8025682182985553,0.37453183520599254,141,4,Positive
IN_0156,2,Instagram,2025-07-16,18:50:29,Story Promotion,We are excited to announce our newest breakthrough in Data Analytics. Check out the link below! #BusinessTips #Innovation,#BusinessTips #Innovation,4859,7261,142,18,17,9,0,148,18,Wednesday,2,0,2025-07,July,186,3.827948137476847,2.0382867373639995,0.3498662276188516,121,2,Positive
IN_0157,2,Instagram,2025-09-07,11:30:46,Image,Discover how AI Workflow is transforming the industry! What are your thoughts? #AI,#AI,20119,34138,780,179,36,41,0,415,11,Sunday,6,1,2025-09,September,1036,5.149361300263433,1.2156541097896771,0.1789353347581888,82,1,Positive
IN_0158,2,Instagram,2025-10-26,16:15:38,Reel,We are excited to announce our newest breakthrough in Customer Engagement. Check out the link below! #AI #DesignThinking #SocialMedia2025,#AI #DesignThinking #SocialMedia2025,4795,6668,249,43,10,42,3043,283,16,Sunday,6,1,2025-10,October,344,7.1741397288842546,4.244151169766046,0.20855057351407716,137,3,Positive
IN_0159,2,Instagram,2025-06-12,05:20:21,Image,Why Data Analytics matters more than ever for modern business growth. #Coding #BusinessTips,#Coding #BusinessTips,2463,2743,150,32,21,26,0,47,5,Thursday,3,0,2025-06,June,229,9.297604547300041,1.7134524243528984,0.8526187576126675,91,2,Positive
IN_0160,2,Instagram,2025-10-18,12:31:06,Image,We are excited to announce our newest breakthrough in Brand Strategy. Check out the link below! #MarketingStrategy,#MarketingStrategy,10729,18687,286,67,41,19,0,447,12,Saturday,5,1,2025-10,October,413,3.849380184546556,2.392037245143683,0.38214185851430704,114,1,Positive
IN_0161,2,Instagram,2025-07-01,21:56:51,Story Promotion,Case study alert: How we boosted results by 350% using Data Analytics. #MarketingStrategy #GrowthHacking #DigitalMarketing #DataAnalytics,#MarketingStrategy #GrowthHacking #DigitalMarketing #DataAnalytics,3580,6233,176,40,4,13,0,90,21,Tuesday,1,0,2025-07,July,233,6.5083798882681565,1.4439274827530884,0.11173184357541899,137,4,Positive
IN_0162,2,Instagram,2025-12-03,16:40:42,Carousel,Sunday motivation: Start your week with a fresh mindset on Cloud Scale. #MarketingStrategy,#MarketingStrategy,57996,71900,2795,356,308,247,0,1667,16,Wednesday,2,0,2025-12,December,3706,6.390095868680598,2.3184979137691237,0.5310711083523002,90,1,Positive
IN_0163,2,Instagram,2025-08-06,14:49:31,Reel,Behind the scenes at our team workshop on Brand Strategy. Innovation starts here! #SocialMedia2025 #DataAnalytics #Leadership,#SocialMedia2025 #DataAnalytics #Leadership,29043,50626,728,133,44,114,13265,1467,14,Wednesday,2,0,2025-08,August,1019,3.5085907103260685,2.8977205388535534,0.15149950074028165,125,3,Positive
IN_0164,2,Instagram,2025-07-11,02:21:54,Reel,Discover how AI Workflow is transforming the industry! What are your thoughts? #TechTrends,#TechTrends,8242,14310,199,33,28,57,5897,218,2,Friday,4,0,2025-07,July,317,3.8461538461538463,1.5234102026554857,0.3397233681145353,90,1,Positive
IN_0165,2,Instagram,2025-03-13,07:15:51,Image,Top 5 actionable strategies for Social Media ROI in 2025. Save this post for later! #MachineLearning,#MachineLearning,40771,46275,1009,115,89,149,0,809,7,Thursday,3,0,2025-03,March,1362,3.3406097471241814,1.748244192328471,0.2182924137254421,100,1,Positive
IN_0166,2,Instagram,2025-05-28,21:32:49,Image,Top 5 actionable strategies for Executive Leadership in 2025. Save this post for later! #SocialMedia2025 #TechTrends,#SocialMedia2025 #TechTrends,4202,5045,220,53,24,47,0,57,21,Wednesday,2,0,2025-05,May,344,8.186577820085674,1.1298315163528245,0.5711565920990005,116,2,Positive
IN_0167,2,Instagram,2025-03-25,14:22:09,Carousel,Mastering User Experience in under 10 minutes. Read our full step-by-step guide now! #SocialMedia2025 #StartupLife #DigitalMarketing #DataAnalytics,#SocialMedia2025 #StartupLife #DigitalMarketing #DataAnalytics,8271,10492,168,38,18,15,0,149,14,Tuesday,1,0,2025-03,March,239,2.889614315076774,1.4201296225695768,0.2176278563656148,147,4,Positive
IN_0168,2,Instagram,2025-01-31,22:34:04,Story Promotion,Quick question for our community: How do you handle AI Workflow in your daily workflow? #TechTrends #MachineLearning #StartupLife #AI,#TechTrends #MachineLearning #StartupLife #AI,3745,5067,227,42,6,19,0,194,22,Friday,4,0,2025-01,January,294,7.850467289719626,3.8286954805604894,0.16021361815754337,133,4,Neutral
IN_0169,2,Instagram,2025-09-13,10:55:53,Carousel,We are excited to announce our newest breakthrough in Cloud Scale. Check out the link below! #DataAnalytics #Innovation,#DataAnalytics #Innovation,5412,7714,258,60,33,75,0,179,10,Saturday,5,1,2025-09,September,426,7.87139689578714,2.320456313196785,0.6097560975609756,119,2,Positive
IN_0170,2,Instagram,2025-07-17,15:16:37,Reel,No Caption Provided,#Productivity #StartupLife #MarketingStrategy #BusinessTips,190716,232853,10599,919,342,1308,90580,5123,15,Thursday,3,0,2025-07,July,13168,6.904507225403217,2.200100492585451,0.17932423079343107,19,4,Neutral
IN_0171,2,Instagram,2025-10-09,10:06:34,Story Promotion,Discover how User Experience is transforming the industry! What are your thoughts? #BusinessTips #Coding #MarketingStrategy #Leadership,#BusinessTips #Coding #MarketingStrategy #Leadership,791,1397,49,8,1,7,0,27,10,Thursday,3,0,2025-10,October,65,8.217446270543615,1.9327129563350036,0.12642225031605564,135,4,Positive
IN_0172,2,Instagram,2025-11-20,05:46:28,Carousel,Case study alert: How we boosted results by 350% using User Experience. #Innovation #AI #Coding #MarketingStrategy,#Innovation #AI #Coding #MarketingStrategy,9749,16231,700,86,102,19,0,315,5,Thursday,3,0,2025-11,November,907,9.303518309570212,1.9407307005113672,1.0462611549902554,114,4,Positive
IN_0173,2,Instagram,2025-04-30,11:22:44,Story Promotion,Unpopular opinion about Customer Engagement: Most teams are doing it wrong. Here is why... #Innovation #DesignThinking #GrowthHacking,#Innovation #DesignThinking #GrowthHacking,3924,6463,213,49,23,39,0,198,11,Wednesday,2,0,2025-04,April,324,8.256880733944955,3.063592758780752,0.5861365953109072,133,3,Neutral
IN_0174,2,Instagram,2025-10-06,18:36:12,Story Promotion,Why Social Media ROI matters more than ever for modern business growth. #AI #SocialMedia2025 #Leadership,#AI #SocialMedia2025 #Leadership,5681,10059,204,28,24,48,0,135,18,Monday,0,0,2025-10,October,304,5.351170568561873,1.3420817178645987,0.4224608343601478,104,3,Positive
IN_0175,2,Instagram,2025-05-07,08:07:52,Carousel,Quick question for our community: How do you handle Brand Strategy in your daily workflow? #SocialMedia2025 #MarketingStrategy #DesignThinking #DigitalMarketing,#SocialMedia2025 #MarketingStrategy #DesignThinking #DigitalMarketing,4960,8522,158,33,7,43,0,199,8,Wednesday,2,0,2025-05,May,241,4.858870967741936,2.3351325979816946,0.1411290322580645,160,4,Neutral
IN_0176,2,Instagram,2025-09-26,18:21:17,Story Promotion,Behind the scenes at our team workshop on Python Automation. Innovation starts here! #DigitalMarketing,#DigitalMarketing,2308,2585,135,18,9,31,0,137,18,Friday,4,0,2025-09,September,193,8.362218370883882,5.299806576402321,0.389948006932409,102,1,Positive
IN_0177,2,Instagram,2025-08-16,11:26:08,Carousel,Why Executive Leadership matters more than ever for modern business growth. #DataAnalytics #MachineLearning #Innovation,#DataAnalytics #MachineLearning #Innovation,8136,10788,170,10,10,25,0,139,11,Saturday,5,1,2025-08,August,215,2.642576204523107,1.2884686688913607,0.12291052114060963,119,3,Positive
IN_0178,2,Instagram,2025-08-11,23:31:55,Reel,Behind the scenes at our team workshop on Brand Strategy. Innovation starts here! #StartupLife,#StartupLife,15812,17829,801,155,90,123,13653,268,23,Monday,0,0,2025-08,August,1169,7.393119150012649,1.5031689943350721,0.5691879585125221,94,1,Positive
IN_0179,2,Instagram,2025-02-17,13:07:07,Carousel,Mastering AI Workflow in under 10 minutes. Read our full step-by-step guide now! #GrowthHacking #DesignThinking #AI #Leadership,#GrowthHacking #DesignThinking #AI #Leadership,11535,17870,504,40,63,124,0,374,13,Monday,0,0,2025-02,February,731,6.337234503684439,2.092893116955792,0.5461638491547465,127,4,Positive
IN_0180,2,Instagram,2025-05-03,02:03:27,Image,No Caption Provided,#Leadership #TechTrends,3007,3628,217,32,13,49,0,130,2,Saturday,5,1,2025-05,May,311,10.34253408713003,3.583241455347299,0.4323245759893582,19,2,Neutral
IN_0181,2,Instagram,2025-12-09,15:06:26,Image,Unpopular opinion about Content Marketing: Most teams are doing it wrong. Here is why... #DataAnalytics,#DataAnalytics,1034,1645,56,6,7,3,0,21,15,Tuesday,1,0,2025-12,December,72,6.963249516441006,1.276595744680851,0.6769825918762089,103,1,Negative
IN_0182,2,Instagram,2025-05-25,09:40:18,Story Promotion,Behind the scenes at our team workshop on Social Media ROI. Innovation starts here! #DesignThinking #Innovation,#DesignThinking #Innovation,1597,2047,43,4,1,7,0,67,9,Sunday,6,1,2025-05,May,55,3.4439574201628056,3.2730825598436737,0.06261740763932373,111,2,Positive
IN_0183,2,Instagram,2025-01-22,14:06:24,Reel,Unpopular opinion about Content Marketing: Most teams are doing it wrong. Here is why... #Productivity #MachineLearning #StartupLife,#Productivity #MachineLearning #StartupLife,26336,35623,612,107,57,163,13857,936,14,Wednesday,2,0,2025-01,January,939,3.5654617253948966,2.6275159307189178,0.2164337788578372,132,3,Negative
IN_0184,2,Instagram,2025-06-20,07:30:47,Story Promotion,Why Brand Strategy matters more than ever for modern business growth. #BusinessTips #Innovation #DesignThinking #MarketingStrategy,#BusinessTips #Innovation #DesignThinking #MarketingStrategy,2580,4273,154,36,4,6,0,25,7,Friday,4,0,2025-06,June,200,7.751937984496124,0.5850690381465012,0.15503875968992248,130,4,Positive
IN_0185,2,Instagram,2025-05-21,00:00:01,Story Promotion,Quick question for our community: How do you handle User Experience in your daily workflow? #AI #TechTrends,#AI #TechTrends,1100,1535,79,5,5,1,0,53,0,Wednesday,2,0,2025-05,May,90,8.181818181818182,3.452768729641694,0.45454545454545453,107,2,Neutral
IN_0186,2,Instagram,2025-04-15,04:22:51,Image,Top 5 actionable strategies for Executive Leadership in 2025. Save this post for later! #TechTrends #AI,#TechTrends #AI,4954,8523,305,31,6,52,0,65,4,Tuesday,1,0,2025-04,April,394,7.953169156237385,0.762642262114279,0.12111425111021397,103,2,Positive
IN_0187,2,Instagram,2025-07-13,01:05:18,Story Promotion,Top 5 actionable strategies for Executive Leadership in 2025. Save this post for later! #MarketingStrategy #TechTrends #Innovation #Productivity,#MarketingStrategy #TechTrends #Innovation #Productivity,3599,5747,227,20,12,46,0,209,1,Sunday,6,1,2025-07,July,305,8.47457627118644,3.636680006960153,0.333425951653237,144,4,Positive
IN_0188,2,Instagram,2025-11-29,01:36:23,Story Promotion,Discover how Cloud Scale is transforming the industry! What are your thoughts? #DesignThinking #DataAnalytics #MachineLearning #Coding,#DesignThinking #DataAnalytics #MachineLearning #Coding,727,986,50,7,3,13,0,33,1,Saturday,5,1,2025-11,November,73,10.041265474552958,3.3468559837728193,0.41265474552957354,134,4,Positive
IN_0189,2,Instagram,2025-07-28,06:20:01,Carousel,Why Executive Leadership matters more than ever for modern business growth. #DesignThinking #DigitalMarketing #MarketingStrategy,#DesignThinking #DigitalMarketing #MarketingStrategy,6052,10730,152,15,5,42,0,255,6,Monday,0,0,2025-07,July,214,3.5360211500330467,2.3765144454799625,0.08261731658955718,128,3,Positive
IN_0190,2,Instagram,2025-01-22,12:30:17,Reel,We are excited to announce our newest breakthrough in User Experience. Check out the link below! #SocialMedia2025 #StartupLife #MachineLearning,#SocialMedia2025 #StartupLife #MachineLearning,19414,34635,1311,281,93,326,16314,1155,12,Wednesday,2,0,2025-01,January,2011,10.358504172246832,3.3347769597228236,0.4790357473987844,143,3,Positive
IN_0191,2,Instagram,2025-05-11,20:02:28,Reel,Quick question for our community: How do you handle Content Marketing in your daily workflow? #Leadership #AI #GrowthHacking,#Leadership #AI #GrowthHacking,14347,22378,625,103,73,130,12825,305,20,Sunday,6,1,2025-05,May,931,6.489161497177111,1.3629457502904638,0.508817174322158,124,3,Positive
IN_0192,2,Instagram,2025-07-04,00:01:18,Image,Behind the scenes at our team workshop on Executive Leadership. Innovation starts here! #Coding #AI,#Coding #AI,4524,7589,237,16,29,3,0,52,0,Friday,4,0,2025-07,July,285,6.299734748010611,0.685202266438266,0.641025641025641,99,2,Positive
IN_0193,2,Instagram,2025-02-06,02:26:24,Image,Sunday motivation: Start your week with a fresh mindset on Python Automation. #StartupLife #BusinessTips #TechTrends,#StartupLife #BusinessTips #TechTrends,4364,5437,199,33,16,37,0,52,2,Thursday,3,0,2025-02,February,285,6.53070577451879,0.9564097848077984,0.36663611365719523,116,3,Positive
IN_0194,2,Instagram,2025-01-16,09:18:45,Story Promotion,Sunday motivation: Start your week with a fresh mindset on Cloud Scale. #BusinessTips,#BusinessTips,1684,2997,83,4,2,12,0,93,9,Thursday,3,0,2025-01,January,101,5.997624703087886,3.1031031031031033,0.11876484560570072,85,1,Positive
IN_0195,2,Instagram,2025-11-20,03:25:21,Carousel,Why Content Marketing matters more than ever for modern business growth. #TechTrends #GrowthHacking #DigitalMarketing #SocialMedia2025,#TechTrends #GrowthHacking #DigitalMarketing #SocialMedia2025,6085,6737,168,37,20,47,0,196,3,Thursday,3,0,2025-11,November,272,4.470008216926869,2.9093068131215674,0.3286770747740345,134,4,Positive
IN_0196,2,Instagram,2025-07-18,19:30:10,Image,Case study alert: How we boosted results by 350% using Customer Engagement. #MachineLearning,#MachineLearning,13789,17999,410,44,25,17,0,244,19,Friday,4,0,2025-07,July,496,3.597070128363188,1.3556308683815768,0.18130393792153165,92,1,Positive
IN_0197,2,Instagram,2025-01-03,14:06:04,Reel,We are excited to announce our newest breakthrough in Python Automation. Check out the link below! #DigitalMarketing,#DigitalMarketing,27688,41767,1373,264,171,391,12682,504,14,Friday,4,0,2025-01,January,2199,7.942068766252529,1.2066942801733425,0.6175960704998555,116,1,Positive
IN_0198,2,Instagram,2025-01-13,15:57:02,Story Promotion,Mastering Data Analytics in under 10 minutes. Read our full step-by-step guide now! #StartupLife #SocialMedia2025 #AI,#StartupLife #SocialMedia2025 #AI,1421,2117,64,4,3,18,0,39,15,Monday,0,0,2025-01,January,89,6.263194933145671,1.8422295701464337,0.211118930330753,117,3,Positive
IN_0199,2,Instagram,2025-03-12,04:24:21,Image,Why User Experience matters more than ever for modern business growth. #StartupLife #DataAnalytics,#StartupLife #DataAnalytics,5747,8563,279,68,29,49,0,90,4,Wednesday,2,0,2025-03,March,425,7.395162693579259,1.0510335162910196,0.5046111014442318,98,2,Positive
IN_0200,2,Instagram,2025-12-26,14:13:31,Image,Case study alert: How we boosted results by 350% using Cloud Scale. #AI,#AI,9480,10486,690,53,96,179,0,474,14,Friday,4,0,2025-12,December,1018,10.738396624472573,4.520312798016403,1.0126582278481013,71,1,Positive
IN_0201,2,Instagram,2025-02-20,06:16:39,Image,We are excited to announce our newest breakthrough in Social Media ROI. Check out the link below! #Productivity #SocialMedia2025,#Productivity #SocialMedia2025,1566,2285,124,20,6,28,0,81,6,Thursday,3,0,2025-02,February,178,11.36653895274585,3.5448577680525166,0.38314176245210724,128,2,Positive
IN_0202,2,Instagram,2025-01-31,15:43:26,Carousel,Quick question for our community: How do you handle Python Automation in your daily workflow? #DataAnalytics,#DataAnalytics,8369,14284,543,40,54,129,0,455,15,Friday,4,0,2025-01,January,766,9.152825905126061,3.1853822458695045,0.6452383797347353,108,1,Neutral
IN_0203,2,Instagram,2025-11-03,18:58:42,Image,Top 5 actionable strategies for Python Automation in 2025. Save this post for later! #BusinessTips,#BusinessTips,11098,18244,736,42,41,67,0,471,18,Monday,0,0,2025-11,November,886,7.983420436114614,2.5816706862530148,0.36943593440259503,98,1,Positive
IN_0204,2,Instagram,2025-06-11,11:54:32,Story Promotion,Case study alert: How we boosted results by 350% using Cloud Scale. #BusinessTips #DesignThinking #MachineLearning #Innovation,#BusinessTips #DesignThinking #MachineLearning #Innovation,2610,4078,142,20,4,21,0,70,11,Wednesday,2,0,2025-06,June,187,7.164750957854406,1.716527709661599,0.15325670498084293,126,4,Positive
IN_0205,2,Instagram,2025-05-18,09:52:33,Reel,Unpopular opinion about Brand Strategy: Most teams are doing it wrong. Here is why... #Coding #DataAnalytics #Innovation,#Coding #DataAnalytics #Innovation,7608,12766,388,51,21,51,5550,368,9,Sunday,6,1,2025-05,May,511,6.716614090431125,2.882657057809807,0.27602523659305994,120,3,Negative
IN_0206,2,Instagram,2025-06-01,06:54:59,Carousel,Sunday motivation: Start your week with a fresh mindset on Cloud Scale. #DataAnalytics #DesignThinking #Leadership,#DataAnalytics #DesignThinking #Leadership,2663,4276,99,9,9,19,0,71,6,Sunday,6,1,2025-06,June,136,5.1070221554637625,1.6604303086997194,0.3379647014645137,114,3,Positive
IN_0207,2,Instagram,2025-07-20,17:38:03,Story Promotion,Top 5 actionable strategies for Cloud Scale in 2025. Save this post for later! #MarketingStrategy #DigitalMarketing #Innovation,#MarketingStrategy #DigitalMarketing #Innovation,3927,6554,310,15,13,87,0,221,17,Sunday,6,1,2025-07,July,425,10.822510822510822,3.3719865730851386,0.3310415075120957,127,3,Positive
IN_0208,2,Instagram,2025-05-22,18:36:33,Reel,Why Customer Engagement matters more than ever for modern business growth. #BusinessTips,#BusinessTips,16655,22830,452,38,30,109,7115,872,18,Thursday,3,0,2025-05,May,629,3.776643650555389,3.8195356986421376,0.18012608826178325,88,1,Positive
IN_0209,2,Instagram,2025-02-19,15:24:38,Image,Sunday motivation: Start your week with a fresh mindset on Data Analytics. #GrowthHacking,#GrowthHacking,3458,4386,114,19,13,31,0,95,15,Wednesday,2,0,2025-02,February,177,5.118565644881434,2.165982672138623,0.37593984962406013,89,1,Positive
IN_0210,2,Instagram,2025-04-23,06:15:23,Story Promotion,Top 5 actionable strategies for Content Marketing in 2025. Save this post for later! #MarketingStrategy,#MarketingStrategy,2643,4709,181,13,9,23,0,58,6,Wednesday,2,0,2025-04,April,226,8.550889141127508,1.2316840093438097,0.340522133938706,103,1,Positive
IN_0211,2,Instagram,2025-05-24,03:54:35,Carousel,Top 5 actionable strategies for Python Automation in 2025. Save this post for later! #Leadership #DataAnalytics #Productivity #AI,#Leadership #DataAnalytics #Productivity #AI,6476,7805,474,104,55,7,0,312,3,Saturday,5,1,2025-05,May,640,9.882643607164916,3.997437540038437,0.8492896849907351,129,4,Positive
IN_0212,2,Instagram,2025-09-26,12:27:44,Story Promotion,Quick question for our community: How do you handle Cloud Scale in your daily workflow? #Productivity #Leadership #Innovation #DataAnalytics,#Productivity #Leadership #Innovation #DataAnalytics,1068,1800,65,5,4,4,0,29,12,Friday,4,0,2025-09,September,78,7.303370786516854,1.6111111111111112,0.37453183520599254,140,4,Positive
IN_0213,2,Instagram,2025-07-14,21:51:40,Image,Top 5 actionable strategies for User Experience in 2025. Save this post for later! #StartupLife #MachineLearning,#StartupLife #MachineLearning,12399,17014,504,63,42,110,0,687,21,Monday,0,0,2025-07,July,719,5.7988547463505125,4.03785118138004,0.3387369949189451,112,2,Positive
IN_0214,2,Instagram,2025-07-07,09:27:40,Reel,Mastering Content Marketing in under 10 minutes. Read our full step-by-step guide now! #Productivity #TechTrends,#Productivity #TechTrends,15888,18477,1190,81,131,29,6984,899,9,Monday,0,0,2025-07,July,1431,9.006797583081571,4.865508469989717,0.8245216515609265,112,2,Positive
IN_0215,2,Instagram,2025-05-23,06:46:22,Carousel,Top 5 actionable strategies for Social Media ROI in 2025. Save this post for later! #DataAnalytics,#DataAnalytics,7974,13142,576,128,67,53,0,267,6,Friday,4,0,2025-05,May,824,10.333584148482569,2.03165423831989,0.8402307499372963,98,1,Positive
IN_0216,2,Instagram,2025-04-11,21:56:28,Image,Case study alert: How we boosted results by 350% using AI Workflow. #Productivity #DesignThinking #MarketingStrategy,#Productivity #DesignThinking #MarketingStrategy,7806,12744,494,39,69,40,0,81,21,Friday,4,0,2025-04,April,642,8.224442736356648,0.6355932203389831,0.8839354342813222,116,3,Positive
IN_0217,2,Instagram,2025-01-11,18:14:15,Image,Why Python Automation matters more than ever for modern business growth. #MarketingStrategy #TechTrends,#MarketingStrategy #TechTrends,3312,5640,232,38,13,18,0,62,18,Saturday,5,1,2025-01,January,301,9.08816425120773,1.099290780141844,0.392512077294686,103,2,Positive
IN_0218,2,Instagram,2025-01-22,02:26:31,Reel,Why Data Analytics matters more than ever for modern business growth. #Leadership #SocialMedia2025 #DesignThinking,#Leadership #SocialMedia2025 #DesignThinking,9224,13642,408,63,59,115,5321,371,2,Wednesday,2,0,2025-01,January,645,6.992627927146574,2.7195425890631872,0.6396357328707719,114,3,Positive
IN_0219,2,Instagram,2025-09-26,14:50:35,Story Promotion,Top 5 actionable strategies for Social Media ROI in 2025. Save this post for later! #DataAnalytics,#General,2713,3551,152,20,10,17,0,69,14,Friday,4,0,2025-09,September,199,7.335053446369333,1.943114615601239,0.36859565057132326,98,1,Positive
IN_0220,2,Instagram,2025-11-23,05:21:29,Reel,Why Customer Engagement matters more than ever for modern business growth. #DataAnalytics #MarketingStrategy #TechTrends #Coding,#DataAnalytics #MarketingStrategy #TechTrends #Coding,9301,14872,393,35,14,113,4861,160,5,Sunday,6,1,2025-11,November,555,5.967100311794431,1.0758472296933834,0.15052144930652617,128,4,Positive
IN_0221,2,Instagram,2025-06-29,16:56:00,Story Promotion,Case study alert: How we boosted results by 350% using AI Workflow. #GrowthHacking #Productivity #SocialMedia2025,#GrowthHacking #Productivity #SocialMedia2025,3809,6505,185,22,8,51,0,69,16,Sunday,6,1,2025-06,June,266,6.9834602257810445,1.0607225211375864,0.2100288789708585,113,3,Positive
IN_0222,2,Instagram,2025-05-19,02:10:49,Reel,Quick question for our community: How do you handle Cloud Scale in your daily workflow? #TechTrends #Leadership #BusinessTips,#TechTrends #Leadership #BusinessTips,10413,15986,386,23,33,17,6447,357,2,Monday,0,0,2025-05,May,459,4.4079515989628355,2.2332040535468534,0.31691155286660905,125,3,Neutral
IN_0223,2,Instagram,2025-10-17,18:25:15,Reel,Behind the scenes at our team workshop on Python Automation. Innovation starts here! #StartupLife #MachineLearning #Leadership,#StartupLife #MachineLearning #Leadership,24755,30632,1411,148,68,32,10051,412,18,Friday,4,0,2025-10,October,1659,6.701676429004241,1.344998694176025,0.2746919814178954,126,3,Positive
IN_0224,2,Instagram,2025-03-19,15:32:36,Carousel,We are excited to announce our newest breakthrough in Content Marketing. Check out the link below! #AI,#AI,4392,6315,105,15,15,29,0,152,15,Wednesday,2,0,2025-03,March,164,3.7340619307832426,2.4069675376088675,0.34153005464480873,102,1,Positive
IN_0225,2,Instagram,2025-12-11,13:32:54,Carousel,No Caption Provided,#StartupLife #Coding #GrowthHacking,14389,23045,736,77,71,198,0,306,13,Thursday,3,0,2025-12,December,1082,7.519633053026617,1.3278368409633325,0.4934324831468483,19,3,Neutral
IN_0226,2,Instagram,2025-09-18,10:56:36,Story Promotion,Top 5 actionable strategies for Data Analytics in 2025. Save this post for later! #DesignThinking #Productivity #DigitalMarketing,#DesignThinking #Productivity #DigitalMarketing,2428,4106,80,19,6,4,0,36,10,Thursday,3,0,2025-09,September,109,4.4892915980230645,0.876765708718948,0.2471169686985173,129,3,Positive
IN_0227,2,Instagram,2025-08-03,20:37:41,Image,Top 5 actionable strategies for Content Marketing in 2025. Save this post for later! #Innovation #Leadership,#Innovation #Leadership,14114,16087,626,85,46,183,0,376,20,Sunday,6,1,2025-08,August,940,6.660053847243871,2.3372909802946475,0.32591752869491286,108,2,Positive
IN_0228,2,Instagram,2025-09-09,14:25:49,Story Promotion,Sunday motivation: Start your week with a fresh mindset on Python Automation. #DigitalMarketing #DataAnalytics,#DigitalMarketing #DataAnalytics,2535,3849,140,30,4,4,0,118,14,Tuesday,1,0,2025-09,September,178,7.021696252465483,3.065731358794492,0.15779092702169625,110,2,Positive
IN_0229,2,Instagram,2025-12-24,23:35:30,Image,Quick question for our community: How do you handle Data Analytics in your daily workflow? #MarketingStrategy #TechTrends #Coding #DigitalMarketing,#MarketingStrategy #TechTrends #Coding #DigitalMarketing,9003,14314,539,36,22,53,0,135,23,Wednesday,2,0,2025-12,December,650,7.21981561701655,0.943132597457035,0.24436299011440632,147,4,Neutral
IN_0230,2,Instagram,2025-01-01,06:59:58,Story Promotion,Sunday motivation: Start your week with a fresh mindset on Executive Leadership. #DigitalMarketing,#DigitalMarketing,3455,3973,196,15,15,50,0,61,6,Wednesday,2,0,2025-01,January,276,7.988422575976845,1.5353637050088096,0.43415340086830684,98,1,Positive
IN_0231,2,Instagram,2025-04-25,10:19:44,Carousel,Behind the scenes at our team workshop on Social Media ROI. Innovation starts here! #DesignThinking #Leadership #GrowthHacking #SocialMedia2025,#DesignThinking #Leadership #GrowthHacking #SocialMedia2025,9526,13153,651,63,96,64,0,250,10,Friday,4,0,2025-04,April,874,9.17488977535167,1.9007070630274463,1.0077682133109385,143,4,Positive
IN_0232,2,Instagram,2025-02-10,02:08:20,Image,We are excited to announce our newest breakthrough in Social Media ROI. Check out the link below! #Leadership,#Leadership,1614,2645,98,16,11,13,0,26,2,Monday,0,0,2025-02,February,138,8.550185873605948,0.9829867674858223,0.6815365551425031,109,1,Positive
IN_0233,2,Instagram,2025-10-28,11:00:55,Reel,We are excited to announce our newest breakthrough in Executive Leadership. Check out the link below! #GrowthHacking,#GrowthHacking,8314,9430,585,123,41,143,5252,484,11,Tuesday,1,0,2025-10,October,892,10.728891027183064,5.132555673382821,0.49314409429877315,116,1,Positive
IN_0234,2,Instagram,2025-06-17,15:22:38,Reel,Top 5 actionable strategies for Data Analytics in 2025. Save this post for later! #DigitalMarketing #BusinessTips,#DigitalMarketing #BusinessTips,20038,24120,1463,143,144,420,17105,922,15,Tuesday,1,0,2025-06,June,2170,10.829424094220979,3.822553897180763,0.7186345942708853,113,2,Positive
IN_0235,2,Instagram,2025-12-31,12:29:12,Carousel,Why Brand Strategy matters more than ever for modern business growth. #AI,#AI,19602,24329,565,105,74,127,0,464,12,Wednesday,2,0,2025-12,December,871,4.443424140393837,1.9071889514571088,0.3775124987246199,73,1,Positive
IN_0236,2,Instagram,2025-11-10,07:09:36,Image,Discover how Executive Leadership is transforming the industry! What are your thoughts? #SocialMedia2025 #DesignThinking #Leadership,#SocialMedia2025 #DesignThinking #Leadership,1128,1706,87,5,11,11,0,37,7,Monday,0,0,2025-11,November,114,10.106382978723403,2.168815943728019,0.975177304964539,132,3,Positive
IN_0237,2,Instagram,2025-10-30,08:06:55,Carousel,Behind the scenes at our team workshop on Data Analytics. Innovation starts here! #StartupLife #Innovation,#StartupLife #Innovation,1345,1695,44,9,2,0,0,16,8,Thursday,3,0,2025-10,October,55,4.089219330855019,0.943952802359882,0.14869888475836432,106,2,Positive
IN_0238,2,Instagram,2025-10-07,15:10:24,Carousel,Sunday motivation: Start your week with a fresh mindset on User Experience. #Leadership,#Leadership,9009,11723,242,23,35,41,0,238,15,Tuesday,1,0,2025-10,October,341,3.785103785103785,2.030197048537064,0.3885003885003885,87,1,Positive
IN_0239,2,Instagram,2025-02-10,11:58:13,Story Promotion,Behind the scenes at our team workshop on Data Analytics. Innovation starts here! #MarketingStrategy,#MarketingStrategy,1470,1881,43,5,4,4,0,70,11,Monday,0,0,2025-02,February,56,3.8095238095238098,3.721424774056353,0.27210884353741494,100,1,Positive
IN_0240,2,Instagram,2025-11-24,02:29:50,Reel,Top 5 actionable strategies for AI Workflow in 2025. Save this post for later! #DataAnalytics,#DataAnalytics,16503,29062,1285,93,101,58,12921,808,2,Monday,0,0,2025-11,November,1537,9.313458159122584,2.780262886243204,0.6120099375871053,93,1,Positive
IN_0241,2,Instagram,2025-05-23,03:01:54,Image,Unpopular opinion about Brand Strategy: Most teams are doing it wrong. Here is why... #BusinessTips #DesignThinking,#BusinessTips #DesignThinking,3161,3517,236,49,29,8,0,41,3,Friday,4,0,2025-05,May,322,10.18664979436887,1.1657662780779072,0.9174311926605505,115,2,Negative
IN_0242,2,Instagram,2025-10-01,07:04:10,Carousel,Mastering Data Analytics in under 10 minutes. Read our full step-by-step guide now! #Productivity #BusinessTips #DesignThinking,#Productivity #BusinessTips #DesignThinking,7272,12131,238,20,24,55,0,344,7,Wednesday,2,0,2025-10,October,337,4.634213421342134,2.8357101640425357,0.33003300330033003,127,3,Positive
IN_0243,2,Instagram,2025-12-03,17:59:58,Story Promotion,No Caption Provided,#StartupLife #GrowthHacking #DataAnalytics,1090,1634,22,4,1,2,0,51,17,Wednesday,2,0,2025-12,December,29,2.6605504587155964,3.121175030599755,0.09174311926605505,19,3,Neutral
IN_0244,2,Instagram,2025-03-10,03:29:39,Image,Case study alert: How we boosted results by 350% using User Experience. #Leadership #Coding,#Leadership #Coding,7322,9800,420,23,54,42,0,187,3,Monday,0,0,2025-03,March,539,7.361376673040152,1.9081632653061225,0.7375034143676591,91,2,Positive
IN_0245,2,Instagram,2025-01-29,10:55:48,Reel,Top 5 actionable strategies for Customer Engagement in 2025. Save this post for later! #MarketingStrategy #DigitalMarketing #GrowthHacking #BusinessTips,#MarketingStrategy #DigitalMarketing #GrowthHacking #BusinessTips,8654,12537,556,73,13,51,4261,126,10,Wednesday,2,0,2025-01,January,693,8.007857638086433,1.0050251256281406,0.15021955165241507,152,4,Positive
IN_0246,2,Instagram,2025-02-21,13:11:57,Carousel,Sunday motivation: Start your week with a fresh mindset on Brand Strategy. #Coding #AI #MarketingStrategy,#Coding #AI #MarketingStrategy,16537,20870,605,132,55,101,0,875,13,Friday,4,0,2025-02,February,893,5.400012094092036,4.192620987062769,0.3325875309911108,105,3,Positive
IN_0247,2,Instagram,2025-12-20,19:52:53,Carousel,Top 5 actionable strategies for AI Workflow in 2025. Save this post for later! #DesignThinking #TechTrends #DigitalMarketing #BusinessTips,#DesignThinking #TechTrends #DigitalMarketing #BusinessTips,6897,7838,166,39,16,6,0,233,19,Saturday,5,1,2025-12,December,227,3.291286066405684,2.9726971166113803,0.23198492098013632,138,4,Positive
IN_0248,2,Instagram,2025-05-16,05:46:55,Reel,Sunday motivation: Start your week with a fresh mindset on AI Workflow. #MarketingStrategy #Coding #StartupLife,#MarketingStrategy #Coding #StartupLife,3918,6537,188,36,6,42,3177,172,5,Friday,4,0,2025-05,May,272,6.9423175089331295,2.631176380602723,0.1531393568147014,111,3,Positive
IN_0249,2,Instagram,2025-05-20,20:59:48,Reel,Unpopular opinion about Executive Leadership: Most teams are doing it wrong. Here is why... #TechTrends #BusinessTips,#TechTrends #BusinessTips,14162,23757,531,41,77,68,9759,332,20,Tuesday,1,0,2025-05,May,717,5.062844231040813,1.397482847160837,0.5437085157463636,117,2,Negative
IN_0250,2,Instagram,2025-05-11,23:36:18,Image,We are excited to announce our newest breakthrough in AI Workflow. Check out the link below! #Innovation #DataAnalytics #MachineLearning #DigitalMarketing,#Innovation #DataAnalytics #MachineLearning #DigitalMarketing,8096,12193,631,62,70,48,0,182,23,Sunday,6,1,2025-05,May,811,10.017292490118578,1.492659722791766,0.8646245059288538,154,4,Positive
IN_0251,2,Instagram,2025-04-22,10:04:07,Image,Discover how Content Marketing is transforming the industry! What are your thoughts? #Productivity,#Productivity,3958,5592,114,20,4,13,0,232,10,Tuesday,1,0,2025-04,April,151,3.8150581101566448,4.148783977110158,0.1010611419909045,98,1,Positive
IN_0252,2,Instagram,2025-06-12,07:20:17,Reel,Unpopular opinion about Content Marketing: Most teams are doing it wrong. Here is why... #GrowthHacking #DataAnalytics #StartupLife #DesignThinking,#GrowthHacking #DataAnalytics #StartupLife #DesignThinking,19323,27172,678,92,27,160,15783,916,7,Thursday,3,0,2025-06,June,957,4.952647104486881,3.371117326659797,0.13972985561248255,147,4,Negative
IN_0253,2,Instagram,2025-05-28,05:07:21,Reel,Case study alert: How we boosted results by 350% using Python Automation. #Leadership,#Leadership,10306,13523,344,31,45,87,9087,242,5,Wednesday,2,0,2025-05,May,507,4.919464389675917,1.7895437402943133,0.43663885115466716,85,1,Positive
IN_0254,2,Instagram,2025-05-01,23:29:30,Reel,Quick question for our community: How do you handle Cloud Scale in your daily workflow? #AI #DigitalMarketing,#AI #DigitalMarketing,14598,18835,868,182,101,13,9978,791,23,Thursday,3,0,2025-05,May,1164,7.973695026715988,4.199628351473321,0.6918755993971777,109,2,Neutral
IN_0255,2,Instagram,2025-09-12,20:14:30,Reel,Discover how Executive Leadership is transforming the industry! What are your thoughts? #MarketingStrategy,#MarketingStrategy,22701,33772,1227,61,55,50,12557,1094,20,Friday,4,0,2025-09,September,1393,6.136293555349984,3.2393698922184058,0.2422800757675873,106,1,Positive
IN_0256,2,Instagram,2025-11-18,14:38:04,Carousel,Quick question for our community: How do you handle AI Workflow in your daily workflow? #Leadership #Innovation #DataAnalytics #DesignThinking,#Leadership #Innovation #DataAnalytics #DesignThinking,8115,11604,279,32,13,80,0,87,14,Tuesday,1,0,2025-11,November,404,4.978434996919285,0.749741468459152,0.16019716574245227,142,4,Positive
IN_0257,2,Instagram,2025-07-30,01:35:51,Story Promotion,Case study alert: How we boosted results by 350% using Cloud Scale. #AI,#AI,899,1453,29,2,1,8,0,27,1,Wednesday,2,0,2025-07,July,40,4.4493882091212456,1.8582243633860975,0.11123470522803114,71,1,Positive
IN_0258,2,Instagram,2025-04-18,03:24:12,Reel,No Caption Provided,#AI,11809,18190,775,45,84,129,8604,528,3,Friday,4,0,2025-04,April,1033,8.747565416207976,2.902693787795492,0.7113218731475993,19,1,Neutral
IN_0259,2,Instagram,2025-04-21,14:59:36,Image,Behind the scenes at our team workshop on AI Workflow. Innovation starts here! #Coding #Innovation,#Coding #Innovation,183216,298152,9779,810,1134,2878,0,7069,14,Monday,0,0,2025-04,April,14601,7.969282158763427,2.3709383133435296,0.6189415771548337,98,2,Positive
IN_0260,2,Instagram,2025-04-30,01:38:45,Reel,Why Content Marketing matters more than ever for modern business growth. #MarketingStrategy #DigitalMarketing,#MarketingStrategy #DigitalMarketing,10216,15661,223,43,25,25,7951,490,1,Wednesday,2,0,2025-04,April,316,3.0931871574001564,3.1287912649256113,0.24471417384494912,109,2,Positive
IN_0261,2,Instagram,2025-03-23,17:14:52,Reel,We are excited to announce our newest breakthrough in Brand Strategy. Check out the link below! #SocialMedia2025,#SocialMedia2025,18298,21517,1205,111,48,49,9416,926,17,Sunday,6,1,2025-03,March,1413,7.722155426822604,4.303573918297161,0.2623237512296426,112,1,Positive
IN_0262,2,Instagram,2025-12-13,19:19:41,Carousel,Case study alert: How we boosted results by 350% using Executive Leadership. #Productivity #Innovation,#Productivity #Innovation,5927,8382,179,38,13,18,0,238,19,Saturday,5,1,2025-12,December,248,4.184241606208874,2.8394178000477215,0.2193352454867555,102,2,Positive
IN_0263,2,Instagram,2025-04-11,14:46:31,Story Promotion,We are excited to announce our newest breakthrough in AI Workflow. Check out the link below! #DesignThinking,#DesignThinking,1932,3072,148,10,12,40,0,75,14,Friday,4,0,2025-04,April,210,10.869565217391305,2.44140625,0.6211180124223602,108,1,Positive
IN_0264,2,Instagram,2025-10-03,08:26:22,Reel,Case study alert: How we boosted results by 350% using Data Analytics. #DataAnalytics,#DataAnalytics,8205,12113,291,33,10,17,5036,430,8,Friday,4,0,2025-10,October,351,4.2778793418647165,3.5499050606786096,0.1218769043266301,85,1,Positive
IN_0265,2,Instagram,2025-11-22,03:15:15,Story Promotion,No Caption Provided,#MachineLearning #StartupLife #SocialMedia2025 #AI,2888,5183,116,6,2,2,0,124,3,Saturday,5,1,2025-11,November,126,4.362880886426593,2.392436812656763,0.06925207756232687,19,4,Neutral
IN_0266,2,Instagram,2025-06-15,06:00:16,Image,Top 5 actionable strategies for AI Workflow in 2025. Save this post for later! #Leadership #DesignThinking,#Leadership #DesignThinking,8795,13661,206,36,30,3,0,153,6,Sunday,6,1,2025-06,June,275,3.1267765776009093,1.1199765756533195,0.34110289937464466,106,2,Positive
IN_0267,2,Instagram,2025-09-16,23:30:21,Carousel,We are excited to announce our newest breakthrough in Customer Engagement. Check out the link below! #AI #SocialMedia2025,#AI #SocialMedia2025,8018,11495,396,91,11,24,0,386,23,Tuesday,1,0,2025-09,September,522,6.5103517086555245,3.3579817311874725,0.13719131953105512,121,2,Positive
IN_0268,2,Instagram,2025-08-29,01:28:13,Story Promotion,Discover how Data Analytics is transforming the industry! What are your thoughts? #Innovation,#Innovation,12780,17147,517,63,45,84,0,386,1,Friday,4,0,2025-08,August,709,5.54773082942097,2.2511226453607045,0.35211267605633806,93,1,Positive
IN_0269,2,Instagram,2025-05-18,18:37:47,Carousel,Behind the scenes at our team workshop on Brand Strategy. Innovation starts here! #GrowthHacking,#GrowthHacking,16261,22159,366,70,37,9,0,331,18,Sunday,6,1,2025-05,May,482,2.96414734641166,1.493749717947561,0.2275382817784884,96,1,Positive
IN_0270,2,Instagram,2025-11-13,12:55:40,Image,No Caption Provided,#MarketingStrategy #AI,2151,2550,93,20,3,15,0,78,12,Thursday,3,0,2025-11,November,131,6.090190609019061,3.058823529411765,0.1394700139470014,19,2,Neutral
IN_0271,2,Instagram,2025-11-26,06:27:38,Story Promotion,Mastering Executive Leadership in under 10 minutes. Read our full step-by-step guide now! #SocialMedia2025 #DataAnalytics,#SocialMedia2025 #DataAnalytics,1089,1691,47,4,5,2,0,32,6,Wednesday,2,0,2025-11,November,58,5.325987144168963,1.8923713778829097,0.4591368227731864,121,2,Positive
IN_0272,2,Instagram,2025-11-27,11:11:44,Reel,We are excited to announce our newest breakthrough in Data Analytics. Check out the link below! #Coding #BusinessTips,#Coding #BusinessTips,15242,22403,500,55,60,16,12753,778,11,Thursday,3,0,2025-11,November,631,4.139876656606745,3.472749185376958,0.3936491274111009,117,2,Positive
IN_0273,2,Instagram,2025-07-01,13:36:17,Image,Quick question for our community: How do you handle Social Media ROI in your daily workflow? #DesignThinking #DataAnalytics #MachineLearning #StartupLife,#DesignThinking #DataAnalytics #MachineLearning #StartupLife,10808,14111,838,194,19,28,0,311,13,Tuesday,1,0,2025-07,July,1079,9.983345669874168,2.2039543618453687,0.1757957068837898,153,4,Neutral
IN_0274,2,Instagram,2025-10-22,19:18:34,Image,Unpopular opinion about Content Marketing: Most teams are doing it wrong. Here is why... #GrowthHacking,#GrowthHacking,8329,10202,657,76,96,95,0,429,19,Wednesday,2,0,2025-10,October,924,11.093768759755072,4.205057831797687,1.1525993516628645,103,1,Negative
IN_0275,2,Instagram,2025-12-18,23:16:05,Carousel,Unpopular opinion about Content Marketing: Most teams are doing it wrong. Here is why... #Coding #DataAnalytics,#Coding #DataAnalytics,10906,13480,562,94,75,25,0,506,23,Thursday,3,0,2025-12,December,756,6.93196405648267,3.7537091988130564,0.6876948468732808,111,2,Negative
IN_0276,2,Instagram,2025-12-31,21:50:24,Story Promotion,Unpopular opinion about AI Workflow: Most teams are doing it wrong. Here is why... #Innovation,#Innovation,1148,1808,56,4,5,16,0,13,21,Wednesday,2,0,2025-12,December,81,7.055749128919861,0.7190265486725663,0.4355400696864111,94,1,Negative
IN_0277,2,Instagram,2025-02-12,22:16:39,Story Promotion,Case study alert: How we boosted results by 350% using Brand Strategy. #AI #Leadership #SocialMedia2025 #BusinessTips,#AI #Leadership #SocialMedia2025 #BusinessTips,2316,2561,172,15,4,42,0,91,22,Wednesday,2,0,2025-02,February,233,10.060449050086357,3.5532994923857872,0.17271157167530224,117,4,Positive
IN_0278,2,Instagram,2025-02-11,19:04:24,Reel,Why Python Automation matters more than ever for modern business growth. #Leadership #StartupLife #MachineLearning,#Leadership #StartupLife #MachineLearning,11191,19979,304,59,22,3,7951,231,19,Tuesday,1,0,2025-02,February,388,3.4670717540881064,1.1562140247259622,0.19658654275757306,114,3,Positive
IN_0279,2,Instagram,2025-01-30,02:46:34,Image,Unpopular opinion about AI Workflow: Most teams are doing it wrong. Here is why... #AI #SocialMedia2025 #DigitalMarketing,#AI #SocialMedia2025 #DigitalMarketing,5607,7513,121,9,18,8,0,284,2,Thursday,3,0,2025-01,January,156,2.7822364901016585,3.7801144682550247,0.32102728731942215,121,3,Negative
IN_0280,2,Instagram,2025-03-17,02:40:33,Carousel,Behind the scenes at our team workshop on Brand Strategy. Innovation starts here! #BusinessTips #AI #Productivity,#BusinessTips #AI #Productivity,9407,15992,354,54,25,80,0,484,2,Monday,0,0,2025-03,March,513,5.4533857765493785,3.026513256628314,0.2657595407675135,113,3,Positive
IN_0281,2,Instagram,2025-09-10,14:23:58,Image,We are excited to announce our newest breakthrough in Cloud Scale. Check out the link below! #AI,#AI,13031,22897,998,224,27,266,0,365,14,Wednesday,2,0,2025-09,September,1515,11.626122323689662,1.5940952963270298,0.2071982196301128,96,1,Positive
IN_0282,2,Instagram,2025-01-14,14:03:51,Story Promotion,We are excited to announce our newest breakthrough in AI Workflow. Check out the link below! #MachineLearning #DataAnalytics #AI,#MachineLearning #DataAnalytics #AI,2070,2770,47,6,4,6,0,31,14,Tuesday,1,0,2025-01,January,63,3.0434782608695654,1.1191335740072201,0.1932367149758454,128,3,Positive
IN_0283,2,Instagram,2025-11-26,05:11:30,Carousel,Unpopular opinion about Customer Engagement: Most teams are doing it wrong. Here is why... #AI,#AI,7764,12854,614,126,39,48,0,412,5,Wednesday,2,0,2025-11,November,827,10.651725914477074,3.205227944608682,0.5023183925811437,94,1,Negative
IN_0284,2,Instagram,2025-07-28,01:40:45,Carousel,Top 5 actionable strategies for User Experience in 2025. Save this post for later! #TechTrends,#TechTrends,6562,10405,369,21,25,64,0,297,1,Monday,0,0,2025-07,July,479,7.299603779335569,2.8543969245555023,0.38098140810728437,94,1,Positive
IN_0285,2,Instagram,2025-01-09,16:29:49,Reel,Behind the scenes at our team workshop on Python Automation. Innovation starts here! #DesignThinking #Innovation #Productivity #BusinessTips,#DesignThinking #Innovation #Productivity #BusinessTips,13720,22386,888,164,105,228,6103,495,16,Thursday,3,0,2025-01,January,1385,10.09475218658892,2.2112034307156256,0.7653061224489796,140,4,Positive
IN_0286,2,Instagram,2025-11-23,20:42:28,Carousel,Discover how User Experience is transforming the industry! What are your thoughts? #DigitalMarketing,#DigitalMarketing,18115,27147,1223,270,176,328,0,279,20,Sunday,6,1,2025-11,November,1997,11.024013248688933,1.0277378715880208,0.9715705216671268,100,1,Positive
IN_0287,2,Instagram,2025-03-14,15:39:04,Image,Why Python Automation matters more than ever for modern business growth. #SocialMedia2025,#SocialMedia2025,6572,9332,296,67,30,17,0,136,15,Friday,4,0,2025-03,March,410,6.238587948874011,1.4573510501500215,0.4564820450395618,89,1,Positive
IN_0288,2,Instagram,2025-11-07,08:01:27,Carousel,Discover how Content Marketing is transforming the industry! What are your thoughts? #StartupLife #SocialMedia2025,#StartupLife #SocialMedia2025,12737,21393,940,227,127,41,0,218,8,Friday,4,0,2025-11,November,1335,10.481275025516211,1.0190249146917216,0.997095077333752,114,2,Positive
IN_0289,2,Instagram,2025-10-09,05:21:39,Carousel,Behind the scenes at our team workshop on Cloud Scale. Innovation starts here! #BusinessTips #StartupLife,#BusinessTips #StartupLife,7718,11585,313,55,43,22,0,293,5,Thursday,3,0,2025-10,October,433,5.610261725835708,2.5291324989210184,0.55713915522156,105,2,Positive
IN_0290,2,Instagram,2025-03-16,06:55:41,Carousel,Behind the scenes at our team workshop on User Experience. Innovation starts here! #Coding #DesignThinking #AI,#Coding #DesignThinking #AI,10361,14288,299,50,36,76,0,244,6,Sunday,6,1,2025-03,March,461,4.449377473216871,1.707726763717805,0.3474568091883023,110,3,Positive
IN_0291,2,Instagram,2025-03-26,17:25:07,Image,Discover how Data Analytics is transforming the industry! What are your thoughts? #Innovation #BusinessTips #Productivity #AI,#Innovation #BusinessTips #Productivity #AI,9541,13081,306,20,13,57,0,488,17,Wednesday,2,0,2025-03,March,396,4.15050833245991,3.7306016359605536,0.13625406141913846,125,4,Positive
IN_0292,2,Instagram,2025-07-12,19:13:01,Carousel,Quick question for our community: How do you handle AI Workflow in your daily workflow? #StartupLife #Innovation #AI,#StartupLife #Innovation #AI,9414,11523,543,48,51,75,0,287,19,Saturday,5,1,2025-07,July,717,7.616316124920332,2.4906708322485467,0.5417463352453792,116,3,Positive
IN_0293,2,Instagram,2025-05-24,09:50:05,Story Promotion,Discover how Executive Leadership is transforming the industry! What are your thoughts? #Innovation #DigitalMarketing #BusinessTips #MarketingStrategy,#Innovation #DigitalMarketing #BusinessTips #MarketingStrategy,2041,2444,90,20,9,16,0,55,9,Saturday,5,1,2025-05,May,135,6.614404703576677,2.2504091653027825,0.44096031357177856,150,4,Positive
IN_0294,2,Instagram,2025-11-17,17:15:46,Image,Behind the scenes at our team workshop on Social Media ROI. Innovation starts here! #DesignThinking,#DesignThinking,9165,14409,327,79,14,46,0,132,17,Monday,0,0,2025-11,November,466,5.08456082924168,0.9160941078492609,0.15275504637206766,99,1,Positive
IN_0295,2,Instagram,2025-03-29,07:22:37,Story Promotion,Unpopular opinion about AI Workflow: Most teams are doing it wrong. Here is why... #SocialMedia2025 #AI #Leadership #TechTrends,#SocialMedia2025 #AI #Leadership #TechTrends,3682,4473,96,16,1,4,0,174,7,Saturday,5,1,2025-03,March,117,3.1776208582292234,3.8900067069081152,0.027159152634437803,127,4,Negative
IN_0296,2,Instagram,2025-03-09,17:01:46,Carousel,Unpopular opinion about Python Automation: Most teams are doing it wrong. Here is why... #DataAnalytics,#DataAnalytics,11693,17324,449,75,51,26,0,455,17,Sunday,6,1,2025-03,March,601,5.139827247070897,2.6264142230431773,0.43615838535876167,103,1,Negative
IN_0297,2,Instagram,2025-01-23,03:26:28,Carousel,Behind the scenes at our team workshop on Data Analytics. Innovation starts here! #Leadership #DataAnalytics,#Leadership #DataAnalytics,5942,8758,449,103,52,69,0,211,3,Thursday,3,0,2025-01,January,673,11.326152810501515,2.4092258506508335,0.8751262201279031,108,2,Positive
IN_0298,2,Instagram,2025-11-24,03:21:33,Reel,Mastering AI Workflow in under 10 minutes. Read our full step-by-step guide now! #DigitalMarketing #SocialMedia2025,#DigitalMarketing #SocialMedia2025,11978,19334,592,116,58,46,7342,614,3,Monday,0,0,2025-11,November,812,6.779095007513774,3.175752560256543,0.48422107196526964,115,2,Positive
IN_0299,2,Instagram,2025-09-21,06:27:08,Carousel,Unpopular opinion about Python Automation: Most teams are doing it wrong. Here is why... #GrowthHacking,#GrowthHacking,6540,10576,324,61,29,63,0,197,6,Sunday,6,1,2025-09,September,477,7.293577981651376,1.8627080181543119,0.4434250764525994,103,1,Negative
IN_0300,2,Instagram,2025-01-02,14:39:37,Story Promotion,Discover how Content Marketing is transforming the industry! What are your thoughts? #SocialMedia2025 #DesignThinking #Productivity #MarketingStrategy,#SocialMedia2025 #DesignThinking #Productivity #MarketingStrategy,642,949,16,3,0,3,0,16,14,Thursday,3,0,2025-01,January,22,3.4267912772585665,1.685985247629083,0.0,150,4,Positive
IN_0301,2,Instagram,2025-12-04,13:19:37,Carousel,Mastering Cloud Scale in under 10 minutes. Read our full step-by-step guide now! #Coding #AI #StartupLife #DigitalMarketing,#Coding #AI #StartupLife #DigitalMarketing,15306,22438,1013,85,149,50,0,587,13,Thursday,3,0,2025-12,December,1297,8.473801123742323,2.616097691416347,0.9734744544623024,123,4,Positive
IN_0302,2,Instagram,2025-10-13,21:30:15,Carousel,Case study alert: How we boosted results by 350% using Content Marketing. #Innovation #Coding #SocialMedia2025 #DigitalMarketing,#Innovation #Coding #SocialMedia2025 #DigitalMarketing,19308,22953,1450,319,179,414,0,860,21,Monday,0,0,2025-10,October,2362,12.233271182929355,3.7467869123861806,0.9270768593329191,128,4,Positive
IN_0303,2,Instagram,2025-11-03,09:07:49,Carousel,Sunday motivation: Start your week with a fresh mindset on Social Media ROI. #Coding #Innovation #GrowthHacking,#Coding #Innovation #GrowthHacking,8638,13415,319,44,29,45,0,436,9,Monday,0,0,2025-11,November,437,5.0590414447788845,3.250093179276929,0.33572586246816394,111,3,Positive
IN_0304,2,Instagram,2025-07-02,06:31:07,Story Promotion,We are excited to announce our newest breakthrough in Executive Leadership. Check out the link below! #Leadership #DataAnalytics #SocialMedia2025 #StartupLife,#Leadership #DataAnalytics #SocialMedia2025 #StartupLife,2648,3422,176,42,4,33,0,155,6,Wednesday,2,0,2025-07,July,255,9.629909365558913,4.5295149035651665,0.1510574018126888,158,4,Positive
IN_0305,2,Instagram,2025-03-18,22:42:21,Story Promotion,Quick question for our community: How do you handle Cloud Scale in your daily workflow? #MachineLearning #Productivity #MarketingStrategy #DesignThinking,#MachineLearning #Productivity #MarketingStrategy #DesignThinking,1119,2009,24,4,1,3,0,33,22,Tuesday,1,0,2025-03,March,32,2.8596961572832886,1.642608262817322,0.08936550491510277,153,4,Neutral
IN_0306,2,Instagram,2025-01-27,09:48:21,Carousel,Why Python Automation matters more than ever for modern business growth. #MachineLearning #Innovation #GrowthHacking #StartupLife,#MachineLearning #Innovation #GrowthHacking #StartupLife,1653,1962,60,9,7,6,0,47,9,Monday,0,0,2025-01,January,82,4.9606775559588625,2.3955147808358817,0.42347247428917123,129,4,Positive
IN_0307,2,Instagram,2025-10-31,14:20:51,Carousel,We are excited to announce our newest breakthrough in User Experience. Check out the link below! #MarketingStrategy #StartupLife #DataAnalytics,#MarketingStrategy #StartupLife #DataAnalytics,15430,26118,1039,224,50,293,0,575,14,Friday,4,0,2025-10,October,1606,10.408295528191834,2.201546825943794,0.32404406999351915,143,3,Positive
IN_0308,2,Instagram,2025-07-27,05:59:11,Carousel,Quick question for our community: How do you handle Social Media ROI in your daily workflow? #MachineLearning #Leadership #MarketingStrategy,#MachineLearning #Leadership #MarketingStrategy,12594,15368,966,91,106,105,0,508,5,Sunday,6,1,2025-07,July,1268,10.068286485628077,3.3055700156168664,0.8416706368111799,140,3,Neutral
IN_0309,2,Instagram,2025-09-16,03:52:01,Story Promotion,Case study alert: How we boosted results by 350% using Brand Strategy. #TechTrends #StartupLife #Leadership,#General,1812,3071,71,12,8,16,0,44,3,Tuesday,1,0,2025-09,September,107,5.905077262693157,1.4327580592640834,0.44150110375275936,107,1,Positive
IN_0310,2,Instagram,2025-11-16,04:22:05,Image,Unpopular opinion about AI Workflow: Most teams are doing it wrong. Here is why... #Innovation #Leadership #MarketingStrategy #TechTrends,#Innovation #Leadership #MarketingStrategy #TechTrends,7136,10756,257,14,33,18,0,181,4,Sunday,6,1,2025-11,November,322,4.512331838565022,1.6827817032354035,0.46244394618834084,137,4,Negative
IN_0311,2,Instagram,2025-06-17,07:21:55,Reel,Why Brand Strategy matters more than ever for modern business growth. #Productivity #BusinessTips,#Productivity #BusinessTips,19350,22603,1314,183,80,19,13745,1115,7,Tuesday,1,0,2025-06,June,1596,8.248062015503876,4.932973499093041,0.4134366925064599,97,2,Positive
IN_0312,2,Instagram,2025-05-26,03:10:21,Carousel,Sunday motivation: Start your week with a fresh mindset on Social Media ROI. #BusinessTips #Innovation #SocialMedia2025 #AI,#BusinessTips #Innovation #SocialMedia2025 #AI,7845,11952,549,110,11,62,0,170,3,Monday,0,0,2025-05,May,732,9.33078393881453,1.4223560910307897,0.14021669853409816,123,4,Positive
IN_0313,2,Instagram,2025-07-25,05:55:37,Carousel,Case study alert: How we boosted results by 350% using Cloud Scale. #BusinessTips #TechTrends #GrowthHacking #Innovation,#BusinessTips #TechTrends #GrowthHacking #Innovation,10094,14911,371,82,14,79,0,358,5,Friday,4,0,2025-07,July,546,5.409153952843273,2.4009120783314333,0.13869625520110956,120,4,Positive
IN_0314,2,Instagram,2025-11-20,12:21:43,Story Promotion,Behind the scenes at our team workshop on Brand Strategy. Innovation starts here! #DesignThinking #MachineLearning #Innovation,#DesignThinking #MachineLearning #Innovation,1360,2408,101,24,12,13,0,36,12,Thursday,3,0,2025-11,November,150,11.029411764705882,1.495016611295681,0.8823529411764706,126,3,Positive
IN_0315,2,Instagram,2025-01-22,05:40:39,Carousel,We are excited to announce our newest breakthrough in Content Marketing. Check out the link below! #AI #DataAnalytics,#AI #DataAnalytics,10928,19603,294,33,18,20,0,286,5,Wednesday,2,0,2025-01,January,365,3.3400439238653004,1.4589603632097128,0.16471449487554907,117,2,Positive
IN_0316,2,Instagram,2025-08-06,20:13:36,Image,Case study alert: How we boosted results by 350% using Customer Engagement. #DigitalMarketing #Productivity #SocialMedia2025,#DigitalMarketing #Productivity #SocialMedia2025,6762,10372,426,33,61,89,0,384,20,Wednesday,2,0,2025-08,August,609,9.006211180124224,3.702275356729657,0.9020999704229519,124,3,Positive
IN_0317,2,Instagram,2025-05-30,23:24:58,Image,We are excited to announce our newest breakthrough in Social Media ROI. Check out the link below! #Productivity #SocialMedia2025 #MachineLearning,#Productivity #SocialMedia2025 #MachineLearning,3490,6159,84,7,10,18,0,175,23,Friday,4,0,2025-05,May,119,3.4097421203438394,2.8413703523299234,0.28653295128939826,145,3,Positive
IN_0318,2,Instagram,2025-03-06,07:17:18,Image,Mastering Customer Engagement in under 10 minutes. Read our full step-by-step guide now! #TechTrends,#TechTrends,8718,12760,391,57,18,66,0,237,7,Thursday,3,0,2025-03,March,532,6.1023170451938515,1.8573667711598747,0.20646937370956642,100,1,Positive
IN_0319,2,Instagram,2025-12-28,03:10:15,Reel,Behind the scenes at our team workshop on Social Media ROI. Innovation starts here! #Leadership #Coding #GrowthHacking,#Leadership #Coding #GrowthHacking,8644,13306,423,53,55,119,4864,353,3,Sunday,6,1,2025-12,December,650,7.519666820916243,2.652938523974147,0.6362795002313744,118,3,Positive
IN_0320,2,Instagram,2025-08-21,13:55:23,Reel,Why AI Workflow matters more than ever for modern business growth. #TechTrends #SocialMedia2025 #MarketingStrategy #MachineLearning,#TechTrends #SocialMedia2025 #MarketingStrategy #MachineLearning,21447,26227,1017,94,78,221,10908,819,13,Thursday,3,0,2025-08,August,1410,6.574346062386348,3.122736111640676,0.36368722898307454,131,4,Positive
IN_0321,2,Instagram,2025-01-15,11:51:46,Reel,We are excited to announce our newest breakthrough in User Experience. Check out the link below! #MachineLearning #BusinessTips,#MachineLearning #BusinessTips,15380,25524,914,152,94,71,10386,335,11,Wednesday,2,0,2025-01,January,1231,8.003901170351105,1.3124902052969754,0.6111833550065019,127,2,Positive
IN_0322,2,Instagram,2025-06-05,21:01:47,Reel,Why Brand Strategy matters more than ever for modern business growth. #DigitalMarketing #BusinessTips #AI,#DigitalMarketing #BusinessTips #AI,16276,26376,807,66,57,65,6669,433,21,Thursday,3,0,2025-06,June,995,6.113295650036863,1.6416439187139822,0.35020889653477516,105,3,Positive
IN_0323,2,Instagram,2025-09-13,22:15:12,Image,Discover how Social Media ROI is transforming the industry! What are your thoughts? #Innovation #Productivity #Coding #Leadership,#Innovation #Productivity #Coding #Leadership,2497,2868,58,5,7,8,0,90,22,Saturday,5,1,2025-09,September,78,3.123748498197837,3.1380753138075312,0.2803364036844213,129,4,Positive
IN_0324,2,Instagram,2025-06-17,05:02:04,Reel,Top 5 actionable strategies for Social Media ROI in 2025. Save this post for later! #TechTrends #DesignThinking,#TechTrends #DesignThinking,8664,13952,550,33,24,11,3658,416,5,Tuesday,1,0,2025-06,June,618,7.132963988919667,2.981651376146789,0.2770083102493075,111,2,Positive
IN_0325,2,Instagram,2025-08-27,18:52:57,Story Promotion,Quick question for our community: How do you handle Brand Strategy in your daily workflow? #MachineLearning #Coding,#MachineLearning #Coding,2656,3361,138,32,17,38,0,131,18,Wednesday,2,0,2025-08,August,225,8.471385542168674,3.8976495090746797,0.6400602409638554,115,2,Neutral
IN_0326,2,Instagram,2025-04-06,08:36:10,Image,Quick question for our community: How do you handle User Experience in your daily workflow? #AI #Leadership #Coding,#AI #Leadership #Coding,2397,2989,152,34,20,2,0,41,8,Sunday,6,1,2025-04,April,208,8.677513558614935,1.371696219471395,0.8343763037129746,115,3,Neutral
IN_0327,2,Instagram,2025-10-28,12:40:45,Image,Case study alert: How we boosted results by 350% using Customer Engagement. #Leadership #DigitalMarketing,#Leadership #DigitalMarketing,9841,12177,199,26,16,14,0,390,12,Tuesday,1,0,2025-10,October,255,2.5912000812925515,3.2027593003202757,0.1625851031399248,105,2,Positive
IN_0328,2,Instagram,2025-01-25,23:03:26,Reel,Why AI Workflow matters more than ever for modern business growth. #MarketingStrategy #AI,#MarketingStrategy #AI,15742,18854,423,86,45,18,9308,239,23,Saturday,5,1,2025-01,January,572,3.633591665607928,1.2676355150100773,0.2858594841824419,89,2,Positive
IN_0329,2,Instagram,2025-01-17,16:15:22,Carousel,Unpopular opinion about Cloud Scale: Most teams are doing it wrong. Here is why... #Coding #DataAnalytics #Productivity #Innovation,#Coding #DataAnalytics #Productivity #Innovation,7966,11168,320,50,33,45,0,428,16,Friday,4,0,2025-01,January,448,5.623901581722319,3.832378223495702,0.41426060758222444,131,4,Negative
IN_0330,2,Instagram,2025-05-25,06:24:46,Carousel,Discover how Data Analytics is transforming the industry! What are your thoughts? #StartupLife #SocialMedia2025 #MarketingStrategy #GrowthHacking,#StartupLife #SocialMedia2025 #MarketingStrategy #GrowthHacking,5105,6096,284,35,6,70,0,100,6,Sunday,6,1,2025-05,May,395,7.737512242899118,1.6404199475065617,0.11753183153770813,145,4,Positive
IN_0331,2,Instagram,2025-07-14,02:24:13,Image,Sunday motivation: Start your week with a fresh mindset on Content Marketing. #MarketingStrategy #DesignThinking #MachineLearning,#MarketingStrategy #DesignThinking #MachineLearning,1121,1309,87,6,4,11,0,31,2,Monday,0,0,2025-07,July,108,9.634255129348796,2.3682200152788386,0.35682426404995543,129,3,Positive
IN_0332,2,Instagram,2025-03-08,07:43:08,Carousel,Why AI Workflow matters more than ever for modern business growth. #TechTrends #MarketingStrategy,#TechTrends #MarketingStrategy,6223,8421,184,17,15,5,0,248,7,Saturday,5,1,2025-03,March,221,3.5513417965611445,2.94501840636504,0.24104129840912744,97,2,Positive
IN_0333,2,Instagram,2025-09-08,15:31:02,Image,No Caption Provided,#MarketingStrategy #Coding,9240,10856,361,86,14,95,0,384,15,Monday,0,0,2025-09,September,556,6.017316017316017,3.5372144436256447,0.15151515151515152,19,2,Neutral
IN_0334,2,Instagram,2025-01-17,09:05:28,Image,Sunday motivation: Start your week with a fresh mindset on User Experience. #Coding #BusinessTips #Leadership,#Coding #BusinessTips #Leadership,6569,8920,483,53,13,66,0,288,9,Friday,4,0,2025-01,January,615,9.362155579235806,3.2286995515695067,0.1978992236261227,109,3,Positive
IN_0335,2,Instagram,2025-03-30,08:57:36,Image,Top 5 actionable strategies for Social Media ROI in 2025. Save this post for later! #Leadership #BusinessTips #TechTrends,#Leadership #BusinessTips #TechTrends,1491,1763,99,7,4,24,0,69,8,Sunday,6,1,2025-03,March,134,8.987256874580819,3.9137833238797506,0.2682763246143528,121,3,Positive
IN_0336,2,Instagram,2025-05-22,03:16:33,Story Promotion,Discover how Cloud Scale is transforming the industry! What are your thoughts? #SocialMedia2025,#SocialMedia2025,3365,5280,157,12,3,34,0,197,3,Thursday,3,0,2025-05,May,206,6.121842496285289,3.731060606060606,0.08915304606240713,95,1,Positive
IN_0337,2,Instagram,2025-01-22,14:52:34,Reel,No Caption Provided,#MachineLearning #DataAnalytics #GrowthHacking #AI,11307,20114,873,129,40,110,5168,224,14,Wednesday,2,0,2025-01,January,1152,10.188378880339613,1.1136521825594115,0.35376315556734766,19,4,Neutral
IN_0338,2,Instagram,2025-09-28,12:56:14,Story Promotion,Top 5 actionable strategies for User Experience in 2025. Save this post for later! #Leadership #TechTrends #DataAnalytics,#Leadership #TechTrends #DataAnalytics,2522,4539,172,35,17,9,0,127,12,Sunday,6,1,2025-09,September,233,9.238699444885013,2.797973121833003,0.6740681998413958,121,3,Positive
IN_0339,2,Instagram,2025-07-21,15:54:13,Image,Unpopular opinion about Brand Strategy: Most teams are doing it wrong. Here is why... #SocialMedia2025,#SocialMedia2025,7091,10157,155,38,11,20,0,181,15,Monday,0,0,2025-07,July,224,3.1589338598223096,1.7820222506645662,0.15512621633055987,102,1,Negative
IN_0340,2,Instagram,2025-03-01,01:50:29,Story Promotion,Behind the scenes at our team workshop on Executive Leadership. Innovation starts here! #Coding,#Coding,3135,4024,107,21,9,26,0,119,1,Saturday,5,1,2025-03,March,163,5.199362041467304,2.957256461232604,0.28708133971291866,95,1,Positive
IN_0341,2,Instagram,2025-10-21,00:06:36,Image,Sunday motivation: Start your week with a fresh mindset on Brand Strategy. #TechTrends #DigitalMarketing,#TechTrends #DigitalMarketing,1303,1971,76,12,6,20,0,64,0,Tuesday,1,0,2025-10,October,114,8.749040675364544,3.2470826991374935,0.4604758250191865,104,2,Positive
IN_0342,2,Instagram,2025-02-03,07:13:59,Story Promotion,Behind the scenes at our team workshop on AI Workflow. Innovation starts here! #BusinessTips #Innovation #SocialMedia2025 #MachineLearning,#BusinessTips #Innovation #SocialMedia2025 #MachineLearning,3714,6569,107,15,15,16,0,143,7,Monday,0,0,2025-02,February,153,4.119547657512116,2.1768914598873494,0.40387722132471726,138,4,Positive
IN_0343,2,Instagram,2025-08-12,06:39:48,Carousel,Why User Experience matters more than ever for modern business growth. #Innovation,#Innovation,2077,3480,74,16,9,21,0,35,6,Tuesday,1,0,2025-08,August,120,5.777563793933558,1.0057471264367817,0.4333172845450169,82,1,Positive
IN_0344,2,Instagram,2025-10-04,06:14:42,Story Promotion,Discover how Data Analytics is transforming the industry! What are your thoughts? #StartupLife #Coding,#StartupLife #Coding,2812,3603,199,45,18,58,0,39,6,Saturday,5,1,2025-10,October,320,11.379800853485063,1.0824313072439635,0.6401137980085349,102,2,Positive
IN_0345,2,Instagram,2025-09-20,21:40:49,Story Promotion,Why Social Media ROI matters more than ever for modern business growth. #AI,#AI,4774,7047,274,66,38,43,0,242,21,Saturday,5,1,2025-09,September,421,8.818600754084626,3.434085426422591,0.7959782153330541,75,1,Positive
IN_0346,2,Instagram,2025-05-14,11:04:20,Reel,Unpopular opinion about AI Workflow: Most teams are doing it wrong. Here is why... #Coding #GrowthHacking #SocialMedia2025 #DesignThinking,#Coding #GrowthHacking #SocialMedia2025 #DesignThinking,10050,14620,464,24,19,113,5323,124,11,Wednesday,2,0,2025-05,May,620,6.169154228855722,0.8481532147742818,0.1890547263681592,138,4,Negative
IN_0347,2,Instagram,2025-04-03,06:52:41,Image,Top 5 actionable strategies for Customer Engagement in 2025. Save this post for later! #AI #DesignThinking #StartupLife #Productivity,#AI #DesignThinking #StartupLife #Productivity,5441,7888,375,39,15,76,0,206,6,Thursday,3,0,2025-04,April,505,9.281382098878883,2.611561866125761,0.27568461679838263,133,4,Positive
IN_0348,2,Instagram,2025-10-24,17:22:19,Image,Quick question for our community: How do you handle Customer Engagement in your daily workflow? #Innovation,#Innovation,2003,3471,50,8,1,6,0,69,17,Friday,4,0,2025-10,October,65,3.2451323015476783,1.9878997407087293,0.04992511233150275,107,1,Positive
IN_0349,2,Instagram,2025-12-12,20:08:30,Carousel,Sunday motivation: Start your week with a fresh mindset on Python Automation. #AI #DesignThinking #Leadership,#AI #DesignThinking #Leadership,16618,26073,729,79,18,135,0,516,20,Friday,4,0,2025-12,December,961,5.782886027199422,1.979058796456104,0.10831628354796004,109,3,Positive
IN_0350,2,Instagram,2025-10-07,09:03:11,Story Promotion,We are excited to announce our newest breakthrough in Data Analytics. Check out the link below! #Leadership #SocialMedia2025 #DigitalMarketing,#Leadership #SocialMedia2025 #DigitalMarketing,447,667,11,0,1,1,0,21,9,Tuesday,1,0,2025-10,October,13,2.9082774049217,3.1484257871064467,0.22371364653243847,142,3,Positive
IN_0351,2,Instagram,2025-03-06,00:00:44,Reel,No Caption Provided,#SocialMedia2025 #MachineLearning #Coding #DataAnalytics,9969,17839,435,34,64,70,6987,133,0,Thursday,3,0,2025-03,March,603,6.048751128498345,0.7455574864061887,0.6419901695255291,19,4,Neutral
IN_0352,2,Instagram,2025-02-07,07:48:28,Image,No Caption Provided,#GrowthHacking #StartupLife,2400,4018,77,10,3,11,0,72,7,Friday,4,0,2025-02,February,101,4.208333333333333,1.7919362867098059,0.125,19,2,Neutral
IN_0353,2,Instagram,2025-05-11,11:41:42,Image,Discover how Python Automation is transforming the industry! What are your thoughts? #DesignThinking #Productivity #MachineLearning,#DesignThinking #Productivity #MachineLearning,4124,7296,268,39,14,50,0,129,11,Sunday,6,1,2025-05,May,371,8.996120271580988,1.7680921052631577,0.3394762366634336,131,3,Positive
IN_0354,2,Instagram,2025-05-21,01:01:43,Story Promotion,Why Python Automation matters more than ever for modern business growth. #Leadership,#Leadership,3799,4352,193,36,18,34,0,141,1,Wednesday,2,0,2025-05,May,281,7.396683337720453,3.2398897058823533,0.47380889707817847,84,1,Positive
IN_0355,2,Instagram,2025-01-02,14:35:21,Reel,Mastering AI Workflow in under 10 minutes. Read our full step-by-step guide now! #AI #Leadership #DigitalMarketing,#AI #Leadership #DigitalMarketing,31366,51788,2207,385,307,423,27401,1169,14,Thursday,3,0,2025-01,January,3322,10.591085889179366,2.257279678690044,0.9787668175731684,114,3,Positive
IN_0356,2,Instagram,2025-05-08,21:10:53,Story Promotion,Quick question for our community: How do you handle Customer Engagement in your daily workflow? #Innovation #DigitalMarketing #MachineLearning #AI,#Innovation #DigitalMarketing #MachineLearning #AI,2111,2785,125,9,12,27,0,92,21,Thursday,3,0,2025-05,May,173,8.195168166745619,3.3034111310592458,0.5684509711037423,146,4,Positive
IN_0357,2,Instagram,2025-07-04,08:58:15,Story Promotion,Top 5 actionable strategies for Data Analytics in 2025. Save this post for later! #AI #Coding #Leadership,#AI #Coding #Leadership,3059,3851,170,34,15,21,0,95,8,Friday,4,0,2025-07,July,240,7.845701209545602,2.466891716437289,0.49035632559660014,105,3,Positive
IN_0358,2,Instagram,2025-02-21,18:44:18,Carousel,Why Brand Strategy matters more than ever for modern business growth. #BusinessTips,#BusinessTips,113770,170732,7784,854,1138,642,0,1404,18,Friday,4,0,2025-02,February,10418,9.157071284169817,0.8223414474146616,1.000263689900677,83,1,Positive
IN_0359,2,Instagram,2025-05-21,20:16:14,Story Promotion,No Caption Provided,#TechTrends #GrowthHacking #DesignThinking #BusinessTips,5280,9250,205,45,17,28,0,194,20,Wednesday,2,0,2025-05,May,295,5.587121212121212,2.097297297297297,0.32196969696969696,19,4,Neutral
IN_0360,2,Instagram,2025-06-13,08:02:11,Image,Quick question for our community: How do you handle Python Automation in your daily workflow? #DataAnalytics #Productivity,#DataAnalytics #Productivity,4510,6164,125,22,15,13,0,110,8,Friday,4,0,2025-06,June,175,3.8802660753880267,1.7845554834523036,0.3325942350332594,122,2,Neutral
IN_0361,2,Instagram,2025-06-27,08:20:02,Image,Top 5 actionable strategies for Python Automation in 2025. Save this post for later! #Productivity #MarketingStrategy,#Productivity #MarketingStrategy,3544,6288,240,32,32,50,0,119,8,Friday,4,0,2025-06,June,354,9.988713318284423,1.8924936386768447,0.9029345372460496,117,2,Positive
IN_0362,2,Instagram,2025-07-19,01:00:37,Reel,Quick question for our community: How do you handle Customer Engagement in your daily workflow? #AI,#AI,17548,29317,615,128,63,183,7072,969,1,Saturday,5,1,2025-07,July,989,5.635969911100981,3.3052495139338953,0.3590152723957146,99,1,Neutral
IN_0363,2,Instagram,2025-07-22,17:31:11,Reel,Sunday motivation: Start your week with a fresh mindset on Content Marketing. #MarketingStrategy,#MarketingStrategy,19188,27071,1288,67,160,179,17213,583,17,Tuesday,1,0,2025-07,July,1694,8.828434438190536,2.1535960991466885,0.8338544923910778,96,1,Positive
IN_0364,2,Instagram,2025-02-08,05:21:43,Reel,Unpopular opinion about Data Analytics: Most teams are doing it wrong. Here is why... #SocialMedia2025 #DigitalMarketing,#SocialMedia2025 #DigitalMarketing,18144,24303,831,157,95,217,12086,599,5,Saturday,5,1,2025-02,February,1300,7.1649029982363315,2.464716290169938,0.5235890652557319,120,2,Negative
IN_0365,2,Instagram,2025-05-16,18:42:58,Reel,Behind the scenes at our team workshop on AI Workflow. Innovation starts here! #SocialMedia2025 #GrowthHacking,#SocialMedia2025 #GrowthHacking,24481,43209,558,103,42,55,14289,1043,18,Friday,4,0,2025-05,May,758,3.0962787467832196,2.413848966650466,0.17156161921490137,110,2,Positive
IN_0366,2,Instagram,2025-02-09,04:03:21,Reel,Why Social Media ROI matters more than ever for modern business growth. #DigitalMarketing #DesignThinking #SocialMedia2025 #Innovation,#DigitalMarketing #DesignThinking #SocialMedia2025 #Innovation,13338,22286,334,45,40,77,6955,329,4,Sunday,6,1,2025-02,February,496,3.718698455540561,1.4762631248317328,0.299895036737142,134,4,Positive
IN_0367,2,Instagram,2025-01-16,06:58:37,Story Promotion,Why Social Media ROI matters more than ever for modern business growth. #Coding,#Coding,450,666,30,1,3,8,0,23,6,Thursday,3,0,2025-01,January,42,9.333333333333334,3.453453453453453,0.6666666666666667,79,1,Positive
IN_0368,2,Instagram,2025-07-17,22:10:07,Reel,Unpopular opinion about Brand Strategy: Most teams are doing it wrong. Here is why... #DigitalMarketing #Innovation,#DigitalMarketing #Innovation,6207,8155,137,32,15,26,2805,83,22,Thursday,3,0,2025-07,July,210,3.3832769453842433,1.0177805027590434,0.2416626389560174,115,2,Negative
IN_0369,2,Instagram,2025-09-21,02:26:16,Carousel,Quick question for our community: How do you handle Social Media ROI in your daily workflow? #DigitalMarketing #Coding #StartupLife,#DigitalMarketing #Coding #StartupLife,6282,10541,204,32,13,5,0,252,2,Sunday,6,1,2025-09,September,254,4.043298312639287,2.3906650222939,0.20694046482012096,131,3,Neutral
IN_0370,2,Instagram,2025-01-08,23:22:00,Carousel,Case study alert: How we boosted results by 350% using Content Marketing. #MarketingStrategy,#MarketingStrategy,7155,11181,518,102,64,90,0,223,23,Wednesday,2,0,2025-01,January,774,10.817610062893083,1.994454878812271,0.8944793850454227,92,1,Positive
IN_0371,2,Instagram,2025-12-20,21:48:12,Carousel,Top 5 actionable strategies for Executive Leadership in 2025. Save this post for later! #Productivity #Leadership,#Productivity #Leadership,10170,12166,433,24,13,95,0,405,21,Saturday,5,1,2025-12,December,565,5.555555555555555,3.328949531481177,0.12782694198623404,113,2,Positive
IN_0372,2,Instagram,2025-05-18,04:48:47,Reel,Sunday motivation: Start your week with a fresh mindset on User Experience. #MarketingStrategy #SocialMedia2025 #DataAnalytics #DesignThinking,#MarketingStrategy #SocialMedia2025 #DataAnalytics #DesignThinking,4776,5630,280,44,6,77,2285,258,4,Sunday,6,1,2025-05,May,407,8.52177554438861,4.58259325044405,0.12562814070351758,142,4,Positive
IN_0373,2,Instagram,2025-01-26,21:02:49,Reel,Top 5 actionable strategies for Social Media ROI in 2025. Save this post for later! #AI #TechTrends,#AI #TechTrends,272467,302818,16756,2131,1280,724,232964,9644,21,Sunday,6,1,2025-01,January,20891,7.66735054153347,3.1847512367164432,0.46978166163241786,99,2,Positive
IN_0374,2,Instagram,2025-12-13,17:30:25,Image,Behind the scenes at our team workshop on Data Analytics. Innovation starts here! #Productivity,#Productivity,4328,5042,102,19,13,9,0,112,17,Saturday,5,1,2025-12,December,143,3.304066543438078,2.221340737802459,0.30036968576709794,95,1,Positive
IN_0375,2,Instagram,2025-01-25,17:34:13,Reel,Quick question for our community: How do you handle Content Marketing in your daily workflow? #DigitalMarketing #BusinessTips #Innovation,#DigitalMarketing #BusinessTips #Innovation,16424,18467,524,107,11,132,9889,314,17,Saturday,5,1,2025-01,January,774,4.712615684364345,1.7003303189473116,0.06697515830491962,137,3,Positive
IN_0376,2,Instagram,2025-10-29,13:48:21,Image,Discover how Brand Strategy is transforming the industry! What are your thoughts? #Coding,#Coding,14745,23118,668,45,14,132,0,822,13,Wednesday,2,0,2025-10,October,859,5.825703628348593,3.555670905787698,0.09494743981010512,89,1,Positive
IN_0377,2,Instagram,2025-04-26,10:16:27,Story Promotion,Sunday motivation: Start your week with a fresh mindset on Cloud Scale. #AI #BusinessTips #Innovation,#AI #BusinessTips #Innovation,2659,3002,151,18,14,10,0,82,10,Saturday,5,1,2025-04,April,193,7.258367807446408,2.731512325116589,0.5265137269650244,101,3,Positive
IN_0378,2,Instagram,2025-10-18,20:33:23,Reel,Case study alert: How we boosted results by 350% using Python Automation. #DesignThinking #TechTrends #SocialMedia2025 #DataAnalytics,#DesignThinking #TechTrends #SocialMedia2025 #DataAnalytics,18896,32659,1019,147,152,205,12143,769,20,Saturday,5,1,2025-10,October,1523,8.059906858594411,2.3546342508956184,0.8044030482641829,133,4,Positive
IN_0379,2,Instagram,2025-04-03,13:13:01,Image,Sunday motivation: Start your week with a fresh mindset on User Experience. #Coding #BusinessTips #TechTrends #MachineLearning,#Coding #BusinessTips #TechTrends #MachineLearning,1815,2107,83,15,12,11,0,105,13,Thursday,3,0,2025-04,April,121,6.666666666666667,4.983388704318937,0.6611570247933884,126,4,Positive
IN_0380,2,Instagram,2025-07-14,00:32:05,Image,Sunday motivation: Start your week with a fresh mindset on Cloud Scale. #DesignThinking,#DesignThinking,2189,2519,104,12,6,29,0,72,0,Monday,0,0,2025-07,July,151,6.898126998629511,2.8582770940849542,0.27409776153494747,87,1,Positive
IN_0381,2,Instagram,2025-03-12,17:46:39,Reel,Case study alert: How we boosted results by 350% using AI Workflow. #SocialMedia2025,#SocialMedia2025,3699,5914,163,12,8,9,2595,125,17,Wednesday,2,0,2025-03,March,192,5.190592051905921,2.113628677713899,0.21627466882941337,84,1,Positive
IN_0382,2,Instagram,2025-12-29,09:37:26,Carousel,Case study alert: How we boosted results by 350% using Customer Engagement. #AI #Productivity,#AI #Productivity,4721,6799,330,37,40,15,0,246,9,Monday,0,0,2025-12,December,422,8.938784155899175,3.6181791439917634,0.8472781190425758,93,2,Positive
IN_0383,2,Instagram,2025-01-01,20:55:03,Image,Behind the scenes at our team workshop on AI Workflow. Innovation starts here! #DataAnalytics #MachineLearning #GrowthHacking #BusinessTips,#DataAnalytics #MachineLearning #GrowthHacking #BusinessTips,7762,9686,218,47,17,13,0,140,20,Wednesday,2,0,2025-01,January,295,3.8005668642102552,1.4453850918851952,0.21901571759855706,139,4,Positive
IN_0384,2,Instagram,2025-05-24,00:11:02,Story Promotion,Behind the scenes at our team workshop on Cloud Scale. Innovation starts here! #MarketingStrategy #MachineLearning,#MarketingStrategy #MachineLearning,1281,1531,57,7,8,15,0,63,0,Saturday,5,1,2025-05,May,87,6.791569086651054,4.11495754408883,0.624512099921936,114,2,Positive
IN_0385,2,Instagram,2025-06-29,20:28:42,Image,Quick question for our community: How do you handle AI Workflow in your daily workflow? #Innovation,#Innovation,9818,16599,718,51,90,25,0,189,20,Sunday,6,1,2025-06,June,884,9.003870442045223,1.138622808602928,0.916683642289672,99,1,Positive
IN_0386,2,Instagram,2025-04-27,16:02:28,Reel,Why Content Marketing matters more than ever for modern business growth. #TechTrends,#TechTrends,9865,13019,206,49,10,43,8819,141,16,Sunday,6,1,2025-04,April,308,3.1221490116573745,1.083032490974729,0.10136847440446022,84,1,Positive
IN_0387,2,Instagram,2025-06-17,10:40:08,Reel,Unpopular opinion about User Experience: Most teams are doing it wrong. Here is why... #BusinessTips #Innovation #SocialMedia2025 #Productivity,#BusinessTips #Innovation #SocialMedia2025 #Productivity,9535,11366,337,81,40,43,7307,552,10,Tuesday,1,0,2025-06,June,501,5.254326166754064,4.856589829315502,0.4195070791819612,143,4,Negative
IN_0388,2,Instagram,2025-08-31,07:21:40,Image,Behind the scenes at our team workshop on Content Marketing. Innovation starts here! #TechTrends,#TechTrends,2316,3803,138,18,15,4,0,126,7,Sunday,6,1,2025-08,August,175,7.556131260794473,3.3131738101498818,0.6476683937823834,96,1,Positive
IN_0389,2,Instagram,2025-07-04,15:56:29,Reel,Discover how Brand Strategy is transforming the industry! What are your thoughts? #BusinessTips #SocialMedia2025,#BusinessTips #SocialMedia2025,7000,10373,156,21,7,26,6264,418,15,Friday,4,0,2025-07,July,210,3.0,4.029692470837752,0.1,112,2,Positive
IN_0390,2,Instagram,2025-10-08,11:03:18,Carousel,Mastering Content Marketing in under 10 minutes. Read our full step-by-step guide now! #Coding #DesignThinking #StartupLife #DigitalMarketing,#Coding #DesignThinking #StartupLife #DigitalMarketing,7596,10114,176,37,24,37,0,225,11,Wednesday,2,0,2025-10,October,274,3.607161664033702,2.2246391140992685,0.315955766192733,141,4,Positive
IN_0391,2,Instagram,2025-07-23,05:48:20,Reel,Quick question for our community: How do you handle Data Analytics in your daily workflow? #SocialMedia2025,#SocialMedia2025,7939,8969,458,51,10,136,3579,172,5,Wednesday,2,0,2025-07,July,655,8.250409371457362,1.9177165793287991,0.12596044841919637,107,1,Neutral
IN_0392,2,Instagram,2025-09-17,14:07:22,Image,Why Social Media ROI matters more than ever for modern business growth. #DesignThinking #DigitalMarketing #MachineLearning,#DesignThinking #DigitalMarketing #MachineLearning,2246,3575,67,3,7,7,0,48,14,Wednesday,2,0,2025-09,September,84,3.7399821905609976,1.3426573426573427,0.3116651825467498,122,3,Positive
IN_0393,2,Instagram,2025-02-12,06:26:56,Image,Sunday motivation: Start your week with a fresh mindset on Social Media ROI. #Leadership #GrowthHacking,#Leadership #GrowthHacking,9387,10395,672,135,74,16,0,243,6,Wednesday,2,0,2025-02,February,897,9.555768616171301,2.3376623376623376,0.7883242782571641,103,2,Positive
IN_0394,2,Instagram,2025-06-27,23:50:09,Carousel,Discover how Executive Leadership is transforming the industry! What are your thoughts? #TechTrends #Leadership #DigitalMarketing,#TechTrends #Leadership #DigitalMarketing,7038,11510,438,95,35,74,0,397,23,Friday,4,0,2025-06,June,642,9.121909633418584,3.449174630755864,0.4973003694231316,129,3,Positive
IN_0395,2,Instagram,2025-01-15,08:23:45,Image,Behind the scenes at our team workshop on Data Analytics. Innovation starts here! #BusinessTips,#BusinessTips,6413,11407,425,22,46,75,0,65,8,Wednesday,2,0,2025-01,January,568,8.857009200062373,0.5698255457175418,0.7172929985966007,95,1,Positive
IN_0396,2,Instagram,2025-08-08,01:39:37,Carousel,Behind the scenes at our team workshop on AI Workflow. Innovation starts here! #SocialMedia2025,#SocialMedia2025,11908,21062,945,110,94,253,0,690,1,Friday,4,0,2025-08,August,1402,11.773597581457844,3.276042161238249,0.7893852872018812,95,1,Positive
IN_0397,2,Instagram,2025-07-11,20:38:48,Image,Why Brand Strategy matters more than ever for modern business growth. #AI #TechTrends #Productivity #BusinessTips,#AI #TechTrends #Productivity #BusinessTips,9372,14534,411,55,57,102,0,121,20,Friday,4,0,2025-07,July,625,6.668800682885189,0.832530617861566,0.6081946222791293,113,4,Positive
IN_0398,2,Instagram,2025-01-23,08:47:51,Carousel,Sunday motivation: Start your week with a fresh mindset on Social Media ROI. #StartupLife #DataAnalytics,#StartupLife #DataAnalytics,4874,7745,385,85,8,47,0,160,8,Thursday,3,0,2025-01,January,525,10.77144029544522,2.0658489347966427,0.16413623307345096,104,2,Positive
IN_0399,2,Instagram,2025-01-05,07:56:09,Carousel,Unpopular opinion about Data Analytics: Most teams are doing it wrong. Here is why... #Leadership,#Leadership,4948,5893,215,23,17,18,0,193,7,Sunday,6,1,2025-01,January,273,5.517380759902991,3.2750721194637706,0.34357316087308004,97,1,Negative
IN_0400,2,Instagram,2025-03-18,07:58:03,Carousel,Discover how Brand Strategy is transforming the industry! What are your thoughts? #AI,#AI,1668,1881,122,16,13,13,0,17,7,Tuesday,1,0,2025-03,March,164,9.832134292565947,0.9037745879851143,0.7793764988009593,85,1,Positive
IN_0401,2,Instagram,2025-09-19,09:13:17,Reel,Mastering AI Workflow in under 10 minutes. Read our full step-by-step guide now! #BusinessTips,#BusinessTips,16506,25277,336,77,21,98,14129,440,9,Friday,4,0,2025-09,September,532,3.2230703986429172,1.7407129010562965,0.1272264631043257,94,1,Positive
IN_0402,2,Instagram,2025-10-06,16:25:32,Reel,Sunday motivation: Start your week with a fresh mindset on AI Workflow. #Innovation #MachineLearning,#Innovation #MachineLearning,7705,10607,260,56,19,63,3772,80,16,Monday,0,0,2025-10,October,398,5.165476963011032,0.7542189120392194,0.24659312134977288,100,2,Positive
IN_0403,2,Instagram,2025-04-06,02:49:49,Story Promotion,Top 5 actionable strategies for Data Analytics in 2025. Save this post for later! #TechTrends #Leadership,#TechTrends #Leadership,1659,2013,104,16,4,14,0,96,2,Sunday,6,1,2025-04,April,138,8.318264014466546,4.769001490312966,0.24110910186859552,105,2,Positive
IN_0404,2,Instagram,2025-03-29,02:27:30,Image,Sunday motivation: Start your week with a fresh mindset on Cloud Scale. #MachineLearning #TechTrends #StartupLife #GrowthHacking,#MachineLearning #TechTrends #StartupLife #GrowthHacking,1902,2241,87,13,5,14,0,88,2,Saturday,5,1,2025-03,March,119,6.256572029442692,3.92681838464971,0.26288117770767616,128,4,Positive
IN_0405,2,Instagram,2025-08-29,06:05:51,Image,Discover how Python Automation is transforming the industry! What are your thoughts? #MachineLearning,#MachineLearning,7735,13474,376,76,41,97,0,103,6,Friday,4,0,2025-08,August,590,7.627666451195863,0.7644352085497996,0.5300581771170007,101,1,Positive
IN_0406,2,Instagram,2025-10-25,17:27:41,Carousel,Top 5 actionable strategies for Brand Strategy in 2025. Save this post for later! #Productivity #TechTrends #StartupLife,#Productivity #TechTrends #StartupLife,2906,4666,141,7,6,10,0,71,17,Saturday,5,1,2025-10,October,164,5.643496214728148,1.521645949421346,0.20646937370956642,120,3,Positive
IN_0407,2,Instagram,2025-03-11,05:39:40,Image,Unpopular opinion about Customer Engagement: Most teams are doing it wrong. Here is why... #Leadership #DigitalMarketing #StartupLife,#Leadership #DigitalMarketing #StartupLife,9060,15421,587,37,86,168,0,352,5,Tuesday,1,0,2025-03,March,878,9.69094922737307,2.2826016471045976,0.9492273730684326,133,3,Negative
IN_0408,2,Instagram,2025-11-18,00:28:29,Reel,We are excited to announce our newest breakthrough in Data Analytics. Check out the link below! #Coding #MachineLearning #Productivity,#Coding #MachineLearning #Productivity,4416,7073,220,48,8,58,2304,202,0,Tuesday,1,0,2025-11,November,334,7.563405797101449,2.855931005231161,0.18115942028985507,134,3,Positive
IN_0409,2,Instagram,2025-02-17,15:12:58,Image,Discover how Python Automation is transforming the industry! What are your thoughts? #BusinessTips #DataAnalytics #TechTrends,#BusinessTips #DataAnalytics #TechTrends,7909,9977,551,77,36,149,0,117,15,Monday,0,0,2025-02,February,813,10.279428499178152,1.1726972035682068,0.4551776457200657,125,3,Positive
IN_0410,2,Instagram,2025-01-12,23:43:47,Image,Behind the scenes at our team workshop on Python Automation. Innovation starts here! #Leadership,#Leadership,6291,10709,185,36,16,8,0,309,23,Sunday,6,1,2025-01,January,245,3.89445239230647,2.8854234755812866,0.25433158480368784,96,1,Positive
IN_0411,2,Instagram,2025-05-22,02:26:06,Story Promotion,Unpopular opinion about Social Media ROI: Most teams are doing it wrong. Here is why... #Innovation #AI,#Innovation #AI,1935,2147,45,5,6,13,0,59,2,Thursday,3,0,2025-05,May,69,3.565891472868217,2.7480204937121564,0.31007751937984496,103,2,Negative
IN_0412,2,Instagram,2025-01-21,13:57:02,Story Promotion,Case study alert: How we boosted results by 350% using Social Media ROI. #Innovation,#Innovation,2682,3063,147,30,17,14,0,31,13,Tuesday,1,0,2025-01,January,208,7.755406413124534,1.0120796604635978,0.633855331841909,84,1,Positive
IN_0413,2,Instagram,2025-06-06,22:00:53,Reel,Sunday motivation: Start your week with a fresh mindset on User Experience. #GrowthHacking #TechTrends #DigitalMarketing #StartupLife,#GrowthHacking #TechTrends #DigitalMarketing #StartupLife,10292,12253,310,23,41,13,5637,178,22,Friday,4,0,2025-06,June,387,3.7602020987174503,1.4527054598873745,0.3983676642052079,133,4,Positive
IN_0414,2,Instagram,2025-06-25,23:49:52,Carousel,Case study alert: How we boosted results by 350% using Customer Engagement. #AI #StartupLife,#AI #StartupLife,8717,15415,453,67,67,129,0,356,23,Wednesday,2,0,2025-06,June,716,8.213835034989101,2.3094388582549463,0.7686130549500976,92,2,Positive
IN_0415,2,Instagram,2025-03-05,11:19:41,Image,Quick question for our community: How do you handle User Experience in your daily workflow? #DigitalMarketing #DataAnalytics #Productivity #SocialMedia2025,#DigitalMarketing #DataAnalytics #Productivity #SocialMedia2025,8734,14010,679,72,54,195,0,475,11,Wednesday,2,0,2025-03,March,1000,11.449507671170139,3.390435403283369,0.6182734142431876,155,4,Neutral
IN_0416,2,Instagram,2025-05-06,09:29:35,Image,Quick question for our community: How do you handle Content Marketing in your daily workflow? #AI,#AI,5599,7748,237,45,16,34,0,259,9,Tuesday,1,0,2025-05,May,332,5.929630291123415,3.3427981414558596,0.28576531523486337,97,1,Neutral
IN_0417,2,Instagram,2025-06-19,16:30:45,Carousel,Mastering Brand Strategy in under 10 minutes. Read our full step-by-step guide now! #GrowthHacking #DataAnalytics,#GrowthHacking #DataAnalytics,6803,11565,296,69,28,46,0,395,16,Thursday,3,0,2025-06,June,439,6.453035425547553,3.4154777345438823,0.4115831250918712,113,2,Positive
IN_0418,2,Instagram,2025-02-10,06:26:50,Carousel,Quick question for our community: How do you handle Data Analytics in your daily workflow? #Innovation,#Innovation,12223,21291,469,31,30,108,0,486,6,Monday,0,0,2025-02,February,638,5.2196678393193165,2.2826546428068197,0.24543892661376093,102,1,Positive
IN_0419,2,Instagram,2025-07-23,10:59:55,Reel,Behind the scenes at our team workshop on AI Workflow. Innovation starts here! #TechTrends #Leadership,#TechTrends #Leadership,8730,13987,691,71,48,193,4740,522,10,Wednesday,2,0,2025-07,July,1003,11.489117983963345,3.732036891399156,0.5498281786941581,102,2,Positive
IN_0420,2,Instagram,2025-05-07,05:43:52,Image,Discover how Customer Engagement is transforming the industry! What are your thoughts? #Coding #DigitalMarketing #DataAnalytics,#Coding #DigitalMarketing #DataAnalytics,4581,7148,217,15,29,59,0,52,5,Wednesday,2,0,2025-05,May,320,6.985374372407771,0.7274762171236709,0.6330495524994543,127,3,Positive
IN_0421,2,Instagram,2025-09-29,12:58:16,Reel,Case study alert: How we boosted results by 350% using AI Workflow. #GrowthHacking,#GrowthHacking,29122,43388,1138,104,143,228,22411,547,12,Monday,0,0,2025-09,September,1613,5.5387679417622415,1.2607172490089424,0.49103770345443304,82,1,Positive
IN_0422,2,Instagram,2025-05-17,23:41:00,Story Promotion,Unpopular opinion about Data Analytics: Most teams are doing it wrong. Here is why... #Leadership,#Leadership,1001,1555,69,3,6,16,0,53,23,Saturday,5,1,2025-05,May,94,9.39060939060939,3.408360128617363,0.5994005994005994,97,1,Negative
IN_0423,2,Instagram,2025-08-20,04:48:28,Story Promotion,Top 5 actionable strategies for Brand Strategy in 2025. Save this post for later! #DataAnalytics #Coding #Leadership #TechTrends,#DataAnalytics #Coding #Leadership #TechTrends,630,1057,47,8,3,2,0,20,4,Wednesday,2,0,2025-08,August,60,9.523809523809524,1.8921475875118259,0.4761904761904762,128,4,Positive
IN_0424,2,Instagram,2025-06-16,23:37:55,Image,We are excited to announce our newest breakthrough in Data Analytics. Check out the link below! #Coding,#Coding,6941,11179,166,14,13,42,0,137,23,Monday,0,0,2025-06,June,235,3.385679296931278,1.2255121209410502,0.18729289727704942,103,1,Positive
IN_0425,2,Instagram,2025-10-21,04:29:36,Reel,We are excited to announce our newest breakthrough in Python Automation. Check out the link below! #Leadership,#Leadership,5641,6987,323,38,12,75,2752,259,4,Tuesday,1,0,2025-10,October,448,7.941854281155823,3.7068842135394307,0.21272823967381668,110,1,Positive
IN_0426,2,Instagram,2025-09-06,08:57:40,Carousel,Unpopular opinion about User Experience: Most teams are doing it wrong. Here is why... #Productivity #Coding #StartupLife,#Productivity #Coding #StartupLife,3026,3647,186,39,9,35,0,165,8,Saturday,5,1,2025-09,September,269,8.889623265036352,4.524266520427749,0.29742233972240584,121,3,Negative
IN_0427,2,Instagram,2025-08-31,08:05:05,Reel,Top 5 actionable strategies for Social Media ROI in 2025. Save this post for later! #BusinessTips #Coding,#BusinessTips #Coding,19739,28200,503,30,73,11,9745,796,8,Sunday,6,1,2025-08,August,617,3.125791580120574,2.8226950354609928,0.3698262323319317,105,2,Positive
IN_0428,2,Instagram,2025-03-23,07:16:41,Image,Quick question for our community: How do you handle Data Analytics in your daily workflow? #AI #MarketingStrategy #BusinessTips #Coding,#AI #MarketingStrategy #BusinessTips #Coding,9301,16614,310,75,33,59,0,178,7,Sunday,6,1,2025-03,March,477,5.128480808515214,1.0713855784278319,0.35480055907966884,135,4,Neutral
IN_0429,2,Instagram,2025-11-19,15:49:42,Carousel,Unpopular opinion about Cloud Scale: Most teams are doing it wrong. Here is why... #DesignThinking #BusinessTips #Leadership,#DesignThinking #BusinessTips #Leadership,10087,12020,328,80,15,68,0,177,15,Wednesday,2,0,2025-11,November,491,4.8676514325369284,1.4725457570715474,0.14870625557648456,124,3,Negative
IN_0430,2,Instagram,2025-11-21,03:51:50,Carousel,Sunday motivation: Start your week with a fresh mindset on Customer Engagement. #GrowthHacking #SocialMedia2025,#GrowthHacking #SocialMedia2025,10810,19388,625,54,72,70,0,138,3,Friday,4,0,2025-11,November,821,7.59481961147086,0.7117804827728492,0.666049953746531,111,2,Positive
IN_0431,2,Instagram,2025-06-22,07:41:04,Image,Why Python Automation matters more than ever for modern business growth. #Productivity #StartupLife,#General,3112,5285,83,5,5,19,0,74,7,Sunday,6,1,2025-06,June,112,3.5989717223650386,1.4001892147587511,0.16066838046272494,99,1,Positive
IN_0432,2,Instagram,2025-04-28,20:20:54,Image,Top 5 actionable strategies for Cloud Scale in 2025. Save this post for later! #MarketingStrategy #TechTrends #StartupLife,#MarketingStrategy #TechTrends #StartupLife,6756,9329,158,32,16,12,0,347,20,Monday,0,0,2025-04,April,218,3.226761397276495,3.719584092614428,0.2368265245707519,122,3,Positive
IN_0433,2,Instagram,2025-05-22,17:20:09,Carousel,We are excited to announce our newest breakthrough in Customer Engagement. Check out the link below! #DesignThinking,#DesignThinking,8990,12206,410,79,12,71,0,502,17,Thursday,3,0,2025-05,May,572,6.362625139043382,4.112731443552351,0.13348164627363737,116,1,Positive
IN_0434,2,Instagram,2025-12-10,03:19:30,Story Promotion,Why User Experience matters more than ever for modern business growth. #Innovation #GrowthHacking,#General,1709,2101,83,4,3,6,0,54,3,Wednesday,2,0,2025-12,December,96,5.6173200702165005,2.570204664445502,0.17554125219426564,97,1,Positive
IN_0435,2,Instagram,2025-11-30,18:03:48,Image,Unpopular opinion about Social Media ROI: Most teams are doing it wrong. Here is why... #AI #DataAnalytics #Innovation,#AI #DataAnalytics #Innovation,7363,12978,325,50,33,41,0,282,18,Sunday,6,1,2025-11,November,449,6.098057856851827,2.1729079981507167,0.4481868803476844,118,3,Negative
IN_0436,2,Instagram,2025-09-09,17:37:02,Reel,Why Social Media ROI matters more than ever for modern business growth. #StartupLife #BusinessTips #Coding #TechTrends,#StartupLife #BusinessTips #Coding #TechTrends,14699,26086,765,110,69,85,12058,834,17,Tuesday,1,0,2025-09,September,1029,7.000476222872304,3.1971172276316793,0.4694196884141778,118,4,Positive
IN_0437,2,Instagram,2025-12-24,11:14:30,Image,Case study alert: How we boosted results by 350% using Python Automation. #DigitalMarketing #DataAnalytics #TechTrends,#DigitalMarketing #DataAnalytics #TechTrends,7844,12125,242,18,6,10,0,105,11,Wednesday,2,0,2025-12,December,276,3.5186129525752166,0.865979381443299,0.0764915859255482,118,3,Positive
IN_0438,2,Instagram,2025-07-13,09:54:49,Story Promotion,We are excited to announce our newest breakthrough in Customer Engagement. Check out the link below! #TechTrends #MachineLearning #Coding #DesignThinking,#TechTrends #MachineLearning #Coding #DesignThinking,2450,3373,94,17,7,11,0,94,9,Sunday,6,1,2025-07,July,129,5.26530612244898,2.7868366439371477,0.2857142857142857,153,4,Positive
IN_0439,2,Instagram,2025-02-15,15:17:02,Story Promotion,Discover how Brand Strategy is transforming the industry! What are your thoughts? #MachineLearning #TechTrends #DigitalMarketing #GrowthHacking,#MachineLearning #TechTrends #DigitalMarketing #GrowthHacking,1295,1709,43,3,4,5,0,30,15,Saturday,5,1,2025-02,February,55,4.247104247104247,1.7554125219426564,0.3088803088803089,143,4,Positive
IN_0440,2,Instagram,2025-10-02,04:00:06,Carousel,Quick question for our community: How do you handle Social Media ROI in your daily workflow? #DataAnalytics #GrowthHacking #Coding #TechTrends,#DataAnalytics #GrowthHacking #Coding #TechTrends,9682,11865,396,32,16,51,0,196,4,Thursday,3,0,2025-10,October,495,5.1125800454451555,1.6519174041297935,0.16525511258004544,142,4,Positive
IN_0441,2,Instagram,2025-11-11,10:33:28,Carousel,Mastering User Experience in under 10 minutes. Read our full step-by-step guide now! #GrowthHacking #DigitalMarketing #BusinessTips #StartupLife,#GrowthHacking #DigitalMarketing #BusinessTips #StartupLife,12637,20568,915,218,53,67,0,574,10,Tuesday,1,0,2025-11,November,1253,9.915328005064493,2.7907429015947103,0.41940333940017405,144,4,Positive
IN_0442,2,Instagram,2025-03-04,14:24:01,Reel,Behind the scenes at our team workshop on User Experience. Innovation starts here! #Productivity #MachineLearning,#Productivity #MachineLearning,15932,20050,1160,261,62,188,11757,682,14,Tuesday,1,0,2025-03,March,1671,10.488325382877228,3.401496259351621,0.3891539040923927,113,2,Positive
IN_0443,2,Instagram,2025-06-18,18:13:22,Story Promotion,Top 5 actionable strategies for Content Marketing in 2025. Save this post for later! #AI #DataAnalytics #MarketingStrategy,#AI #DataAnalytics #MarketingStrategy,6286,10259,293,18,12,76,0,302,18,Wednesday,2,0,2025-06,June,399,6.347438752783964,2.9437567014328883,0.19090041361756285,122,3,Positive
IN_0444,2,Instagram,2025-06-28,07:00:59,Story Promotion,We are excited to announce our newest breakthrough in Brand Strategy. Check out the link below! #Leadership #DesignThinking #Innovation,#Leadership #DesignThinking #Innovation,863,1096,19,2,1,1,0,48,7,Saturday,5,1,2025-06,June,23,2.6651216685979144,4.37956204379562,0.11587485515643105,135,3,Positive
IN_0445,2,Instagram,2025-01-15,05:08:58,Carousel,Unpopular opinion about AI Workflow: Most teams are doing it wrong. Here is why... #DesignThinking #AI,#DesignThinking #AI,6678,11358,479,74,46,31,0,261,5,Wednesday,2,0,2025-01,January,630,9.433962264150944,2.2979397781299524,0.6888289907157832,102,2,Negative
IN_0446,2,Instagram,2025-10-12,15:39:52,Image,Quick question for our community: How do you handle User Experience in your daily workflow? #AI #DigitalMarketing,#AI #DigitalMarketing,2626,4167,115,10,3,32,0,98,15,Sunday,6,1,2025-10,October,160,6.092916984006093,2.351811855051596,0.11424219345011424,113,2,Neutral
IN_0447,2,Instagram,2025-04-08,14:49:58,Reel,Why Data Analytics matters more than ever for modern business growth. #DataAnalytics #DigitalMarketing,#DataAnalytics #DigitalMarketing,10666,13284,282,31,29,61,6483,502,14,Tuesday,1,0,2025-04,April,403,3.778361147571723,3.7789822342667874,0.2718919932495781,102,2,Positive
IN_0448,2,Instagram,2025-10-04,01:01:12,Carousel,Discover how Social Media ROI is transforming the industry! What are your thoughts? #BusinessTips #DesignThinking #Innovation,#BusinessTips #DesignThinking #Innovation,10682,12420,638,94,86,18,0,247,1,Saturday,5,1,2025-10,October,836,7.826249765961431,1.9887278582930756,0.8050926792735443,125,3,Positive
IN_0449,2,Instagram,2025-01-30,05:38:57,Carousel,Case study alert: How we boosted results by 350% using Data Analytics. #MarketingStrategy #Productivity,#MarketingStrategy #Productivity,4565,6270,140,28,16,32,0,218,5,Thursday,3,0,2025-01,January,216,4.731653888280395,3.476874003189793,0.35049288061336253,103,2,Positive
IN_0450,2,Instagram,2025-11-16,08:30:41,Image,Unpopular opinion about Social Media ROI: Most teams are doing it wrong. Here is why... #BusinessTips #Innovation #AI,#BusinessTips #Innovation #AI,1059,1181,33,4,2,7,0,17,8,Sunday,6,1,2025-11,November,46,4.343720491029273,1.439458086367485,0.18885741265344666,117,3,Negative
IN_0451,2,Instagram,2025-06-01,15:55:49,Reel,Unpopular opinion about Executive Leadership: Most teams are doing it wrong. Here is why... #DesignThinking #Productivity #GrowthHacking,#DesignThinking #Productivity #GrowthHacking,3057,3957,129,7,18,7,1575,119,15,Sunday,6,1,2025-06,June,161,5.266601243048741,3.007328784432651,0.5888125613346418,136,3,Negative
IN_0452,2,Instagram,2025-01-15,07:53:34,Reel,Why Data Analytics matters more than ever for modern business growth. #SocialMedia2025 #DigitalMarketing,#SocialMedia2025 #DigitalMarketing,19743,29754,1273,318,152,46,14981,1142,7,Wednesday,2,0,2025-01,January,1789,9.061439497543432,3.83813940982725,0.7698931266778098,104,2,Positive
IN_0453,2,Instagram,2025-07-11,02:07:46,Story Promotion,Why Customer Engagement matters more than ever for modern business growth. #MachineLearning #DesignThinking #AI #Leadership,#MachineLearning #DesignThinking #AI #Leadership,1354,1589,90,15,11,25,0,16,2,Friday,4,0,2025-07,July,141,10.413589364844904,1.0069225928256766,0.8124076809453471,123,4,Positive
IN_0454,2,Instagram,2025-08-14,05:36:36,Story Promotion,We are excited to announce our newest breakthrough in Social Media ROI. Check out the link below! #SocialMedia2025 #Productivity #AI,#SocialMedia2025 #Productivity #AI,2587,4299,142,26,9,32,0,62,5,Thursday,3,0,2025-08,August,209,8.078855817549286,1.4421958595022097,0.3478933127174333,132,3,Positive
IN_0455,2,Instagram,2025-05-07,17:40:31,Reel,We are excited to announce our newest breakthrough in Executive Leadership. Check out the link below! #DesignThinking,#DesignThinking,3565,6365,96,13,8,7,2043,158,17,Wednesday,2,0,2025-05,May,124,3.4782608695652173,2.4823252160251377,0.22440392706872372,117,1,Positive
IN_0456,2,Instagram,2025-12-09,02:41:30,Image,Unpopular opinion about Executive Leadership: Most teams are doing it wrong. Here is why... #MachineLearning #TechTrends #DesignThinking,#MachineLearning #TechTrends #DesignThinking,4055,6128,231,23,15,42,0,189,2,Tuesday,1,0,2025-12,December,311,7.669543773119606,3.0842036553524808,0.36991368680641185,136,3,Negative
IN_0457,2,Instagram,2025-03-31,05:10:25,Story Promotion,Why Customer Engagement matters more than ever for modern business growth. #DataAnalytics #SocialMedia2025,#DataAnalytics #SocialMedia2025,483,821,13,0,0,2,0,21,5,Monday,0,0,2025-03,March,15,3.1055900621118013,2.5578562728380025,0.0,106,2,Positive
IN_0458,2,Instagram,2025-04-09,07:06:38,Image,No Caption Provided,#DataAnalytics #DigitalMarketing,8645,14553,330,71,28,60,0,485,7,Wednesday,2,0,2025-04,April,489,5.656448814343551,3.332646189789047,0.32388663967611336,19,2,Neutral
IN_0459,2,Instagram,2025-01-06,13:37:25,Story Promotion,Quick question for our community: How do you handle Cloud Scale in your daily workflow? #AI #Innovation #DesignThinking,#AI #Innovation #DesignThinking,4496,6509,258,59,18,50,0,91,13,Monday,0,0,2025-01,January,385,8.563167259786477,1.3980642187740053,0.400355871886121,119,3,Positive
IN_0460,2,Instagram,2025-04-30,09:45:28,Story Promotion,Quick question for our community: How do you handle Executive Leadership in your daily workflow? #DesignThinking #MarketingStrategy #Productivity,#DesignThinking #MarketingStrategy #Productivity,468,541,20,3,0,3,0,5,9,Wednesday,2,0,2025-04,April,26,5.555555555555555,0.9242144177449169,0.0,145,3,Neutral
IN_0461,2,Instagram,2025-10-31,10:24:25,Carousel,Sunday motivation: Start your week with a fresh mindset on Python Automation. #TechTrends #MarketingStrategy,#TechTrends #MarketingStrategy,10130,16114,447,61,35,97,0,179,10,Friday,4,0,2025-10,October,640,6.317867719644619,1.1108352984982002,0.3455083909180652,108,2,Positive
IN_0462,2,Instagram,2025-12-07,06:32:57,Story Promotion,Case study alert: How we boosted results by 350% using AI Workflow. #StartupLife #DigitalMarketing #Innovation,#StartupLife #DigitalMarketing #Innovation,2842,3801,90,17,4,14,0,149,6,Sunday,6,1,2025-12,December,125,4.398311048557354,3.9200210470928707,0.14074595355383532,110,3,Positive
IN_0463,2,Instagram,2025-04-25,05:43:02,Image,We are excited to announce our newest breakthrough in Social Media ROI. Check out the link below! #AI #Productivity,#AI #Productivity,4227,5525,252,57,28,41,0,226,5,Friday,4,0,2025-04,April,378,8.942512420156138,4.090497737556561,0.6624083274189733,115,2,Positive
IN_0464,2,Instagram,2025-06-02,00:18:25,Image,Discover how Cloud Scale is transforming the industry! What are your thoughts? #DigitalMarketing #SocialMedia2025 #Productivity,#DigitalMarketing #SocialMedia2025 #Productivity,9622,15636,675,124,17,82,0,370,0,Monday,0,0,2025-06,June,898,9.332779048014967,2.3663341007930416,0.17667844522968199,127,3,Positive
IN_0465,2,Instagram,2025-09-26,17:29:32,Carousel,Mastering Cloud Scale in under 10 minutes. Read our full step-by-step guide now! #DesignThinking #MachineLearning #BusinessTips,#DesignThinking #MachineLearning #BusinessTips,11446,18591,761,56,58,36,0,283,17,Friday,4,0,2025-09,September,911,7.959112353660667,1.5222419450271636,0.5067272409575397,127,3,Positive
IN_0466,2,Instagram,2025-08-12,05:16:23,Reel,Top 5 actionable strategies for Social Media ROI in 2025. Save this post for later! #DigitalMarketing,#DigitalMarketing,4997,6381,164,40,9,24,3275,269,5,Tuesday,1,0,2025-08,August,237,4.742845707424455,4.215640181789688,0.18010806483890335,101,1,Positive
IN_0467,2,Instagram,2025-08-30,22:23:28,Story Promotion,Top 5 actionable strategies for User Experience in 2025. Save this post for later! #Innovation #MachineLearning #SocialMedia2025,#Innovation #MachineLearning #SocialMedia2025,2277,2822,146,7,7,19,0,69,22,Saturday,5,1,2025-08,August,179,7.861220904699165,2.445074415308292,0.30742204655248134,128,3,Positive
IN_0468,2,Instagram,2025-02-01,00:11:45,Reel,Unpopular opinion about Social Media ROI: Most teams are doing it wrong. Here is why... #DataAnalytics #SocialMedia2025 #BusinessTips,#DataAnalytics #SocialMedia2025 #BusinessTips,2095,3231,82,7,4,13,1084,95,0,Saturday,5,1,2025-02,February,106,5.059665871121719,2.9402661714639433,0.1909307875894988,133,3,Negative
IN_0469,2,Instagram,2025-08-02,22:25:33,Image,We are excited to announce our newest breakthrough in Data Analytics. Check out the link below! #BusinessTips #SocialMedia2025 #MachineLearning #Coding,#BusinessTips #SocialMedia2025 #MachineLearning #Coding,7587,13303,542,46,50,145,0,410,22,Saturday,5,1,2025-08,August,783,10.320284697508896,3.0820115763361646,0.6590220113351786,151,4,Positive
IN_0470,2,Instagram,2025-04-15,07:48:33,Story Promotion,Case study alert: How we boosted results by 350% using AI Workflow. #StartupLife #AI #Coding,#StartupLife #AI #Coding,3138,5138,96,13,5,16,0,182,7,Tuesday,1,0,2025-04,April,130,4.1427660930529,3.5422343324250685,0.15933715742511154,92,3,Positive
IN_0471,2,Instagram,2025-12-06,18:25:01,Reel,Case study alert: How we boosted results by 350% using Content Marketing. #AI #StartupLife,#AI #StartupLife,23876,30004,1763,250,172,455,15857,627,18,Saturday,5,1,2025-12,December,2640,11.057128497235718,2.0897213704839355,0.7203886748199029,90,2,Positive
IN_0472,2,Instagram,2025-07-27,17:33:33,Image,Sunday motivation: Start your week with a fresh mindset on Data Analytics. #DesignThinking #StartupLife #MachineLearning #GrowthHacking,#DesignThinking #StartupLife #MachineLearning #GrowthHacking,6525,11445,335,74,42,27,0,89,17,Sunday,6,1,2025-07,July,478,7.325670498084291,0.7776321537789428,0.6436781609195402,135,4,Positive
IN_0473,2,Instagram,2025-01-03,16:46:17,Image,Unpopular opinion about Brand Strategy: Most teams are doing it wrong. Here is why... #Innovation #Productivity #SocialMedia2025 #StartupLife,#Innovation #Productivity #SocialMedia2025 #StartupLife,3586,5603,110,20,16,27,0,62,16,Friday,4,0,2025-01,January,173,4.824316787506971,1.1065500624665359,0.4461795872838818,141,4,Negative
IN_0474,2,Instagram,2025-07-24,19:26:14,Reel,We are excited to announce our newest breakthrough in User Experience. Check out the link below! #Innovation #Productivity #AI,#General,8937,13688,496,113,20,51,6266,389,19,Thursday,3,0,2025-07,July,680,7.608817276490992,2.8419053185271768,0.22378874342620564,126,1,Positive
IN_0475,2,Instagram,2025-06-02,04:58:11,Image,Sunday motivation: Start your week with a fresh mindset on Executive Leadership. #StartupLife #Leadership #MarketingStrategy,#StartupLife #Leadership #MarketingStrategy,6135,11030,145,19,14,21,0,233,4,Monday,0,0,2025-06,June,199,3.243683781581092,2.112420670897552,0.22819885900570497,124,3,Positive
IN_0476,2,Instagram,2025-12-15,18:07:57,Carousel,Case study alert: How we boosted results by 350% using User Experience. #BusinessTips #DigitalMarketing #AI,#BusinessTips #DigitalMarketing #AI,13052,18962,497,65,25,125,0,469,18,Monday,0,0,2025-12,December,712,5.455102666258044,2.473367788207995,0.19154152620288079,107,3,Positive
IN_0477,2,Instagram,2025-10-02,19:24:49,Story Promotion,Behind the scenes at our team workshop on Customer Engagement. Innovation starts here! #DigitalMarketing,#DigitalMarketing,5122,6231,299,63,40,31,0,94,19,Thursday,3,0,2025-10,October,433,8.453729012104647,1.508586101749318,0.7809449433814916,104,1,Positive
IN_0478,2,Instagram,2025-03-13,16:42:00,Story Promotion,Case study alert: How we boosted results by 350% using Customer Engagement. #TechTrends,#TechTrends,2353,3004,120,24,2,31,0,90,16,Thursday,3,0,2025-03,March,177,7.522311942201446,2.9960053262316912,0.08499787505312367,87,1,Positive
IN_0479,2,Instagram,2025-09-05,11:06:32,Reel,Case study alert: How we boosted results by 350% using User Experience. #DigitalMarketing #Productivity #MachineLearning #AI,#DigitalMarketing #Productivity #MachineLearning #AI,19962,25263,578,139,70,159,8456,412,11,Friday,4,0,2025-09,September,946,4.7390041078048295,1.6308435261053718,0.35066626590521993,124,4,Positive
IN_0480,2,Instagram,2025-07-26,03:42:26,Carousel,Quick question for our community: How do you handle Content Marketing in your daily workflow? #Coding,#Coding,2428,3114,130,27,19,26,0,133,3,Saturday,5,1,2025-07,July,202,8.319604612850082,4.271034039820167,0.7825370675453047,101,1,Neutral
IN_0481,2,Instagram,2025-09-03,00:42:36,Story Promotion,Discover how Social Media ROI is transforming the industry! What are your thoughts? #Coding #StartupLife #DesignThinking #TechTrends,#Coding #StartupLife #DesignThinking #TechTrends,3139,4392,230,17,11,63,0,78,0,Wednesday,2,0,2025-09,September,321,10.226186683657215,1.7759562841530054,0.3504300732717426,132,4,Positive
IN_0482,2,Instagram,2025-01-23,14:19:23,Carousel,Discover how Python Automation is transforming the industry! What are your thoughts? #Productivity #GrowthHacking #MarketingStrategy #DigitalMarketing,#Productivity #GrowthHacking #MarketingStrategy #DigitalMarketing,16302,19370,642,76,62,168,0,274,14,Thursday,3,0,2025-01,January,948,5.815237394184763,1.4145585957666496,0.3803214329530119,150,4,Positive
IN_0483,2,Instagram,2025-04-03,04:32:48,Carousel,Behind the scenes at our team workshop on Content Marketing. Innovation starts here! #Coding #StartupLife,#Coding #StartupLife,1638,2373,79,10,7,16,0,43,4,Thursday,3,0,2025-04,April,112,6.837606837606838,1.8120522545301307,0.4273504273504274,105,2,Positive
IN_0484,2,Instagram,2025-02-19,08:26:17,Carousel,Quick question for our community: How do you handle Data Analytics in your daily workflow? #Productivity #AI #MarketingStrategy #DigitalMarketing,#Productivity #AI #MarketingStrategy #DigitalMarketing,3840,4670,267,61,7,60,0,114,8,Wednesday,2,0,2025-02,February,395,10.286458333333332,2.441113490364026,0.18229166666666666,145,4,Neutral
IN_0485,2,Instagram,2025-02-04,17:11:45,Reel,Case study alert: How we boosted results by 350% using Executive Leadership. #MarketingStrategy #BusinessTips #DesignThinking #DigitalMarketing,#MarketingStrategy #BusinessTips #DesignThinking #DigitalMarketing,15356,23529,819,157,50,85,7531,666,17,Tuesday,1,0,2025-02,February,1111,7.234957020057306,2.830549534616856,0.3256056264652253,143,4,Positive
IN_0486,2,Instagram,2025-06-10,03:41:31,Carousel,Top 5 actionable strategies for Executive Leadership in 2025. Save this post for later! #Innovation #AI #Leadership,#Innovation #AI #Leadership,11982,17617,697,85,68,59,0,391,3,Tuesday,1,0,2025-06,June,909,7.586379569354031,2.219447124936141,0.5675179435820397,115,3,Positive
IN_0487,2,Instagram,2025-04-20,12:59:03,Carousel,Why Executive Leadership matters more than ever for modern business growth. #AI #Productivity #DesignThinking,#AI #Productivity #DesignThinking,12550,19974,988,140,53,252,0,503,12,Sunday,6,1,2025-04,April,1433,11.418326693227092,2.5182737558826473,0.4223107569721115,109,3,Positive
IN_0488,2,Instagram,2025-01-16,08:05:30,Reel,Top 5 actionable strategies for Python Automation in 2025. Save this post for later! #Productivity,#Productivity,6392,9914,480,118,36,10,4073,234,8,Thursday,3,0,2025-01,January,644,10.075093867334168,2.360298567682066,0.5632040050062578,98,1,Positive
IN_0489,2,Instagram,2025-03-31,17:28:23,Reel,We are excited to announce our newest breakthrough in Data Analytics. Check out the link below! #Productivity #SocialMedia2025 #BusinessTips,#Productivity #SocialMedia2025 #BusinessTips,3165,3883,147,16,9,29,2732,147,17,Monday,0,0,2025-03,March,201,6.350710900473934,3.7857326809168166,0.2843601895734597,140,3,Positive
IN_0490,2,Instagram,2025-02-21,18:38:13,Image,Behind the scenes at our team workshop on Brand Strategy. Innovation starts here! #StartupLife #Leadership #DataAnalytics #DigitalMarketing,#StartupLife #Leadership #DataAnalytics #DigitalMarketing,8269,13351,385,48,15,94,0,326,18,Friday,4,0,2025-02,February,542,6.554601523763454,2.4417646618230844,0.18140041117426534,139,4,Positive
IN_0491,2,Instagram,2025-07-22,04:58:18,Carousel,Sunday motivation: Start your week with a fresh mindset on Python Automation. #DigitalMarketing #GrowthHacking #TechTrends #Innovation,#DigitalMarketing #GrowthHacking #TechTrends #Innovation,10514,16639,281,43,25,41,0,408,4,Tuesday,1,0,2025-07,July,390,3.709339927715427,2.452070436925296,0.23777820049457865,134,4,Positive
IN_0492,2,Instagram,2025-12-29,12:23:34,Image,We are excited to announce our newest breakthrough in Cloud Scale. Check out the link below! #StartupLife #SocialMedia2025 #DigitalMarketing #DesignThinking,#StartupLife #SocialMedia2025 #DigitalMarketing #DesignThinking,6817,11011,346,53,34,97,0,354,12,Monday,0,0,2025-12,December,530,7.774680944697081,3.214966851330488,0.4987531172069825,156,4,Positive
IN_0493,2,Instagram,2025-03-29,20:25:36,Carousel,Quick question for our community: How do you handle Executive Leadership in your daily workflow? #StartupLife #MachineLearning #Innovation,#StartupLife #MachineLearning #Innovation,4309,6303,114,19,4,3,0,203,20,Saturday,5,1,2025-03,March,140,3.2490136922719888,3.220688561002697,0.09282896263634255,138,3,Positive
IN_0494,2,Instagram,2025-12-06,22:58:52,Reel,Why Customer Engagement matters more than ever for modern business growth. #StartupLife #Innovation,#StartupLife #Innovation,10447,18265,679,105,94,58,5895,156,22,Saturday,5,1,2025-12,December,936,8.959509907150379,0.8540925266903915,0.8997798411027089,99,2,Positive
IN_0495,2,Instagram,2025-03-23,19:02:40,Image,Discover how AI Workflow is transforming the industry! What are your thoughts? #MachineLearning #DataAnalytics,#MachineLearning #DataAnalytics,8353,13585,592,43,18,48,0,495,19,Sunday,6,1,2025-03,March,701,8.392194421166048,3.643724696356275,0.21549144020112532,110,2,Positive
IN_0496,2,Instagram,2025-06-22,20:59:14,Image,Why User Experience matters more than ever for modern business growth. #Productivity #AI,#Productivity #AI,2151,2841,115,15,8,8,0,110,20,Sunday,6,1,2025-06,June,146,6.787540678754069,3.8718760999648008,0.3719200371920037,88,2,Positive
IN_0497,2,Instagram,2025-09-16,19:36:17,Story Promotion,Mastering Data Analytics in under 10 minutes. Read our full step-by-step guide now! #DataAnalytics #MarketingStrategy #StartupLife,#DataAnalytics #MarketingStrategy #StartupLife,4850,5748,167,27,3,48,0,177,19,Tuesday,1,0,2025-09,September,245,5.051546391752577,3.079331941544885,0.06185567010309278,130,3,Positive
IN_0498,2,Instagram,2025-11-27,11:28:27,Reel,Discover how Python Automation is transforming the industry! What are your thoughts? #Innovation,#Innovation,8004,11801,208,31,7,19,3445,134,11,Thursday,3,0,2025-11,November,265,3.3108445777111446,1.1354969917803577,0.08745627186406797,96,1,Positive
IN_0499,2,Instagram,2025-06-25,19:19:50,Story Promotion,No Caption Provided,#Coding #Leadership,2607,4182,114,11,7,27,0,33,19,Wednesday,2,0,2025-06,June,159,6.098964326812428,0.7890961262553802,0.2685078634445723,19,2,Neutral
IN_0500,2,Instagram,2025-08-09,03:17:22,Carousel,Quick question for our community: How do you handle Executive Leadership in your daily workflow? #AI #StartupLife,#AI #StartupLife,10865,13772,534,46,34,141,0,163,3,Saturday,5,1,2025-08,August,755,6.9489185457892315,1.1835608480975894,0.3129314312011045,113,2,Neutral
IN_0501,2,Instagram,2025-01-22,04:52:46,Reel,Case study alert: How we boosted results by 350% using Executive Leadership. #MarketingStrategy #Leadership #TechTrends #Coding,#MarketingStrategy #Leadership #TechTrends #Coding,20191,31399,900,106,47,55,8906,1016,4,Wednesday,2,0,2025-01,January,1108,5.487593482244565,3.2357718398675113,0.2327769798425041,127,4,Positive
IN_0502,2,Instagram,2025-09-02,01:16:22,Story Promotion,Behind the scenes at our team workshop on Brand Strategy. Innovation starts here! #GrowthHacking #SocialMedia2025,#General,1373,2447,106,6,11,17,0,23,1,Tuesday,1,0,2025-09,September,140,10.196649672250546,0.939926440539436,0.8011653313911145,113,1,Positive
IN_0503,2,Instagram,2025-08-03,07:35:32,Image,Top 5 actionable strategies for Customer Engagement in 2025. Save this post for later! #StartupLife #DigitalMarketing #Leadership,#StartupLife #DigitalMarketing #Leadership,6037,9142,408,96,38,72,0,73,7,Sunday,6,1,2025-08,August,614,10.170614543647508,0.7985123605338,0.6294517144276959,129,3,Positive
IN_0504,2,Instagram,2025-12-04,22:05:36,Image,Case study alert: How we boosted results by 350% using User Experience. #MarketingStrategy #SocialMedia2025,#MarketingStrategy #SocialMedia2025,3405,5208,160,16,9,46,0,53,22,Thursday,3,0,2025-12,December,231,6.784140969162995,1.0176651305683564,0.2643171806167401,107,2,Positive
IN_0505,2,Instagram,2025-10-03,16:31:04,Story Promotion,Mastering AI Workflow in under 10 minutes. Read our full step-by-step guide now! #DigitalMarketing #DataAnalytics #TechTrends #StartupLife,#DigitalMarketing #DataAnalytics #TechTrends #StartupLife,3903,6984,262,52,33,64,0,190,16,Friday,4,0,2025-10,October,411,10.530361260568794,2.720504009163803,0.8455034588777863,138,4,Positive
IN_0506,2,Instagram,2025-04-17,21:30:17,Image,Quick question for our community: How do you handle Cloud Scale in your daily workflow? #DataAnalytics #SocialMedia2025 #Leadership #DesignThinking,#DataAnalytics #SocialMedia2025 #Leadership #DesignThinking,4539,5736,200,40,15,50,0,66,21,Thursday,3,0,2025-04,April,305,6.719541749283983,1.1506276150627615,0.3304692663582287,147,4,Neutral
IN_0507,2,Instagram,2025-02-27,12:42:38,Story Promotion,Mastering Data Analytics in under 10 minutes. Read our full step-by-step guide now! #SocialMedia2025 #MarketingStrategy,#SocialMedia2025 #MarketingStrategy,2129,2590,47,4,4,2,0,113,12,Thursday,3,0,2025-02,February,57,2.6773132926256458,4.362934362934363,0.18788163457022078,119,2,Positive
IN_0508,2,Instagram,2025-07-02,16:23:29,Image,Why Customer Engagement matters more than ever for modern business growth. #AI #TechTrends #Productivity,#AI #TechTrends #Productivity,8310,10723,447,36,30,105,0,432,16,Wednesday,2,0,2025-07,July,618,7.436823104693141,4.02872330504523,0.36101083032490977,104,3,Positive
IN_0509,2,Instagram,2025-11-12,11:16:15,Reel,Sunday motivation: Start your week with a fresh mindset on Social Media ROI. #SocialMedia2025 #Leadership #TechTrends,#SocialMedia2025 #Leadership #TechTrends,12194,14702,529,53,74,67,5995,349,11,Wednesday,2,0,2025-11,November,723,5.929145481384287,2.3738266902462253,0.6068558307364277,117,3,Positive
IN_0510,2,Instagram,2025-04-05,10:32:40,Reel,Discover how Social Media ROI is transforming the industry! What are your thoughts? #AI #Coding #SocialMedia2025 #Innovation,#AI #Coding #SocialMedia2025 #Innovation,7592,11145,197,24,5,2,5110,246,10,Saturday,5,1,2025-04,April,228,3.0031612223393047,2.2072678331090176,0.06585879873551106,124,4,Positive
IN_0511,2,Instagram,2025-01-18,01:09:27,Reel,Quick question for our community: How do you handle Python Automation in your daily workflow? #MachineLearning #MarketingStrategy #AI #Innovation,#MachineLearning #MarketingStrategy #AI #Innovation,19492,29401,401,57,39,7,8730,432,1,Saturday,5,1,2025-01,January,504,2.5856761748409602,1.4693377776266112,0.20008208495793145,145,4,Positive
IN_0512,2,Instagram,2025-01-14,16:47:55,Story Promotion,Discover how AI Workflow is transforming the industry! What are your thoughts? #DesignThinking #Coding,#DesignThinking #Coding,1030,1200,33,7,3,7,0,34,16,Tuesday,1,0,2025-01,January,50,4.854368932038835,2.833333333333333,0.2912621359223301,102,2,Positive
IN_0513,2,Instagram,2025-03-03,00:54:30,Carousel,Top 5 actionable strategies for Brand Strategy in 2025. Save this post for later! #MachineLearning #BusinessTips #DesignThinking,#MachineLearning #BusinessTips #DesignThinking,2590,3152,177,42,14,2,0,59,0,Monday,0,0,2025-03,March,235,9.073359073359073,1.8718274111675128,0.5405405405405406,128,3,Positive
IN_0514,2,Instagram,2025-04-26,10:58:42,Reel,Mastering Social Media ROI in under 10 minutes. Read our full step-by-step guide now! #MarketingStrategy #AI #StartupLife,#MarketingStrategy #AI #StartupLife,8263,10330,456,91,17,101,7174,384,10,Saturday,5,1,2025-04,April,665,8.047924482633425,3.7173281703775407,0.20573641534551618,121,3,Positive
IN_0515,2,Instagram,2025-08-31,06:33:51,Image,Quick question for our community: How do you handle Content Marketing in your daily workflow? #BusinessTips #StartupLife,#BusinessTips #StartupLife,2937,3499,130,23,12,12,0,111,6,Sunday,6,1,2025-08,August,177,6.026557711950971,3.1723349528436695,0.40858018386108275,120,2,Neutral
IN_0516,2,Instagram,2025-06-26,13:04:26,Carousel,Sunday motivation: Start your week with a fresh mindset on AI Workflow. #TechTrends #MarketingStrategy #AI #DesignThinking,#TechTrends #MarketingStrategy #AI #DesignThinking,7816,13686,428,93,18,57,0,422,13,Thursday,3,0,2025-06,June,596,7.625383828045036,3.0834429343855034,0.23029682702149437,122,4,Positive
IN_0517,2,Instagram,2025-10-02,15:03:34,Story Promotion,Discover how Cloud Scale is transforming the industry! What are your thoughts? #MarketingStrategy #DataAnalytics #Leadership #BusinessTips,#MarketingStrategy #DataAnalytics #Leadership #BusinessTips,2228,2870,105,5,12,14,0,95,15,Thursday,3,0,2025-10,October,136,6.104129263913824,3.3101045296167246,0.5385996409335727,138,4,Positive
IN_0518,2,Instagram,2025-01-17,17:51:56,Reel,Sunday motivation: Start your week with a fresh mindset on AI Workflow. #DigitalMarketing #TechTrends #Productivity #BusinessTips,#DigitalMarketing #TechTrends #Productivity #BusinessTips,15950,27965,1054,251,48,196,12204,261,17,Friday,4,0,2025-01,January,1549,9.711598746081505,0.9333094940103701,0.3009404388714733,129,4,Positive
IN_0519,2,Instagram,2025-10-04,09:47:40,Carousel,We are excited to announce our newest breakthrough in Executive Leadership. Check out the link below! #SocialMedia2025,#SocialMedia2025,7992,11743,312,42,12,80,0,147,9,Saturday,5,1,2025-10,October,446,5.58058058058058,1.2518095886911351,0.15015015015015015,118,1,Positive
IN_0520,2,Instagram,2025-12-18,05:24:09,Carousel,Unpopular opinion about Brand Strategy: Most teams are doing it wrong. Here is why... #Coding,#Coding,1319,1469,69,8,8,15,0,78,5,Thursday,3,0,2025-12,December,100,7.58150113722517,5.3097345132743365,0.6065200909780136,93,1,Negative
IN_0521,2,Instagram,2025-01-02,18:47:33,Image,Discover how AI Workflow is transforming the industry! What are your thoughts? #AI #BusinessTips #DesignThinking,#AI #BusinessTips #DesignThinking,14506,24591,624,125,63,154,0,245,18,Thursday,3,0,2025-01,January,966,6.659313387563767,0.9962994591517221,0.43430304701502825,112,3,Positive
IN_0522,2,Instagram,2025-10-25,19:22:01,Story Promotion,Discover how User Experience is transforming the industry! What are your thoughts? #BusinessTips,#BusinessTips,4786,6270,379,91,54,99,0,178,19,Saturday,5,1,2025-10,October,623,13.0171333054743,2.8389154704944177,1.1282908483075638,96,1,Positive
IN_0523,2,Instagram,2025-01-26,00:50:22,Carousel,Top 5 actionable strategies for Content Marketing in 2025. Save this post for later! #BusinessTips #AI,#BusinessTips #AI,4145,5852,314,48,9,11,0,166,0,Sunday,6,1,2025-01,January,382,9.215922798552473,2.836637047163363,0.21712907117008443,102,2,Positive
IN_0524,2,Instagram,2025-03-14,20:52:27,Carousel,Behind the scenes at our team workshop on Social Media ROI. Innovation starts here! #DataAnalytics,#DataAnalytics,14076,16157,453,91,25,58,0,454,20,Friday,4,0,2025-03,March,627,4.454390451832907,2.8099275855666273,0.17760727479397556,98,1,Positive
IN_0525,2,Instagram,2025-05-26,21:11:24,Carousel,Top 5 actionable strategies for Python Automation in 2025. Save this post for later! #Leadership #MarketingStrategy #MachineLearning #TechTrends,#Leadership #MarketingStrategy #MachineLearning #TechTrends,4518,7756,285,60,31,47,0,65,21,Monday,0,0,2025-05,May,423,9.362549800796813,0.8380608561113976,0.6861443116423196,144,4,Positive
IN_0526,2,Instagram,2025-09-20,16:15:54,Carousel,We are excited to announce our newest breakthrough in Data Analytics. Check out the link below! #Coding #BusinessTips,#Coding #BusinessTips,5339,9188,265,49,36,38,0,264,16,Saturday,5,1,2025-09,September,388,7.267278516576138,2.873313016978668,0.6742835737029407,117,2,Positive
IN_0527,2,Instagram,2025-03-23,08:05:33,Story Promotion,Top 5 actionable strategies for Data Analytics in 2025. Save this post for later! #DigitalMarketing,#DigitalMarketing,750,1230,57,9,3,9,0,33,8,Sunday,6,1,2025-03,March,78,10.4,2.682926829268293,0.4,99,1,Positive
IN_0528,2,Instagram,2025-06-17,12:35:44,Carousel,Discover how Python Automation is transforming the industry! What are your thoughts? #Coding,#Coding,12931,16206,463,60,12,21,0,285,12,Tuesday,1,0,2025-06,June,556,4.299744799319464,1.7586079229914846,0.09280024746732658,92,1,Positive
IN_0529,2,Instagram,2025-03-31,07:18:00,Reel,Discover how User Experience is transforming the industry! What are your thoughts? #AI #GrowthHacking #Coding #MarketingStrategy,#AI #GrowthHacking #Coding #MarketingStrategy,6845,10080,290,43,21,66,3505,347,7,Monday,0,0,2025-03,March,420,6.135865595325055,3.4424603174603177,0.30679327976625276,128,4,Positive
IN_0530,2,Instagram,2025-06-09,13:54:07,Carousel,Unpopular opinion about Social Media ROI: Most teams are doing it wrong. Here is why... #Leadership #BusinessTips,#Leadership #BusinessTips,7456,12508,160,27,10,1,0,260,13,Monday,0,0,2025-06,June,198,2.6555793991416308,2.078669651423089,0.13412017167381973,113,2,Negative
IN_0531,2,Instagram,2025-06-08,17:54:23,Carousel,Why Content Marketing matters more than ever for modern business growth. #SocialMedia2025 #BusinessTips #AI,#SocialMedia2025 #BusinessTips #AI,7533,9146,366,20,31,73,0,326,17,Sunday,6,1,2025-06,June,490,6.504712597902563,3.5643997375902035,0.411522633744856,107,3,Positive
IN_0532,2,Instagram,2025-07-20,15:13:48,Story Promotion,Top 5 actionable strategies for Brand Strategy in 2025. Save this post for later! #MarketingStrategy #Productivity #Coding #DigitalMarketing,#MarketingStrategy #Productivity #Coding #DigitalMarketing,2670,3762,213,46,16,55,0,62,15,Sunday,6,1,2025-07,July,330,12.359550561797752,1.648059542796385,0.599250936329588,140,4,Positive
IN_0533,2,Instagram,2025-12-06,05:48:44,Reel,Mastering Brand Strategy in under 10 minutes. Read our full step-by-step guide now! #TechTrends,#TechTrends,4008,5840,200,29,11,10,2074,213,5,Saturday,5,1,2025-12,December,250,6.2375249500998,3.647260273972603,0.27445109780439125,95,1,Positive
IN_0534,2,Instagram,2025-08-03,13:46:38,Image,Mastering Social Media ROI in under 10 minutes. Read our full step-by-step guide now! #GrowthHacking,#GrowthHacking,9739,15834,290,29,35,4,0,292,13,Sunday,6,1,2025-08,August,358,3.675942088510114,1.8441328786156372,0.35937981312249717,100,1,Positive
IN_0535,2,Instagram,2025-02-15,04:30:16,Story Promotion,We are excited to announce our newest breakthrough in Content Marketing. Check out the link below! #SocialMedia2025,#SocialMedia2025,414,649,14,1,1,3,0,14,4,Saturday,5,1,2025-02,February,19,4.5893719806763285,2.157164869029276,0.24154589371980675,115,1,Positive
IN_0536,2,Instagram,2025-09-28,18:49:00,Story Promotion,Mastering Cloud Scale in under 10 minutes. Read our full step-by-step guide now! #BusinessTips,#BusinessTips,5019,6741,129,9,3,4,0,254,18,Sunday,6,1,2025-09,September,145,2.8890217174736,3.7679869455570394,0.059772863120143446,94,1,Positive
IN_0537,2,Instagram,2025-02-12,06:47:23,Image,Case study alert: How we boosted results by 350% using AI Workflow. #TechTrends #DigitalMarketing #Innovation #MachineLearning,#TechTrends #DigitalMarketing #Innovation #MachineLearning,8178,10368,233,44,24,36,0,103,6,Wednesday,2,0,2025-02,February,337,4.120811934458303,0.9934413580246915,0.293470286133529,126,4,Positive
IN_0538,2,Instagram,2025-04-14,03:49:27,Image,Behind the scenes at our team workshop on AI Workflow. Innovation starts here! #DesignThinking,#DesignThinking,1087,1422,82,17,4,18,0,37,3,Monday,0,0,2025-04,April,121,11.131554737810488,2.60196905766526,0.36798528058877644,94,1,Positive
IN_0539,2,Instagram,2025-10-12,15:06:27,Image,Sunday motivation: Start your week with a fresh mindset on Python Automation. #DesignThinking #GrowthHacking,#DesignThinking #GrowthHacking,9637,15469,342,56,19,100,0,321,15,Sunday,6,1,2025-10,October,517,5.364740064335375,2.0751179778912663,0.19715679153263466,108,2,Positive
IN_0540,2,Instagram,2025-11-18,04:23:11,Story Promotion,We are excited to announce our newest breakthrough in Brand Strategy. Check out the link below! #GrowthHacking #SocialMedia2025,#GrowthHacking #SocialMedia2025,487,850,26,4,3,4,0,4,4,Tuesday,1,0,2025-11,November,37,7.597535934291582,0.4705882352941176,0.6160164271047228,127,2,Positive
IN_0541,2,Instagram,2025-04-27,17:02:14,Story Promotion,Top 5 actionable strategies for AI Workflow in 2025. Save this post for later! #TechTrends #SocialMedia2025 #MachineLearning #Productivity,#TechTrends #SocialMedia2025 #MachineLearning #Productivity,2118,3567,58,5,5,13,0,88,17,Sunday,6,1,2025-04,April,81,3.824362606232295,2.467059153350154,0.2360717658168083,138,4,Positive
IN_0542,2,Instagram,2025-10-02,07:12:27,Reel,Discover how Data Analytics is transforming the industry! What are your thoughts? #Coding #BusinessTips #SocialMedia2025 #AI,#Coding #BusinessTips #SocialMedia2025 #AI,7251,8051,459,73,55,66,6418,83,7,Thursday,3,0,2025-10,October,653,9.005654392497586,1.0309278350515463,0.7585160667494139,124,4,Positive
IN_0543,2,Instagram,2025-04-10,04:54:48,Story Promotion,Mastering Social Media ROI in under 10 minutes. Read our full step-by-step guide now! #Productivity #AI,#Productivity #AI,3282,4493,197,24,12,28,0,98,4,Thursday,3,0,2025-04,April,261,7.952468007312614,2.1811707099933226,0.3656307129798903,103,2,Positive
IN_0544,2,Instagram,2025-12-16,12:58:48,Image,Top 5 actionable strategies for Content Marketing in 2025. Save this post for later! #MachineLearning #Coding #MarketingStrategy,#MachineLearning #Coding #MarketingStrategy,11524,19442,849,182,59,9,0,649,12,Tuesday,1,0,2025-12,December,1099,9.536619229434224,3.338133936837774,0.5119750086775425,128,3,Positive
IN_0545,2,Instagram,2025-11-29,19:01:48,Reel,Top 5 actionable strategies for Customer Engagement in 2025. Save this post for later! #MachineLearning #Coding,#MachineLearning #Coding,27692,41663,1033,228,88,76,11218,1540,19,Saturday,5,1,2025-11,November,1425,5.145890509894555,3.6963252766243433,0.3177813086812076,111,2,Positive
IN_0546,2,Instagram,2025-08-01,11:31:10,Image,Top 5 actionable strategies for Social Media ROI in 2025. Save this post for later! #GrowthHacking,#GrowthHacking,7267,11878,456,113,50,58,0,361,11,Friday,4,0,2025-08,August,677,9.316086418054217,3.0392321939720492,0.6880418329434429,98,1,Positive
IN_0547,2,Instagram,2025-06-18,08:28:16,Image,Discover how AI Workflow is transforming the industry! What are your thoughts? #GrowthHacking,#GrowthHacking,8674,11218,433,44,64,65,0,442,8,Wednesday,2,0,2025-06,June,606,6.986396126354623,3.940096273845605,0.7378372146645147,93,1,Positive
IN_0548,2,Instagram,2025-06-13,17:12:06,Carousel,Case study alert: How we boosted results by 350% using Brand Strategy. #MarketingStrategy,#MarketingStrategy,11861,20582,471,32,23,55,0,452,17,Friday,4,0,2025-06,June,581,4.898406542450046,2.1960936740841515,0.1939128235393306,89,1,Positive
IN_0549,2,Instagram,2025-07-12,23:16:59,Story Promotion,Discover how Social Media ROI is transforming the industry! What are your thoughts? #MachineLearning #BusinessTips,#MachineLearning #BusinessTips,3272,4595,210,52,25,27,0,108,23,Saturday,5,1,2025-07,July,314,9.596577017114914,2.3503808487486397,0.7640586797066015,114,2,Positive
IN_0550,2,Instagram,2025-01-14,16:46:23,Story Promotion,Why AI Workflow matters more than ever for modern business growth. #BusinessTips #DesignThinking #DigitalMarketing,#BusinessTips #DesignThinking #DigitalMarketing,2742,3457,164,10,5,16,0,161,16,Tuesday,1,0,2025-01,January,195,7.11159737417943,4.657217240381835,0.18234865061998543,114,3,Positive
LI_0001,3,LinkedIn,2025-06-01,02:39:14,Document/Carousel,We are excited to announce our newest breakthrough in Brand Strategy. Check out the link below! #StartupLife #MarketingStrategy #BusinessTips #TechTrends,#StartupLife #MarketingStrategy #BusinessTips #TechTrends,3663,6005,159,24,23,42,0,70,2,Sunday,6,1,2025-06,June,248,6.77040677040677,1.1656952539550374,0.627900627900628,153,4,Positive
LI_0002,3,LinkedIn,2025-08-02,15:36:18,Image,Top 5 actionable strategies for Executive Leadership in 2025. Save this post for later! #StartupLife #DataAnalytics #MarketingStrategy #Leadership,#StartupLife #DataAnalytics #MarketingStrategy #Leadership,4767,8390,154,24,21,22,0,212,15,Saturday,5,1,2025-08,August,221,4.636039437801552,2.526817640047676,0.4405286343612335,146,4,Positive
LI_0003,3,LinkedIn,2025-08-09,18:20:53,Document/Carousel,Behind the scenes at our team workshop on Data Analytics. Innovation starts here! #Coding #StartupLife #MachineLearning #TechTrends,#General,13459,24166,746,72,20,79,0,383,18,Saturday,5,1,2025-08,August,917,6.813284790846273,1.58487130679467,0.14859945018203433,131,1,Positive
LI_0004,3,LinkedIn,2025-12-18,19:06:30,Document/Carousel,Top 5 actionable strategies for Social Media ROI in 2025. Save this post for later! #DataAnalytics #Innovation #BusinessTips #MachineLearning,#DataAnalytics #Innovation #BusinessTips #MachineLearning,5635,9566,257,26,5,16,0,241,19,Thursday,3,0,2025-12,December,304,5.394853593611358,2.519339326782354,0.08873114463176575,141,4,Positive
LI_0005,3,LinkedIn,2025-09-14,21:40:37,Text,Top 5 actionable strategies for Brand Strategy in 2025. Save this post for later! #DigitalMarketing #MarketingStrategy #BusinessTips,#DigitalMarketing #MarketingStrategy #BusinessTips,5889,7472,393,40,51,58,0,312,21,Sunday,6,1,2025-09,September,542,9.203599932076752,4.17558886509636,0.8660213958227204,132,3,Positive
LI_0006,3,LinkedIn,2025-04-03,02:10:16,Video,Why Social Media ROI matters more than ever for modern business growth. #AI #Coding #DesignThinking #Productivity,#AI #Coding #DesignThinking #Productivity,7410,10693,417,101,14,24,5851,132,2,Thursday,3,0,2025-04,April,556,7.5033738191632935,1.2344524455251098,0.18893387314439944,113,4,Positive
LI_0007,3,LinkedIn,2025-10-10,14:42:52,Video,Sunday motivation: Start your week with a fresh mindset on Data Analytics. #MarketingStrategy #AI #BusinessTips,#MarketingStrategy #AI #BusinessTips,167757,206513,12398,2471,1851,3661,133762,1794,14,Friday,4,0,2025-10,October,20381,12.149120453989998,0.8687104443788042,1.1033816770686171,111,3,Positive
LI_0008,3,LinkedIn,2025-07-23,09:46:50,Image,Why Data Analytics matters more than ever for modern business growth. #SocialMedia2025 #TechTrends #AI #Leadership,#SocialMedia2025 #TechTrends #AI #Leadership,5077,8859,347,22,48,48,0,248,9,Wednesday,2,0,2025-07,July,465,9.158952137088832,2.799413026300937,0.9454402206027182,114,4,Positive
LI_0009,3,LinkedIn,2025-05-30,21:14:14,Video,Sunday motivation: Start your week with a fresh mindset on Python Automation. #MarketingStrategy #DigitalMarketing #Productivity #BusinessTips,#MarketingStrategy #DigitalMarketing #Productivity #BusinessTips,3390,5647,100,10,7,29,2908,34,21,Friday,4,0,2025-05,May,146,4.3067846607669615,0.6020896051000532,0.20648967551622419,142,4,Positive
LI_0010,3,LinkedIn,2025-06-16,09:28:13,Article/Link,Unpopular opinion about User Experience: Most teams are doing it wrong. Here is why... #AI #MachineLearning #Innovation,#AI #MachineLearning #Innovation,1142,1625,33,6,1,8,0,20,9,Monday,0,0,2025-06,June,48,4.203152364273205,1.2307692307692308,0.08756567425569177,119,3,Negative
LI_0011,3,LinkedIn,2025-11-30,01:44:19,Document/Carousel,Mastering Python Automation in under 10 minutes. Read our full step-by-step guide now! #MarketingStrategy,#MarketingStrategy,4657,7228,323,45,13,63,0,129,1,Sunday,6,1,2025-11,November,444,9.534034786343138,1.7847260653016048,0.2791496671677045,105,1,Positive
LI_0012,3,LinkedIn,2025-11-17,21:20:58,Text,Why Data Analytics matters more than ever for modern business growth. #DigitalMarketing #Productivity #TechTrends #BusinessTips,#DigitalMarketing #Productivity #TechTrends #BusinessTips,5229,8850,111,6,2,24,0,79,21,Monday,0,0,2025-11,November,143,2.734748517881048,0.8926553672316383,0.038248231019315355,127,4,Positive
LI_0013,3,LinkedIn,2025-03-26,06:46:41,Article/Link,No Caption Provided,#Innovation #TechTrends,2325,2613,77,17,5,5,0,47,6,Wednesday,2,0,2025-03,March,104,4.473118279569892,1.7986988136241868,0.21505376344086022,19,2,Neutral
LI_0014,3,LinkedIn,2025-01-21,05:36:20,Article/Link,Sunday motivation: Start your week with a fresh mindset on Brand Strategy. #AI,#AI,1147,1532,45,8,6,3,0,34,5,Tuesday,1,0,2025-01,January,62,5.405405405405405,2.219321148825065,0.5231037489102005,78,1,Positive
LI_0015,3,LinkedIn,2025-12-22,07:34:42,Video,Unpopular opinion about Content Marketing: Most teams are doing it wrong. Here is why... #DigitalMarketing #Productivity,#DigitalMarketing #Productivity,2666,3729,54,8,3,12,1784,112,7,Monday,0,0,2025-12,December,77,2.8882220555138787,3.0034861893268974,0.11252813203300824,120,2,Negative
LI_0016,3,LinkedIn,2025-05-19,03:17:37,Document/Carousel,Mastering Data Analytics in under 10 minutes. Read our full step-by-step guide now! #DesignThinking #GrowthHacking #Coding #Innovation,#DesignThinking #GrowthHacking #Coding #Innovation,8143,12383,228,13,8,66,0,244,3,Monday,0,0,2025-05,May,315,3.868353186786197,1.9704433497536946,0.09824389045806213,134,4,Positive
LI_0017,3,LinkedIn,2025-05-23,05:49:38,Image,Behind the scenes at our team workshop on Python Automation. Innovation starts here! #Innovation #DesignThinking,#Innovation #DesignThinking,3950,6838,160,39,5,7,0,117,5,Friday,4,0,2025-05,May,211,5.341772151898734,1.7110266159695817,0.12658227848101267,112,2,Positive
LI_0018,3,LinkedIn,2025-04-29,14:35:31,Text,No Caption Provided,#GrowthHacking #MarketingStrategy #StartupLife #SocialMedia2025,1294,2243,80,18,6,11,0,62,14,Tuesday,1,0,2025-04,April,115,8.887171561051005,2.7641551493535443,0.46367851622874806,19,4,Neutral
LI_0019,3,LinkedIn,2025-09-30,09:46:43,Video,We are excited to announce our newest breakthrough in Customer Engagement. Check out the link below! #DataAnalytics,#DataAnalytics,1690,2676,121,14,7,10,1284,28,9,Tuesday,1,0,2025-09,September,152,8.994082840236686,1.046337817638266,0.41420118343195267,115,1,Positive
LI_0020,3,LinkedIn,2025-01-26,18:50:19,Text,Sunday motivation: Start your week with a fresh mindset on User Experience. #StartupLife #MarketingStrategy #DigitalMarketing #Leadership,#StartupLife #MarketingStrategy #DigitalMarketing #Leadership,2936,4753,210,16,6,35,0,133,18,Sunday,6,1,2025-01,January,267,9.09400544959128,2.798232695139912,0.20435967302452315,137,4,Positive
LI_0021,3,LinkedIn,2025-10-04,03:59:07,Image,Mastering Customer Engagement in under 10 minutes. Read our full step-by-step guide now! #Leadership #TechTrends #BusinessTips #Coding,#Leadership #TechTrends #BusinessTips #Coding,1804,2248,61,5,5,10,0,49,3,Saturday,5,1,2025-10,October,81,4.490022172949002,2.179715302491103,0.2771618625277162,134,4,Positive
LI_0022,3,LinkedIn,2025-06-24,17:00:46,Article/Link,Case study alert: How we boosted results by 350% using Python Automation. #TechTrends #SocialMedia2025 #GrowthHacking,#TechTrends #SocialMedia2025 #GrowthHacking,1600,2350,50,9,2,11,0,71,17,Tuesday,1,0,2025-06,June,72,4.5,3.021276595744681,0.125,117,3,Positive
LI_0023,3,LinkedIn,2025-03-30,00:39:17,Article/Link,Quick question for our community: How do you handle Python Automation in your daily workflow? #MarketingStrategy #StartupLife #Innovation #Coding,#MarketingStrategy #StartupLife #Innovation #Coding,1115,1835,80,15,2,14,0,20,0,Sunday,6,1,2025-03,March,111,9.955156950672645,1.08991825613079,0.17937219730941703,145,4,Positive
LI_0024,3,LinkedIn,2025-02-24,19:24:58,Text,Mastering Social Media ROI in under 10 minutes. Read our full step-by-step guide now! #Leadership #MarketingStrategy #SocialMedia2025,#Leadership #MarketingStrategy #SocialMedia2025,5271,9048,309,21,44,74,0,117,19,Monday,0,0,2025-02,February,448,8.49933598937583,1.293103448275862,0.834756213242269,133,3,Positive
LI_0025,3,LinkedIn,2025-11-01,00:25:00,Document/Carousel,Discover how Python Automation is transforming the industry! What are your thoughts? #MarketingStrategy #Productivity #MachineLearning #Leadership,#MarketingStrategy #Productivity #MachineLearning #Leadership,4210,5403,294,34,37,85,0,118,0,Saturday,5,1,2025-11,November,450,10.688836104513063,2.1839718674810293,0.8788598574821853,146,4,Positive
LI_0026,3,LinkedIn,2025-11-28,01:25:56,Video,Top 5 actionable strategies for User Experience in 2025. Save this post for later! #TechTrends,#TechTrends,3467,5665,181,15,7,45,1549,199,1,Friday,4,0,2025-11,November,248,7.1531583501586375,3.5127978817299206,0.2019036631093164,94,1,Positive
LI_0027,3,LinkedIn,2025-08-03,00:46:27,Video,Behind the scenes at our team workshop on Executive Leadership. Innovation starts here! #StartupLife #TechTrends #GrowthHacking #BusinessTips,#StartupLife #TechTrends #GrowthHacking #BusinessTips,10056,16329,702,42,103,184,5987,210,0,Sunday,6,1,2025-08,August,1031,10.252585521081942,1.2860554841080287,1.024264120922832,141,4,Positive
LI_0028,3,LinkedIn,2025-10-21,11:51:12,Video,Mastering Content Marketing in under 10 minutes. Read our full step-by-step guide now! #BusinessTips #AI #Leadership,#BusinessTips #AI #Leadership,9413,14790,304,67,13,39,3823,535,11,Tuesday,1,0,2025-10,October,423,4.493785190693721,3.6173089925625423,0.1381068734728567,116,3,Positive
LI_0029,3,LinkedIn,2025-08-11,10:54:38,Video,Unpopular opinion about AI Workflow: Most teams are doing it wrong. Here is why... #GrowthHacking #DigitalMarketing #Productivity #AI,#GrowthHacking #DigitalMarketing #Productivity #AI,5589,8724,242,29,34,65,4337,173,10,Monday,0,0,2025-08,August,370,6.620146716765074,1.9830353049060063,0.6083378064054392,133,4,Negative
LI_0030,3,LinkedIn,2025-04-03,22:42:26,Article/Link,Quick question for our community: How do you handle Python Automation in your daily workflow? #Leadership,#Leadership,718,1066,15,1,1,2,0,27,22,Thursday,3,0,2025-04,April,19,2.6462395543175488,2.5328330206378986,0.1392757660167131,105,1,Neutral
LI_0031,3,LinkedIn,2025-03-28,10:27:01,Text,Why Customer Engagement matters more than ever for modern business growth. #DesignThinking #DigitalMarketing #AI,#General,1476,2066,59,5,7,10,0,47,10,Friday,4,0,2025-03,March,81,5.487804878048781,2.2749273959341725,0.47425474254742545,112,1,Positive
LI_0032,3,LinkedIn,2025-05-31,19:31:03,Video,Sunday motivation: Start your week with a fresh mindset on Python Automation. #BusinessTips #SocialMedia2025,#BusinessTips #SocialMedia2025,12085,14756,615,121,33,122,10751,122,19,Saturday,5,1,2025-05,May,891,7.372776168804303,0.8267823258335593,0.273065784029789,108,2,Positive
LI_0033,3,LinkedIn,2025-06-10,17:32:18,Article/Link,Behind the scenes at our team workshop on Social Media ROI. Innovation starts here! #BusinessTips,#BusinessTips,3032,4615,212,11,25,31,0,42,17,Tuesday,1,0,2025-06,June,279,9.20184696569921,0.9100758396533045,0.8245382585751979,97,1,Positive
LI_0034,3,LinkedIn,2025-11-28,23:07:22,Image,Case study alert: How we boosted results by 350% using Customer Engagement. #Leadership #SocialMedia2025,#Leadership #SocialMedia2025,1886,2142,120,7,14,30,0,109,23,Friday,4,0,2025-11,November,171,9.066808059384941,5.088702147525677,0.7423117709437964,104,2,Positive
LI_0035,3,LinkedIn,2025-08-28,04:46:59,Text,Quick question for our community: How do you handle Content Marketing in your daily workflow? #SocialMedia2025 #DesignThinking #Productivity #AI,#SocialMedia2025 #DesignThinking #Productivity #AI,3862,4483,163,25,16,3,0,50,4,Thursday,3,0,2025-08,August,207,5.359917141377524,1.1153245594467989,0.4142931123770067,144,4,Neutral
LI_0036,3,LinkedIn,2025-02-26,00:24:13,Article/Link,Why Brand Strategy matters more than ever for modern business growth. #MachineLearning,#MachineLearning,3227,4419,120,11,8,31,0,37,0,Wednesday,2,0,2025-02,February,170,5.268050821196157,0.8372935053179452,0.2479082739386427,86,1,Positive
LI_0037,3,LinkedIn,2025-05-17,15:28:00,Video,Why Content Marketing matters more than ever for modern business growth. #BusinessTips,#BusinessTips,7552,8424,334,63,45,14,6543,144,15,Saturday,5,1,2025-05,May,456,6.038135593220339,1.7094017094017095,0.5958686440677966,86,1,Positive
LI_0038,3,LinkedIn,2025-10-22,23:23:17,Image,Case study alert: How we boosted results by 350% using User Experience. #DesignThinking,#DesignThinking,4421,6196,146,29,15,35,0,54,23,Wednesday,2,0,2025-10,October,225,5.089346301741688,0.8715300193673339,0.33928975344944584,87,1,Positive
LI_0039,3,LinkedIn,2025-06-05,06:09:32,Document/Carousel,Quick question for our community: How do you handle Cloud Scale in your daily workflow? #BusinessTips #TechTrends #MachineLearning #GrowthHacking,#BusinessTips #TechTrends #MachineLearning #GrowthHacking,7889,12194,428,33,15,60,0,182,6,Thursday,3,0,2025-06,June,536,6.794270503232348,1.4925373134328357,0.19013816706806946,145,4,Positive
LI_0040,3,LinkedIn,2025-09-02,19:50:42,Text,Top 5 actionable strategies for Data Analytics in 2025. Save this post for later! #BusinessTips #DataAnalytics #MarketingStrategy #TechTrends,#BusinessTips #DataAnalytics #MarketingStrategy #TechTrends,1656,2900,100,22,8,28,0,64,19,Tuesday,1,0,2025-09,September,158,9.541062801932366,2.206896551724138,0.4830917874396135,141,4,Positive
LI_0041,3,LinkedIn,2025-02-11,20:37:51,Video,We are excited to announce our newest breakthrough in Executive Leadership. Check out the link below! #SocialMedia2025,#SocialMedia2025,6561,11275,211,44,16,30,5624,67,20,Tuesday,1,0,2025-02,February,301,4.587715287303765,0.5942350332594235,0.24386526444139614,118,1,Positive
LI_0042,3,LinkedIn,2025-03-29,14:45:13,Video,Sunday motivation: Start your week with a fresh mindset on Data Analytics. #MachineLearning #Coding,#MachineLearning #Coding,16099,20350,1176,217,59,123,11970,675,14,Saturday,5,1,2025-03,March,1575,9.783216348841544,3.3169533169533167,0.3664823902105721,99,2,Positive
LI_0043,3,LinkedIn,2025-10-17,22:13:38,Text,Quick question for our community: How do you handle Data Analytics in your daily workflow? #Innovation #MarketingStrategy #AI #Coding,#Innovation #MarketingStrategy #AI #Coding,2139,2355,75,12,3,22,0,46,22,Friday,4,0,2025-10,October,112,5.2360916316035535,1.9532908704883227,0.1402524544179523,133,4,Positive
LI_0044,3,LinkedIn,2025-05-06,01:58:37,Image,Why Executive Leadership matters more than ever for modern business growth. #BusinessTips,#BusinessTips,6056,8299,258,45,27,53,0,164,1,Tuesday,1,0,2025-05,May,383,6.324306472919419,1.9761417038197373,0.44583883751651254,89,1,Positive
LI_0045,3,LinkedIn,2025-01-27,03:44:54,Article/Link,Case study alert: How we boosted results by 350% using User Experience. #Coding #Productivity,#Coding #Productivity,383,673,25,1,0,4,0,6,3,Monday,0,0,2025-01,January,30,7.83289817232376,0.8915304606240713,0.0,93,2,Positive
LI_0046,3,LinkedIn,2025-04-15,01:07:54,Document/Carousel,We are excited to announce our newest breakthrough in Data Analytics. Check out the link below! #Leadership,#Leadership,5286,8037,237,20,31,22,0,131,1,Tuesday,1,0,2025-04,April,310,5.864547862277715,1.6299614283936792,0.5864547862277715,107,1,Positive
LI_0047,3,LinkedIn,2025-01-10,16:39:44,Document/Carousel,Why User Experience matters more than ever for modern business growth. #Innovation #MarketingStrategy #StartupLife,#Innovation #MarketingStrategy #StartupLife,1651,2300,33,7,3,7,0,89,16,Friday,4,0,2025-01,January,50,3.0284675953967293,3.869565217391304,0.18170805572380377,114,3,Positive
LI_0048,3,LinkedIn,2025-07-27,14:16:08,Document/Carousel,Unpopular opinion about Data Analytics: Most teams are doing it wrong. Here is why... #Productivity #TechTrends,#Productivity #TechTrends,7292,11265,497,123,37,101,0,394,14,Sunday,6,1,2025-07,July,758,10.394953373560066,3.4975588104749225,0.5074053757542513,111,2,Negative
LI_0049,3,LinkedIn,2025-07-15,22:56:43,Article/Link,No Caption Provided,#Coding #TechTrends #AI #MarketingStrategy,1382,2160,82,8,8,9,0,42,22,Tuesday,1,0,2025-07,July,107,7.742402315484805,1.9444444444444444,0.5788712011577424,19,4,Neutral
LI_0050,3,LinkedIn,2025-04-25,16:41:40,Image,Discover how Social Media ROI is transforming the industry! What are your thoughts? #Innovation #Leadership #BusinessTips,#Innovation #Leadership #BusinessTips,2845,4645,57,13,3,6,0,47,16,Friday,4,0,2025-04,April,79,2.7768014059753954,1.0118406889128093,0.1054481546572935,121,3,Positive
LI_0051,3,LinkedIn,2025-07-01,08:05:38,Text,Case study alert: How we boosted results by 350% using Customer Engagement. #MachineLearning,#MachineLearning,3502,5761,128,6,6,16,0,157,8,Tuesday,1,0,2025-07,July,156,4.454597372929754,2.7252213157437946,0.17133066818960593,92,1,Positive
LI_0052,3,LinkedIn,2025-02-03,12:49:33,Document/Carousel,Mastering Executive Leadership in under 10 minutes. Read our full step-by-step guide now! #DataAnalytics #SocialMedia2025 #GrowthHacking #DigitalMarketing,#DataAnalytics #SocialMedia2025 #GrowthHacking #DigitalMarketing,14267,25288,482,27,34,69,0,695,12,Monday,0,0,2025-02,February,612,4.289619401415854,2.7483391331857008,0.2383121889675475,154,4,Positive
LI_0053,3,LinkedIn,2025-03-08,13:34:27,Document/Carousel,Discover how Executive Leadership is transforming the industry! What are your thoughts? #MarketingStrategy #MachineLearning,#MarketingStrategy #MachineLearning,3818,5601,118,28,11,5,0,111,13,Saturday,5,1,2025-03,March,162,4.243059193294918,1.9817889662560257,0.2881089575694081,123,2,Positive
LI_0054,3,LinkedIn,2025-10-19,21:14:28,Video,We are excited to announce our newest breakthrough in Brand Strategy. Check out the link below! #Innovation #Coding #Productivity #StartupLife,#Innovation #Coding #Productivity #StartupLife,12827,21213,821,81,50,139,8192,752,21,Sunday,6,1,2025-10,October,1091,8.50549621891323,3.5449959930231465,0.38980275980353946,142,4,Positive
LI_0055,3,LinkedIn,2025-11-09,06:49:08,Text,Case study alert: How we boosted results by 350% using Data Analytics. #AI #DataAnalytics #DigitalMarketing,#AI #DataAnalytics #DigitalMarketing,2466,4209,86,14,4,9,0,99,6,Sunday,6,1,2025-11,November,113,4.582319545823196,2.3521026372059874,0.16220600162206003,107,3,Positive
LI_0056,3,LinkedIn,2025-03-21,04:35:22,Image,Behind the scenes at our team workshop on Data Analytics. Innovation starts here! #DigitalMarketing,#DigitalMarketing,6356,10098,481,38,48,109,0,84,4,Friday,4,0,2025-03,March,676,10.635619886721209,0.8318478906714201,0.7551919446192574,99,1,Positive
LI_0057,3,LinkedIn,2025-01-18,10:20:56,Document/Carousel,Discover how AI Workflow is transforming the industry! What are your thoughts? #DigitalMarketing #AI,#DigitalMarketing #AI,7622,11028,222,39,20,10,0,301,10,Saturday,5,1,2025-01,January,291,3.8178955654683806,2.729416031918752,0.26239832065074786,100,2,Positive
LI_0058,3,LinkedIn,2025-07-16,10:49:04,Video,Sunday motivation: Start your week with a fresh mindset on Customer Engagement. #GrowthHacking,#GrowthHacking,7387,8413,228,26,11,39,4744,231,10,Wednesday,2,0,2025-07,July,304,4.115337755516448,2.745750624034233,0.14891024773250303,94,1,Positive
LI_0059,3,LinkedIn,2025-05-14,20:20:29,Text,Quick question for our community: How do you handle Social Media ROI in your daily workflow? #StartupLife,#StartupLife,1468,1619,71,8,7,0,0,59,20,Wednesday,2,0,2025-05,May,86,5.858310626702997,3.644224830142063,0.4768392370572207,105,1,Neutral
LI_0060,3,LinkedIn,2025-06-20,17:29:12,Article/Link,Why Data Analytics matters more than ever for modern business growth. #DataAnalytics #DesignThinking #DigitalMarketing,#DataAnalytics #DesignThinking #DigitalMarketing,2796,3697,217,39,17,41,0,146,17,Friday,4,0,2025-06,June,314,11.23032904148784,3.949147957803625,0.6080114449213162,118,3,Positive
LI_0061,3,LinkedIn,2025-04-11,23:23:15,Text,Mastering Brand Strategy in under 10 minutes. Read our full step-by-step guide now! #DataAnalytics,#DataAnalytics,2669,4175,208,16,13,39,0,138,23,Friday,4,0,2025-04,April,276,10.34095166729112,3.305389221556886,0.48707381041588604,98,1,Positive
LI_0062,3,LinkedIn,2025-09-05,07:02:26,Image,Behind the scenes at our team workshop on Content Marketing. Innovation starts here! #MachineLearning #MarketingStrategy #DesignThinking,#MachineLearning #MarketingStrategy #DesignThinking,2458,4160,91,15,11,13,0,27,7,Friday,4,0,2025-09,September,130,5.288852725793328,0.6490384615384616,0.44751830756712774,136,3,Positive
LI_0063,3,LinkedIn,2025-04-26,11:28:35,Image,Top 5 actionable strategies for Executive Leadership in 2025. Save this post for later! #GrowthHacking #AI #DesignThinking #Innovation,#GrowthHacking #AI #DesignThinking #Innovation,4321,7709,264,58,38,9,0,193,11,Saturday,5,1,2025-04,April,369,8.539689886600325,2.503567259047866,0.8794260587826891,134,4,Positive
LI_0064,3,LinkedIn,2025-06-27,02:51:23,Text,Case study alert: How we boosted results by 350% using Content Marketing. #TechTrends #Innovation #AI,#TechTrends #Innovation #AI,2410,3231,126,8,14,4,0,131,2,Friday,4,0,2025-06,June,152,6.3070539419087135,4.054472299597648,0.5809128630705395,101,3,Positive
LI_0065,3,LinkedIn,2025-07-20,13:18:58,Image,Why Python Automation matters more than ever for modern business growth. #StartupLife,#StartupLife,1032,1341,57,13,7,12,0,26,13,Sunday,6,1,2025-07,July,89,8.624031007751938,1.9388516032811336,0.6782945736434108,85,1,Positive
LI_0066,3,LinkedIn,2025-08-05,21:59:54,Document/Carousel,Case study alert: How we boosted results by 350% using Social Media ROI. #AI #DesignThinking,#AI #DesignThinking,4114,5627,272,55,31,5,0,146,21,Tuesday,1,0,2025-08,August,363,8.823529411764707,2.59463301937089,0.7535245503159942,92,2,Positive
LI_0067,3,LinkedIn,2025-05-23,22:52:38,Image,Mastering Executive Leadership in under 10 minutes. Read our full step-by-step guide now! #MarketingStrategy,#MarketingStrategy,4194,5605,328,41,36,70,0,85,22,Friday,4,0,2025-05,May,475,11.325703385789222,1.5165031222123104,0.8583690987124464,108,1,Positive
LI_0068,3,LinkedIn,2025-03-09,07:17:05,Video,Case study alert: How we boosted results by 350% using User Experience. #DigitalMarketing #Coding #TechTrends #SocialMedia2025,#DigitalMarketing #Coding #TechTrends #SocialMedia2025,8487,14328,417,63,60,71,7606,102,7,Sunday,6,1,2025-03,March,611,7.199245905502533,0.7118927973199329,0.7069635913750442,126,4,Positive
LI_0069,3,LinkedIn,2025-11-03,22:23:46,Article/Link,Unpopular opinion about Content Marketing: Most teams are doing it wrong. Here is why... #AI,#AI,3475,5794,148,10,13,25,0,132,22,Monday,0,0,2025-11,November,196,5.640287769784172,2.2782188470831897,0.37410071942446044,92,1,Negative
LI_0070,3,LinkedIn,2025-12-03,04:20:37,Text,We are excited to announce our newest breakthrough in Data Analytics. Check out the link below! #Leadership #DesignThinking #StartupLife,#Leadership #DesignThinking #StartupLife,1651,2510,79,4,6,7,0,75,4,Wednesday,2,0,2025-12,December,96,5.814657783161721,2.9880478087649402,0.36341611144760755,136,3,Positive
LI_0071,3,LinkedIn,2025-01-30,19:21:47,Video,Top 5 actionable strategies for Content Marketing in 2025. Save this post for later! #Leadership,#Leadership,12957,21716,704,137,66,93,10318,650,19,Thursday,3,0,2025-01,January,1000,7.717835918808366,2.993184748572481,0.5093771706413521,96,1,Positive
LI_0072,3,LinkedIn,2025-05-08,11:53:43,Document/Carousel,Unpopular opinion about Python Automation: Most teams are doing it wrong. Here is why... #GrowthHacking,#GrowthHacking,2057,2816,132,14,4,19,0,77,11,Thursday,3,0,2025-05,May,169,8.215848322800195,2.734375,0.19445794846864364,103,1,Negative
LI_0073,3,LinkedIn,2025-07-25,01:45:46,Image,Mastering Python Automation in under 10 minutes. Read our full step-by-step guide now! #TechTrends #BusinessTips,#TechTrends #BusinessTips,5484,7456,152,23,15,30,0,172,1,Friday,4,0,2025-07,July,220,4.011670313639679,2.3068669527897,0.2735229759299781,112,2,Positive
LI_0074,3,LinkedIn,2025-01-06,07:52:38,Document/Carousel,Unpopular opinion about AI Workflow: Most teams are doing it wrong. Here is why... #TechTrends #DesignThinking,#TechTrends #DesignThinking,2100,2508,118,13,12,27,0,69,7,Monday,0,0,2025-01,January,170,8.095238095238095,2.751196172248804,0.5714285714285714,110,2,Negative
LI_0075,3,LinkedIn,2025-04-29,04:04:54,Video,Sunday motivation: Start your week with a fresh mindset on Python Automation. #TechTrends,#TechTrends,5263,6279,410,49,51,62,2882,137,4,Tuesday,1,0,2025-04,April,572,10.868326049781492,2.181876094919573,0.9690290708721261,89,1,Positive
LI_0076,3,LinkedIn,2025-03-12,01:35:46,Document/Carousel,Unpopular opinion about User Experience: Most teams are doing it wrong. Here is why... #MachineLearning #DigitalMarketing #GrowthHacking,#MachineLearning #DigitalMarketing #GrowthHacking,1945,2161,104,20,10,11,0,53,1,Wednesday,2,0,2025-03,March,145,7.455012853470437,2.4525682554372974,0.5141388174807198,136,3,Negative
LI_0077,3,LinkedIn,2025-06-19,14:29:44,Video,Sunday motivation: Start your week with a fresh mindset on Social Media ROI. #MarketingStrategy #AI #Leadership,#MarketingStrategy #AI #Leadership,6441,8921,133,32,9,32,5282,164,14,Thursday,3,0,2025-06,June,206,3.1982611395746,1.8383589283712587,0.13972985561248255,111,3,Positive
LI_0078,3,LinkedIn,2025-11-24,05:36:59,Text,Top 5 actionable strategies for Data Analytics in 2025. Save this post for later! #DataAnalytics #GrowthHacking,#DataAnalytics #GrowthHacking,1851,2128,143,26,4,10,0,85,5,Monday,0,0,2025-11,November,183,9.886547811993516,3.9943609022556394,0.21609940572663425,111,2,Positive
LI_0079,3,LinkedIn,2025-06-11,15:24:35,Document/Carousel,We are excited to announce our newest breakthrough in Executive Leadership. Check out the link below! #GrowthHacking,#GrowthHacking,3414,4255,189,21,17,4,0,98,15,Wednesday,2,0,2025-06,June,231,6.766256590509665,2.3031727379553466,0.49794961921499703,116,1,Positive
LI_0080,3,LinkedIn,2025-12-15,11:38:46,Text,Why User Experience matters more than ever for modern business growth. #GrowthHacking,#GrowthHacking,4061,4694,237,36,22,29,0,236,11,Monday,0,0,2025-12,December,324,7.978330460477714,5.027694929697486,0.5417384880571288,85,1,Positive
LI_0081,3,LinkedIn,2025-04-20,15:38:39,Image,Sunday motivation: Start your week with a fresh mindset on Cloud Scale. #DataAnalytics #GrowthHacking,#DataAnalytics #GrowthHacking,4305,6421,188,45,12,27,0,209,15,Sunday,6,1,2025-04,April,272,6.318234610917537,3.254944712661579,0.2787456445993031,101,2,Positive
LI_0082,3,LinkedIn,2025-08-31,03:13:46,Video,We are excited to announce our newest breakthrough in Data Analytics. Check out the link below! #Innovation,#Innovation,6945,9742,239,21,30,50,4874,235,3,Sunday,6,1,2025-08,August,340,4.8956083513318935,2.412235680558407,0.4319654427645789,107,1,Positive
LI_0083,3,LinkedIn,2025-07-27,10:31:32,Video,We are excited to announce our newest breakthrough in Cloud Scale. Check out the link below! #GrowthHacking #DataAnalytics,#GrowthHacking #DataAnalytics,10165,17555,483,83,46,30,4906,342,10,Sunday,6,1,2025-07,July,642,6.315789473684211,1.9481629165479921,0.4525332021642892,122,2,Positive
LI_0084,3,LinkedIn,2025-10-01,12:18:41,Image,Discover how Social Media ROI is transforming the industry! What are your thoughts? #StartupLife #MarketingStrategy,#StartupLife #MarketingStrategy,3288,5899,78,13,3,18,0,117,12,Wednesday,2,0,2025-10,October,112,3.40632603406326,1.9833870147482624,0.09124087591240876,115,2,Positive
LI_0085,3,LinkedIn,2025-12-04,02:34:13,Document/Carousel,Why Social Media ROI matters more than ever for modern business growth. #DesignThinking,#DesignThinking,3570,4137,251,47,9,30,0,198,2,Thursday,3,0,2025-12,December,337,9.439775910364146,4.786076867295142,0.25210084033613445,87,1,Positive
LI_0086,3,LinkedIn,2025-11-15,02:31:41,Video,Mastering AI Workflow in under 10 minutes. Read our full step-by-step guide now! #TechTrends,#TechTrends,10651,13307,311,63,23,59,8409,593,2,Saturday,5,1,2025-11,November,456,4.281288141958502,4.456301194859848,0.21594216505492442,92,1,Positive
LI_0087,3,LinkedIn,2025-08-02,15:04:45,Document/Carousel,Discover how Data Analytics is transforming the industry! What are your thoughts? #BusinessTips #DigitalMarketing #MachineLearning #Leadership,#BusinessTips #DigitalMarketing #MachineLearning #Leadership,4577,5698,190,18,23,20,0,117,15,Saturday,5,1,2025-08,August,251,5.4839414463622465,2.0533520533520533,0.5025125628140703,142,4,Positive
LI_0088,3,LinkedIn,2025-05-28,03:05:16,Image,Why Executive Leadership matters more than ever for modern business growth. #MachineLearning #TechTrends #MarketingStrategy,#MachineLearning #TechTrends #MarketingStrategy,4586,7832,221,44,18,29,0,142,3,Wednesday,2,0,2025-05,May,312,6.80331443523768,1.8130745658835545,0.39249890972525076,123,3,Positive
LI_0089,3,LinkedIn,2025-08-09,05:49:18,Image,Quick question for our community: How do you handle Content Marketing in your daily workflow? #DataAnalytics #DesignThinking #SocialMedia2025 #StartupLife,#DataAnalytics #DesignThinking #SocialMedia2025 #StartupLife,5277,9291,385,80,55,85,0,127,5,Saturday,5,1,2025-08,August,605,11.464847451203335,1.3669142180604885,1.0422588592003033,154,4,Neutral
LI_0090,3,LinkedIn,2025-10-28,07:36:16,Video,Behind the scenes at our team workshop on User Experience. Innovation starts here! #MachineLearning #Innovation #SocialMedia2025 #Coding,#MachineLearning #Innovation #SocialMedia2025 #Coding,6894,7956,385,73,29,69,4895,177,7,Tuesday,1,0,2025-10,October,556,8.064984044096315,2.22473604826546,0.42065564258775745,136,4,Positive
LI_0091,3,LinkedIn,2025-12-05,07:33:22,Text,Unpopular opinion about Python Automation: Most teams are doing it wrong. Here is why... #DataAnalytics #MarketingStrategy #Productivity,#DataAnalytics #MarketingStrategy #Productivity,1432,1957,39,3,3,8,0,77,7,Friday,4,0,2025-12,December,53,3.7011173184357546,3.9345937659683186,0.20949720670391062,136,3,Negative
LI_0092,3,LinkedIn,2025-02-23,11:59:54,Document/Carousel,Discover how Brand Strategy is transforming the industry! What are your thoughts? #DigitalMarketing #TechTrends,#DigitalMarketing #TechTrends,2425,3432,156,38,20,7,0,47,11,Sunday,6,1,2025-02,February,221,9.11340206185567,1.3694638694638694,0.8247422680412372,111,2,Positive
LI_0093,3,LinkedIn,2025-09-12,10:55:44,Video,Why Brand Strategy matters more than ever for modern business growth. #MachineLearning #Leadership #Coding #SocialMedia2025,#MachineLearning #Leadership #Coding #SocialMedia2025,6070,8806,172,41,8,27,4085,207,10,Friday,4,0,2025-09,September,248,4.085667215815486,2.3506699977288212,0.13179571663920922,123,4,Positive
LI_0094,3,LinkedIn,2025-02-04,14:07:27,Text,No Caption Provided,#MachineLearning #Coding,2910,3824,188,31,16,49,0,68,14,Tuesday,1,0,2025-02,February,284,9.759450171821307,1.778242677824268,0.5498281786941581,19,2,Neutral
LI_0095,3,LinkedIn,2025-12-18,16:09:32,Document/Carousel,Case study alert: How we boosted results by 350% using Python Automation. #Coding #StartupLife,#Coding #StartupLife,948,1454,71,5,5,3,0,49,16,Thursday,3,0,2025-12,December,84,8.860759493670885,3.370013755158184,0.5274261603375527,94,2,Positive
LI_0096,3,LinkedIn,2025-07-16,14:35:30,Image,Why Python Automation matters more than ever for modern business growth. #GrowthHacking #Coding #MachineLearning,#GrowthHacking #Coding #MachineLearning,4694,6076,234,55,33,24,0,223,14,Wednesday,2,0,2025-07,July,346,7.3711120579463145,3.6701777485187623,0.7030251384746485,112,3,Positive
LI_0097,3,LinkedIn,2025-03-30,09:16:32,Article/Link,Mastering Data Analytics in under 10 minutes. Read our full step-by-step guide now! #TechTrends,#TechTrends,1526,2519,68,10,2,14,0,42,9,Sunday,6,1,2025-03,March,94,6.159895150720838,1.66732830488289,0.1310615989515072,95,1,Positive
LI_0098,3,LinkedIn,2025-03-20,06:22:33,Article/Link,Case study alert: How we boosted results by 350% using Customer Engagement. #DesignThinking,#General,1984,2593,56,12,2,9,0,110,6,Thursday,3,0,2025-03,March,79,3.9818548387096775,4.242190512919398,0.10080645161290322,91,1,Positive
LI_0099,3,LinkedIn,2025-12-06,17:06:37,Image,Mastering Executive Leadership in under 10 minutes. Read our full step-by-step guide now! #DataAnalytics,#DataAnalytics,5791,7579,441,35,20,86,0,75,17,Saturday,5,1,2025-12,December,582,10.050077706786393,0.9895764612745744,0.3453634950785702,104,1,Positive
LI_0100,3,LinkedIn,2025-10-04,22:15:45,Video,Behind the scenes at our team workshop on Data Analytics. Innovation starts here! #MachineLearning #AI #DataAnalytics,#MachineLearning #AI #DataAnalytics,1197,1962,69,14,5,10,984,61,22,Saturday,5,1,2025-10,October,98,8.187134502923977,3.109072375127421,0.4177109440267335,117,3,Positive
LI_0101,3,LinkedIn,2025-06-22,05:33:55,Image,Case study alert: How we boosted results by 350% using Content Marketing. #BusinessTips #Innovation #DigitalMarketing,#BusinessTips #Innovation #DigitalMarketing,9143,11367,596,74,65,57,0,324,5,Sunday,6,1,2025-06,June,792,8.662364650552336,2.8503562945368173,0.7109263917751285,117,3,Positive
LI_0102,3,LinkedIn,2025-11-24,08:06:39,Image,Mastering Brand Strategy in under 10 minutes. Read our full step-by-step guide now! #MarketingStrategy,#MarketingStrategy,27495,33076,1988,439,246,578,0,761,8,Monday,0,0,2025-11,November,3251,11.82396799418076,2.300761881726932,0.894708128750682,102,1,Positive
LI_0103,3,LinkedIn,2025-09-24,10:12:28,Image,We are excited to announce our newest breakthrough in Executive Leadership. Check out the link below! #Productivity #DigitalMarketing,#Productivity #DigitalMarketing,1210,1961,72,10,6,10,0,48,10,Wednesday,2,0,2025-09,September,98,8.099173553719009,2.4477307496175422,0.49586776859504134,133,2,Positive
LI_0104,3,LinkedIn,2025-09-20,15:29:12,Document/Carousel,Case study alert: How we boosted results by 350% using Social Media ROI. #TechTrends #SocialMedia2025,#TechTrends #SocialMedia2025,1984,3024,133,20,9,21,0,112,15,Saturday,5,1,2025-09,September,183,9.223790322580646,3.7037037037037033,0.45362903225806456,101,2,Positive
LI_0105,3,LinkedIn,2025-04-23,06:07:41,Text,Sunday motivation: Start your week with a fresh mindset on Data Analytics. #MachineLearning #SocialMedia2025 #BusinessTips,#MachineLearning #SocialMedia2025 #BusinessTips,1076,1499,52,12,2,13,0,34,6,Wednesday,2,0,2025-04,April,79,7.342007434944238,2.268178785857238,0.18587360594795538,122,3,Positive
LI_0106,3,LinkedIn,2025-10-30,07:46:41,Image,Case study alert: How we boosted results by 350% using Brand Strategy. #DesignThinking,#DesignThinking,5303,6168,278,22,33,74,0,271,7,Thursday,3,0,2025-10,October,407,7.674900999434282,4.393644617380025,0.6222892702244013,86,1,Positive
LI_0107,3,LinkedIn,2025-10-08,21:37:00,Text,We are excited to announce our newest breakthrough in Social Media ROI. Check out the link below! #MarketingStrategy #Leadership,#MarketingStrategy #Leadership,3537,5005,177,29,26,47,0,75,21,Wednesday,2,0,2025-10,October,279,7.888040712468193,1.4985014985014986,0.7350862312694374,128,2,Positive
LI_0108,3,LinkedIn,2025-08-08,11:31:05,Document/Carousel,Case study alert: How we boosted results by 350% using Executive Leadership. #StartupLife,#StartupLife,4768,6735,187,19,18,26,0,166,11,Friday,4,0,2025-08,August,250,5.243288590604027,2.4647364513734225,0.37751677852348997,89,1,Positive
LI_0109,3,LinkedIn,2025-10-06,19:41:22,Image,Top 5 actionable strategies for Executive Leadership in 2025. Save this post for later! #Leadership #SocialMedia2025,#Leadership #SocialMedia2025,1595,2306,37,6,2,10,0,76,19,Monday,0,0,2025-10,October,55,3.4482758620689653,3.295750216825672,0.12539184952978058,116,2,Positive
LI_0110,3,LinkedIn,2025-04-18,18:24:20,Document/Carousel,Discover how Executive Leadership is transforming the industry! What are your thoughts? #DataAnalytics #SocialMedia2025 #TechTrends #MarketingStrategy,#DataAnalytics #SocialMedia2025 #TechTrends #MarketingStrategy,6550,7897,364,67,15,102,0,323,18,Friday,4,0,2025-04,April,548,8.366412213740459,4.090160820564772,0.22900763358778628,150,4,Positive
LI_0111,3,LinkedIn,2025-02-15,19:55:20,Document/Carousel,Case study alert: How we boosted results by 350% using AI Workflow. #Coding #Innovation,#Coding #Innovation,6401,9978,420,63,15,102,0,271,19,Saturday,5,1,2025-02,February,600,9.373535385096078,2.7159751453197036,0.23433838462740197,87,2,Positive
LI_0112,3,LinkedIn,2025-02-11,01:20:03,Image,We are excited to announce our newest breakthrough in Executive Leadership. Check out the link below! #DataAnalytics #Leadership,#DataAnalytics #Leadership,1487,2211,109,10,15,17,0,83,1,Tuesday,1,0,2025-02,February,151,10.1546738399462,3.753957485300769,1.0087424344317417,128,2,Positive
LI_0113,3,LinkedIn,2025-01-24,08:49:59,Image,Mastering Python Automation in under 10 minutes. Read our full step-by-step guide now! #GrowthHacking #Leadership #SocialMedia2025 #Innovation,#GrowthHacking #Leadership #SocialMedia2025 #Innovation,5214,8892,416,36,27,57,0,260,8,Friday,4,0,2025-01,January,536,10.280015343306482,2.923976608187134,0.5178365937859608,142,4,Positive
LI_0114,3,LinkedIn,2025-12-03,07:56:16,Article/Link,Quick question for our community: How do you handle Brand Strategy in your daily workflow? #StartupLife,#StartupLife,3457,4667,202,31,20,41,0,162,7,Wednesday,2,0,2025-12,December,294,8.504483656349436,3.4711806299550036,0.5785363031530228,103,1,Neutral
LI_0115,3,LinkedIn,2025-01-23,11:19:46,Document/Carousel,Behind the scenes at our team workshop on Cloud Scale. Innovation starts here! #AI #Coding,#AI #Coding,8252,14570,487,92,57,137,0,485,11,Thursday,3,0,2025-01,January,773,9.367426078526417,3.3287577213452297,0.6907416383906931,90,2,Positive
LI_0116,3,LinkedIn,2025-10-02,16:09:51,Text,Discover how Cloud Scale is transforming the industry! What are your thoughts? #MachineLearning,#MachineLearning,2134,3651,121,19,16,6,0,89,16,Thursday,3,0,2025-10,October,162,7.591377694470477,2.437688304574089,0.7497656982193065,95,1,Positive
LI_0117,3,LinkedIn,2025-08-07,18:39:18,Text,Mastering Executive Leadership in under 10 minutes. Read our full step-by-step guide now! #TechTrends #DesignThinking #DataAnalytics,#TechTrends #DesignThinking #DataAnalytics,3256,4261,69,9,9,12,0,110,18,Thursday,3,0,2025-08,August,99,3.040540540540541,2.581553625909411,0.2764127764127764,132,3,Positive
LI_0118,3,LinkedIn,2025-03-02,12:55:39,Text,We are excited to announce our newest breakthrough in Brand Strategy. Check out the link below! #MachineLearning #MarketingStrategy #Innovation #Coding,#MachineLearning #MarketingStrategy #Innovation #Coding,2084,3034,161,32,7,3,0,79,12,Sunday,6,1,2025-03,March,203,9.740882917466411,2.6038233355306524,0.33589251439539347,151,4,Positive
LI_0119,3,LinkedIn,2025-12-05,11:04:45,Video,Mastering Content Marketing in under 10 minutes. Read our full step-by-step guide now! #DigitalMarketing #AI,#DigitalMarketing #AI,8237,9458,336,66,30,60,6577,92,11,Friday,4,0,2025-12,December,492,5.973048439966007,0.9727215056037217,0.3642102707296346,108,2,Positive
LI_0120,3,LinkedIn,2025-07-16,17:08:47,Text,Sunday motivation: Start your week with a fresh mindset on Social Media ROI. #GrowthHacking,#General,1533,1774,88,9,12,24,0,24,17,Wednesday,2,0,2025-07,July,133,8.67579908675799,1.3528748590755355,0.7827788649706457,91,1,Positive
LI_0121,3,LinkedIn,2025-03-24,06:01:43,Image,Behind the scenes at our team workshop on Python Automation. Innovation starts here! #StartupLife,#StartupLife,1224,2021,46,4,3,9,0,15,6,Monday,0,0,2025-03,March,62,5.065359477124183,0.7422068283028204,0.24509803921568626,97,1,Positive
LI_0122,3,LinkedIn,2025-09-07,16:22:29,Video,Behind the scenes at our team workshop on User Experience. Innovation starts here! #SocialMedia2025 #BusinessTips,#SocialMedia2025 #BusinessTips,10770,19168,713,39,28,205,7724,629,16,Sunday,6,1,2025-09,September,985,9.14577530176416,3.2815108514190316,0.25998142989786444,113,2,Positive
LI_0123,3,LinkedIn,2025-07-16,06:48:52,Video,Mastering Python Automation in under 10 minutes. Read our full step-by-step guide now! #Leadership #Coding #AI #Innovation,#Leadership #Coding #AI #Innovation,5102,9014,102,25,11,28,2749,257,6,Wednesday,2,0,2025-07,July,166,3.2536260290082324,2.851120479254493,0.2156017248137985,122,4,Positive
LI_0124,3,LinkedIn,2025-03-07,04:51:56,Video,Unpopular opinion about Customer Engagement: Most teams are doing it wrong. Here is why... #AI,#AI,10527,15660,773,114,77,11,6707,343,4,Friday,4,0,2025-03,March,975,9.26189797663152,2.19029374201788,0.7314524555903866,94,1,Negative
LI_0125,3,LinkedIn,2025-07-26,04:22:47,Image,Quick question for our community: How do you handle User Experience in your daily workflow? #DataAnalytics #Coding,#DataAnalytics #Coding,2421,3333,100,22,3,24,0,122,4,Saturday,5,1,2025-07,July,149,6.154481619165634,3.6603660366036608,0.12391573729863693,114,2,Neutral
LI_0126,3,LinkedIn,2025-03-07,13:49:16,Document/Carousel,Sunday motivation: Start your week with a fresh mindset on User Experience. #MachineLearning #StartupLife #BusinessTips,#MachineLearning #StartupLife #BusinessTips,6003,9788,350,51,26,89,0,138,13,Friday,4,0,2025-03,March,516,8.595702148925536,1.409889660809154,0.4331167749458604,119,3,Positive
LI_0127,3,LinkedIn,2025-10-08,11:46:25,Video,Unpopular opinion about Brand Strategy: Most teams are doing it wrong. Here is why... #AI #MachineLearning #Productivity,#AI #MachineLearning #Productivity,8679,11193,323,60,43,40,4082,318,11,Wednesday,2,0,2025-10,October,466,5.369282175365826,2.8410613776467435,0.49544878442216844,120,3,Negative
LI_0128,3,LinkedIn,2025-05-04,08:29:55,Article/Link,Quick question for our community: How do you handle Customer Engagement in your daily workflow? #MachineLearning #Coding #Productivity #AI,#MachineLearning #Coding #Productivity #AI,1372,2305,39,2,2,9,0,45,8,Sunday,6,1,2025-05,May,52,3.7900874635568513,1.9522776572668112,0.1457725947521866,138,4,Neutral
LI_0129,3,LinkedIn,2025-02-02,04:52:45,Image,Quick question for our community: How do you handle Customer Engagement in your daily workflow? #Innovation,#Innovation,3218,5005,146,22,3,23,0,92,4,Sunday,6,1,2025-02,February,194,6.028589185829708,1.838161838161838,0.09322560596643878,107,1,Positive
LI_0130,3,LinkedIn,2025-09-03,08:51:17,Video,Top 5 actionable strategies for User Experience in 2025. Save this post for later! #GrowthHacking,#GrowthHacking,3511,4926,182,15,6,44,2257,131,8,Wednesday,2,0,2025-09,September,247,7.035032754201083,2.6593585058871296,0.1708914839077186,97,1,Positive
LI_0131,3,LinkedIn,2025-07-27,22:58:08,Text,Why Customer Engagement matters more than ever for modern business growth. #GrowthHacking #DesignThinking,#GrowthHacking #DesignThinking,2012,2984,141,11,10,25,0,40,22,Sunday,6,1,2025-07,July,187,9.294234592445328,1.3404825737265416,0.4970178926441352,105,2,Positive
LI_0132,3,LinkedIn,2025-05-15,06:31:28,Video,Discover how Data Analytics is transforming the industry! What are your thoughts? #TechTrends #Coding #MarketingStrategy #DataAnalytics,#TechTrends #Coding #MarketingStrategy #DataAnalytics,5961,10205,468,88,29,99,4397,332,6,Thursday,3,0,2025-05,May,684,11.474584801207852,3.2533072023517886,0.48649555443717496,135,4,Positive
LI_0133,3,LinkedIn,2025-05-29,05:35:06,Text,Quick question for our community: How do you handle Executive Leadership in your daily workflow? #AI,#AI,1675,2532,47,3,6,6,0,37,5,Thursday,3,0,2025-05,May,62,3.7014925373134324,1.4612954186413902,0.3582089552238806,100,1,Neutral
LI_0134,3,LinkedIn,2025-03-11,10:07:01,Article/Link,We are excited to announce our newest breakthrough in Content Marketing. Check out the link below! #MarketingStrategy #StartupLife,#MarketingStrategy #StartupLife,1663,2591,42,7,4,0,0,22,10,Tuesday,1,0,2025-03,March,53,3.1870114251352977,0.8490930142802007,0.24052916416115455,130,2,Positive
LI_0135,3,LinkedIn,2025-04-25,20:58:01,Video,Top 5 actionable strategies for Social Media ROI in 2025. Save this post for later! #MarketingStrategy #SocialMedia2025 #BusinessTips,#MarketingStrategy #SocialMedia2025 #BusinessTips,4073,6569,143,30,10,13,1886,102,20,Friday,4,0,2025-04,April,196,4.812177755953843,1.5527477546049626,0.24551927326295114,133,3,Positive
LI_0136,3,LinkedIn,2025-11-09,16:07:07,Image,Mastering Social Media ROI in under 10 minutes. Read our full step-by-step guide now! #Innovation #SocialMedia2025 #BusinessTips,#Innovation #SocialMedia2025 #BusinessTips,1661,1890,113,27,5,25,0,69,16,Sunday,6,1,2025-11,November,170,10.234798314268513,3.650793650793651,0.30102347983142685,128,3,Positive
LI_0137,3,LinkedIn,2025-05-22,20:51:24,Article/Link,Top 5 actionable strategies for Social Media ROI in 2025. Save this post for later! #Productivity #DataAnalytics #GrowthHacking #BusinessTips,#Productivity #DataAnalytics #GrowthHacking #BusinessTips,1527,2089,118,14,7,30,0,35,20,Thursday,3,0,2025-05,May,169,11.067452521283561,1.675442795595979,0.45841519318926005,141,4,Positive
LI_0138,3,LinkedIn,2025-05-07,23:17:11,Document/Carousel,Quick question for our community: How do you handle Python Automation in your daily workflow? #DigitalMarketing #AI #Coding #Leadership,#DigitalMarketing #AI #Coding #Leadership,4258,6417,179,19,13,53,0,100,23,Wednesday,2,0,2025-05,May,264,6.200093940817284,1.5583606046439147,0.3053076561766087,135,4,Neutral
LI_0139,3,LinkedIn,2025-04-30,12:18:30,Document/Carousel,Sunday motivation: Start your week with a fresh mindset on Python Automation. #DesignThinking #StartupLife,#DesignThinking #StartupLife,5785,7375,216,48,24,64,0,200,12,Wednesday,2,0,2025-04,April,352,6.084701815038894,2.711864406779661,0.41486603284356094,106,2,Positive
LI_0140,3,LinkedIn,2025-02-11,05:42:12,Text,Unpopular opinion about Content Marketing: Most teams are doing it wrong. Here is why... #GrowthHacking #DigitalMarketing,#GrowthHacking #DigitalMarketing,1546,2294,77,10,8,1,0,76,5,Tuesday,1,0,2025-02,February,96,6.2095730918499354,3.3129904097646032,0.517464424320828,121,2,Negative
LI_0141,3,LinkedIn,2025-08-29,21:29:23,Document/Carousel,Top 5 actionable strategies for User Experience in 2025. Save this post for later! #BusinessTips,#BusinessTips,4314,7603,107,13,13,21,0,192,21,Friday,4,0,2025-08,August,154,3.5697728326379226,2.5253189530448505,0.3013444598980065,96,1,Positive
LI_0142,3,LinkedIn,2025-04-17,17:15:26,Image,Discover how Executive Leadership is transforming the industry! What are your thoughts? #DesignThinking #Productivity,#DesignThinking #Productivity,2245,3433,154,37,21,2,0,123,17,Thursday,3,0,2025-04,April,214,9.53229398663697,3.5828721235071366,0.9354120267260578,117,2,Positive
LI_0143,3,LinkedIn,2025-03-09,04:27:34,Text,Mastering Content Marketing in under 10 minutes. Read our full step-by-step guide now! #DesignThinking #Coding #Leadership,#DesignThinking #Coding #Leadership,2929,4940,190,47,19,23,0,132,4,Sunday,6,1,2025-03,March,279,9.525435302150905,2.6720647773279356,0.6486855582109935,122,3,Positive
LI_0144,3,LinkedIn,2025-04-08,21:46:01,Video,Sunday motivation: Start your week with a fresh mindset on User Experience. #TechTrends #DataAnalytics #BusinessTips,#TechTrends #DataAnalytics #BusinessTips,14478,16735,869,74,64,238,10993,555,21,Tuesday,1,0,2025-04,April,1245,8.599254040613344,3.316402748730206,0.4420500069070314,116,3,Positive
LI_0145,3,LinkedIn,2025-01-14,14:59:21,Document/Carousel,Sunday motivation: Start your week with a fresh mindset on Content Marketing. #GrowthHacking #DataAnalytics,#GrowthHacking #DataAnalytics,2775,3809,83,17,7,3,0,135,14,Tuesday,1,0,2025-01,January,110,3.963963963963964,3.544237332633237,0.25225225225225223,107,2,Positive
LI_0146,3,LinkedIn,2025-01-18,02:57:36,Video,Mastering Customer Engagement in under 10 minutes. Read our full step-by-step guide now! #DataAnalytics #Leadership #StartupLife,#DataAnalytics #Leadership #StartupLife,7464,9282,456,71,15,10,5088,372,2,Saturday,5,1,2025-01,January,552,7.395498392282958,4.0077569489334195,0.20096463022508038,128,3,Positive
LI_0147,3,LinkedIn,2025-08-11,17:58:20,Image,Top 5 actionable strategies for AI Workflow in 2025. Save this post for later! #Coding #SocialMedia2025 #AI,#Coding #SocialMedia2025 #AI,6336,9534,396,72,12,6,0,332,17,Monday,0,0,2025-08,August,486,7.670454545454546,3.4822739668554648,0.1893939393939394,107,3,Positive
LI_0148,3,LinkedIn,2025-01-20,05:28:49,Text,Case study alert: How we boosted results by 350% using Python Automation. #BusinessTips,#BusinessTips,3340,3843,191,11,11,8,0,174,5,Monday,0,0,2025-01,January,221,6.616766467065868,4.5277127244340365,0.32934131736526945,87,1,Positive
LI_0149,3,LinkedIn,2025-06-18,11:00:31,Video,Top 5 actionable strategies for Data Analytics in 2025. Save this post for later! #GrowthHacking #DataAnalytics,#GrowthHacking #DataAnalytics,7838,11724,472,69,67,85,3940,291,11,Wednesday,2,0,2025-06,June,693,8.841541209492219,2.482088024564995,0.8548099004848175,111,2,Positive
LI_0150,3,LinkedIn,2025-12-26,03:08:45,Image,Top 5 actionable strategies for Content Marketing in 2025. Save this post for later! #DesignThinking #MachineLearning,#DesignThinking #MachineLearning,2452,4152,51,3,7,10,0,25,3,Friday,4,0,2025-12,December,71,2.895595432300163,0.6021194605009634,0.28548123980424145,117,2,Positive
LI_0151,3,LinkedIn,2025-02-15,10:32:02,Video,We are excited to announce our newest breakthrough in Cloud Scale. Check out the link below! #Productivity #StartupLife #DigitalMarketing #GrowthHacking,#Productivity #StartupLife #DigitalMarketing #GrowthHacking,10157,11706,769,71,58,197,5934,294,10,Saturday,5,1,2025-02,February,1095,10.780742345180663,2.511532547411584,0.5710347543566013,152,4,Positive
LI_0152,3,LinkedIn,2025-10-11,02:54:05,Text,Mastering Customer Engagement in under 10 minutes. Read our full step-by-step guide now! #StartupLife,#StartupLife,2677,3481,93,7,6,24,0,36,2,Saturday,5,1,2025-10,October,130,4.856182293612252,1.0341855788566505,0.22413149047441167,101,1,Positive
LI_0153,3,LinkedIn,2025-01-27,14:57:45,Text,Quick question for our community: How do you handle Social Media ROI in your daily workflow? #AI #BusinessTips #SocialMedia2025 #DigitalMarketing,#AI #BusinessTips #SocialMedia2025 #DigitalMarketing,6709,8204,398,78,54,4,0,279,14,Monday,0,0,2025-01,January,534,7.959457445222835,3.4007801072647488,0.8048889551348933,145,4,Neutral
LI_0154,3,LinkedIn,2025-12-29,16:59:10,Document/Carousel,Mastering User Experience in under 10 minutes. Read our full step-by-step guide now! #SocialMedia2025 #Coding #GrowthHacking,#SocialMedia2025 #Coding #GrowthHacking,3250,4872,250,23,6,29,0,128,16,Monday,0,0,2025-12,December,308,9.476923076923077,2.6272577996715927,0.1846153846153846,124,3,Positive
LI_0155,3,LinkedIn,2025-06-28,14:37:56,Article/Link,Why Cloud Scale matters more than ever for modern business growth. #Coding #MarketingStrategy #Productivity,#Coding #MarketingStrategy #Productivity,1045,1263,46,9,3,5,0,23,14,Saturday,5,1,2025-06,June,63,6.028708133971292,1.8210609659540775,0.28708133971291866,107,3,Positive
LI_0156,3,LinkedIn,2025-12-02,10:42:23,Article/Link,Mastering AI Workflow in under 10 minutes. Read our full step-by-step guide now! #TechTrends #Productivity,#General,3629,5061,111,6,12,15,0,182,10,Tuesday,1,0,2025-12,December,144,3.968035271424635,3.5961272475795294,0.3306696059520529,106,1,Positive
LI_0157,3,LinkedIn,2025-07-30,14:53:51,Image,We are excited to announce our newest breakthrough in Customer Engagement. Check out the link below! #Leadership,#Leadership,1077,1492,33,6,1,8,0,46,14,Wednesday,2,0,2025-07,July,48,4.456824512534819,3.0831099195710454,0.09285051067780872,112,1,Positive
LI_0158,3,LinkedIn,2025-03-31,20:14:44,Image,Case study alert: How we boosted results by 350% using Cloud Scale. #Leadership #GrowthHacking #MarketingStrategy,#Leadership #GrowthHacking #MarketingStrategy,10079,15256,381,19,12,84,0,380,20,Monday,0,0,2025-03,March,496,4.921123127294375,2.4908232826428947,0.11905943049905744,113,3,Positive
LI_0159,3,LinkedIn,2025-02-22,04:12:13,Article/Link,Why Data Analytics matters more than ever for modern business growth. #DataAnalytics #GrowthHacking #DesignThinking,#DataAnalytics #GrowthHacking #DesignThinking,938,1454,52,12,1,14,0,22,4,Saturday,5,1,2025-02,February,79,8.422174840085288,1.5130674002751032,0.10660980810234541,115,3,Positive
LI_0160,3,LinkedIn,2025-09-08,20:15:44,Document/Carousel,Case study alert: How we boosted results by 350% using Executive Leadership. #TechTrends #MarketingStrategy,#TechTrends #MarketingStrategy,2363,4079,61,6,8,17,0,52,20,Monday,0,0,2025-09,September,92,3.893355903512484,1.274822260357931,0.33855268726195514,107,2,Positive
LI_0161,3,LinkedIn,2025-09-19,03:28:51,Article/Link,Behind the scenes at our team workshop on Customer Engagement. Innovation starts here! #SocialMedia2025 #BusinessTips #DesignThinking #Leadership,#SocialMedia2025 #BusinessTips #DesignThinking #Leadership,2517,3738,76,13,8,21,0,53,3,Friday,4,0,2025-09,September,118,4.688120778704807,1.4178705189941143,0.31783869686134286,145,4,Positive
LI_0162,3,LinkedIn,2025-10-14,23:23:30,Image,We are excited to announce our newest breakthrough in Content Marketing. Check out the link below! #SocialMedia2025 #Innovation #DesignThinking #AI,#SocialMedia2025 #Innovation #DesignThinking #AI,5453,8367,405,56,57,110,0,278,23,Tuesday,1,0,2025-10,October,628,11.516596368971209,3.322576789769332,1.0452961672473868,147,4,Positive
LI_0163,3,LinkedIn,2025-06-19,20:07:03,Article/Link,Discover how Executive Leadership is transforming the industry! What are your thoughts? #Innovation #Coding #DigitalMarketing,#Innovation #Coding #DigitalMarketing,2060,3096,132,28,12,17,0,86,20,Thursday,3,0,2025-06,June,189,9.174757281553399,2.7777777777777777,0.5825242718446602,125,3,Positive
LI_0164,3,LinkedIn,2025-11-08,19:46:41,Text,Quick question for our community: How do you handle AI Workflow in your daily workflow? #BusinessTips,#BusinessTips,2127,3013,77,10,1,9,0,36,19,Saturday,5,1,2025-11,November,97,4.560413728255759,1.1948224361101891,0.04701457451810061,101,1,Neutral
LI_0165,3,LinkedIn,2025-10-14,02:30:58,Document/Carousel,Discover how Data Analytics is transforming the industry! What are your thoughts? #GrowthHacking #DataAnalytics,#GrowthHacking #DataAnalytics,2524,4053,143,11,14,17,0,59,2,Tuesday,1,0,2025-10,October,185,7.3296354992076065,1.4557118184061189,0.554675118858954,111,2,Positive
LI_0166,3,LinkedIn,2025-04-03,11:45:50,Image,We are excited to announce our newest breakthrough in Cloud Scale. Check out the link below! #StartupLife #MarketingStrategy #DataAnalytics,#StartupLife #MarketingStrategy #DataAnalytics,1663,2180,33,1,1,7,0,42,11,Thursday,3,0,2025-04,April,42,2.525556223692123,1.926605504587156,0.06013229104028864,139,3,Positive
LI_0167,3,LinkedIn,2025-07-23,21:51:29,Document/Carousel,Discover how Brand Strategy is transforming the industry! What are your thoughts? #Leadership #DigitalMarketing #Innovation,#Leadership #DigitalMarketing #Innovation,12147,18149,519,42,21,73,0,266,21,Wednesday,2,0,2025-07,July,655,5.392277928706676,1.465645490109648,0.1728821931341072,123,3,Positive
LI_0168,3,LinkedIn,2025-06-23,21:50:14,Video,Case study alert: How we boosted results by 350% using Content Marketing. #GrowthHacking,#GrowthHacking,3786,5189,86,4,10,15,2257,209,21,Monday,0,0,2025-06,June,115,3.0375066032752245,4.027751011755637,0.26413100898045433,88,1,Positive
LI_0169,3,LinkedIn,2025-02-20,17:40:18,Video,Discover how User Experience is transforming the industry! What are your thoughts? #Productivity #MarketingStrategy,#Productivity #MarketingStrategy,5038,7451,333,76,22,26,2458,152,17,Thursday,3,0,2025-02,February,457,9.07105994442239,2.039994631593075,0.43668122270742354,115,2,Positive
LI_0170,3,LinkedIn,2025-01-03,14:25:32,Video,Top 5 actionable strategies for Brand Strategy in 2025. Save this post for later! #DataAnalytics,#DataAnalytics,10545,15291,402,82,50,4,5015,325,14,Friday,4,0,2025-01,January,538,5.101944049312471,2.125433261395592,0.474158368895211,96,1,Positive
LI_0171,3,LinkedIn,2025-11-26,08:51:58,Document/Carousel,Discover how Content Marketing is transforming the industry! What are your thoughts? #Innovation #Leadership #AI #Coding,#Innovation #Leadership #AI #Coding,30513,45990,1235,86,48,313,0,879,8,Wednesday,2,0,2025-11,November,1682,5.512404548880805,1.9112850619699935,0.1573099990168125,120,4,Positive
LI_0172,3,LinkedIn,2025-09-21,13:24:55,Document/Carousel,Why Customer Engagement matters more than ever for modern business growth. #MachineLearning,#MachineLearning,9417,16281,316,33,38,69,0,554,13,Sunday,6,1,2025-09,September,456,4.842306467027716,3.4027393894723907,0.40352553891897636,91,1,Positive
LI_0173,3,LinkedIn,2025-11-30,22:50:50,Document/Carousel,Why AI Workflow matters more than ever for modern business growth. #GrowthHacking #BusinessTips #DigitalMarketing,#GrowthHacking #BusinessTips #DigitalMarketing,7840,11060,524,38,30,120,0,155,22,Sunday,6,1,2025-11,November,712,9.081632653061225,1.4014466546112114,0.3826530612244898,113,3,Positive
LI_0174,3,LinkedIn,2025-12-10,16:26:00,Text,Why Python Automation matters more than ever for modern business growth. #GrowthHacking #TechTrends #Coding #MarketingStrategy,#GrowthHacking #TechTrends #Coding #MarketingStrategy,3385,3882,73,12,6,18,0,143,16,Wednesday,2,0,2025-12,December,109,3.2200886262924664,3.683668212261721,0.1772525849335303,126,4,Positive
LI_0175,3,LinkedIn,2025-11-16,02:10:47,Video,Why AI Workflow matters more than ever for modern business growth. #BusinessTips,#BusinessTips,7687,10832,331,71,33,22,4020,134,2,Sunday,6,1,2025-11,November,457,5.945102120463119,1.2370753323485968,0.42929621438792764,80,1,Positive
LI_0176,3,LinkedIn,2025-03-21,02:36:26,Text,Mastering Cloud Scale in under 10 minutes. Read our full step-by-step guide now! #StartupLife #SocialMedia2025 #GrowthHacking,#StartupLife #SocialMedia2025 #GrowthHacking,2368,2742,167,28,7,3,0,134,2,Friday,4,0,2025-03,March,205,8.657094594594595,4.886943836615609,0.2956081081081081,125,3,Positive
LI_0177,3,LinkedIn,2025-05-06,20:44:44,Document/Carousel,Top 5 actionable strategies for Social Media ROI in 2025. Save this post for later! #MachineLearning #Coding,#MachineLearning #Coding,4765,6390,283,42,19,53,0,77,20,Tuesday,1,0,2025-05,May,397,8.33158447009444,1.2050078247261347,0.39874081846799586,108,2,Positive
LI_0178,3,LinkedIn,2025-02-22,17:52:21,Video,Unpopular opinion about Executive Leadership: Most teams are doing it wrong. Here is why... #GrowthHacking #Innovation #AI #Coding,#GrowthHacking #Innovation #AI #Coding,2435,2839,162,29,3,19,1403,109,17,Saturday,5,1,2025-02,February,213,8.747433264887064,3.8393800634026065,0.12320328542094457,130,4,Neutral
LI_0179,3,LinkedIn,2025-04-23,13:25:39,Video,Quick question for our community: How do you handle Executive Leadership in your daily workflow? #DigitalMarketing #GrowthHacking,#DigitalMarketing #GrowthHacking,13893,17702,1069,131,75,299,8237,464,13,Wednesday,2,0,2025-04,April,1574,11.329446483840783,2.6211727488419387,0.5398402072986396,129,2,Positive
LI_0180,3,LinkedIn,2025-10-29,15:30:18,Article/Link,Discover how User Experience is transforming the industry! What are your thoughts? #MachineLearning #GrowthHacking #AI,#MachineLearning #GrowthHacking #AI,2505,3307,194,32,28,25,0,73,15,Wednesday,2,0,2025-10,October,279,11.137724550898204,2.207438766253402,1.1177644710578842,118,3,Positive
LI_0181,3,LinkedIn,2025-11-12,01:58:28,Video,Unpopular opinion about Executive Leadership: Most teams are doing it wrong. Here is why... #MachineLearning #Leadership #MarketingStrategy #Innovation,#MachineLearning #Leadership #MarketingStrategy #Innovation,7904,12090,435,40,47,38,3708,130,1,Wednesday,2,0,2025-11,November,560,7.08502024291498,1.0752688172043012,0.5946356275303644,151,4,Negative
LI_0182,3,LinkedIn,2025-07-10,00:09:32,Video,Discover how Customer Engagement is transforming the industry! What are your thoughts? #Leadership #SocialMedia2025 #MachineLearning #DesignThinking,#Leadership #SocialMedia2025 #MachineLearning #DesignThinking,4432,6403,239,52,9,10,2924,199,0,Thursday,3,0,2025-07,July,310,6.994584837545126,3.1079181633609245,0.2030685920577617,148,4,Positive
LI_0183,3,LinkedIn,2025-11-09,19:17:08,Article/Link,Unpopular opinion about Executive Leadership: Most teams are doing it wrong. Here is why... #DesignThinking #DataAnalytics,#DesignThinking #DataAnalytics,4457,5389,104,17,11,10,0,204,19,Sunday,6,1,2025-11,November,142,3.1859995512676687,3.7854889589905363,0.24680278214045323,122,2,Negative
LI_0184,3,LinkedIn,2025-01-07,14:23:49,Video,We are excited to announce our newest breakthrough in Social Media ROI. Check out the link below! #DataAnalytics #TechTrends #AI #DesignThinking,#DataAnalytics #TechTrends #AI #DesignThinking,14160,15844,1089,65,147,224,7732,791,14,Tuesday,1,0,2025-01,January,1525,10.769774011299434,4.99242615501136,1.0381355932203389,144,4,Positive
LI_0185,3,LinkedIn,2025-10-06,07:24:38,Video,Case study alert: How we boosted results by 350% using Python Automation. #StartupLife #Innovation #BusinessTips #TechTrends,#StartupLife #Innovation #BusinessTips #TechTrends,10579,15637,468,91,48,99,6247,556,7,Monday,0,0,2025-10,October,706,6.6735986388127415,3.5556692460190575,0.45372908592494565,124,4,Positive
LI_0186,3,LinkedIn,2025-08-11,21:49:23,Document/Carousel,Top 5 actionable strategies for Brand Strategy in 2025. Save this post for later! #DigitalMarketing #Innovation #MachineLearning #TechTrends,#DigitalMarketing #Innovation #MachineLearning #TechTrends,3298,5062,250,14,20,15,0,41,21,Monday,0,0,2025-08,August,299,9.066100667070952,0.8099565389174239,0.6064281382656156,140,4,Positive
LI_0187,3,LinkedIn,2025-02-25,12:04:49,Image,Discover how Executive Leadership is transforming the industry! What are your thoughts? #DesignThinking #SocialMedia2025 #MachineLearning,#DesignThinking #SocialMedia2025 #MachineLearning,1450,2560,92,15,10,20,0,35,12,Tuesday,1,0,2025-02,February,137,9.448275862068964,1.3671875,0.6896551724137931,137,3,Positive
LI_0188,3,LinkedIn,2025-05-04,02:19:32,Text,Quick question for our community: How do you handle Cloud Scale in your daily workflow? #AI #StartupLife #DataAnalytics,#AI #StartupLife #DataAnalytics,2898,3396,147,13,8,15,0,102,2,Sunday,6,1,2025-05,May,183,6.3146997929606625,3.0035335689045937,0.27605244996549344,119,3,Neutral
LI_0189,3,LinkedIn,2025-07-26,18:47:55,Text,Behind the scenes at our team workshop on Customer Engagement. Innovation starts here! #AI #Leadership #Productivity #SocialMedia2025,#AI #Leadership #Productivity #SocialMedia2025,6490,9902,190,27,26,7,0,356,18,Saturday,5,1,2025-07,July,250,3.8520801232665636,3.595233286204807,0.40061633281972264,133,4,Positive
LI_0190,3,LinkedIn,2025-09-05,03:44:38,Image,Top 5 actionable strategies for Brand Strategy in 2025. Save this post for later! #BusinessTips #DesignThinking #SocialMedia2025 #Coding,#BusinessTips #DesignThinking #SocialMedia2025 #Coding,3979,6679,171,20,19,27,0,171,3,Friday,4,0,2025-09,September,237,5.9562704197034435,2.5602635125018716,0.4775069112842423,136,4,Positive
LI_0191,3,LinkedIn,2025-06-14,01:01:21,Document/Carousel,Case study alert: How we boosted results by 350% using Content Marketing. #DataAnalytics #DigitalMarketing #GrowthHacking,#DataAnalytics #DigitalMarketing #GrowthHacking,3791,5038,236,37,12,67,0,225,1,Saturday,5,1,2025-06,June,352,9.285149037193353,4.466057959507741,0.3165391717225006,121,3,Positive
LI_0192,3,LinkedIn,2025-03-25,10:16:40,Text,Why Social Media ROI matters more than ever for modern business growth. #Leadership,#Leadership,600,946,31,3,2,5,0,24,10,Tuesday,1,0,2025-03,March,41,6.833333333333333,2.536997885835095,0.33333333333333337,83,1,Positive
LI_0193,3,LinkedIn,2025-01-04,05:31:13,Article/Link,Why Content Marketing matters more than ever for modern business growth. #Coding #Productivity,#Coding #Productivity,2942,4121,157,28,8,4,0,83,5,Saturday,5,1,2025-01,January,197,6.696125084976207,2.014074253821888,0.27192386131883073,94,2,Positive
LI_0194,3,LinkedIn,2025-09-23,13:29:37,Text,Case study alert: How we boosted results by 350% using AI Workflow. #TechTrends #DesignThinking,#TechTrends #DesignThinking,1823,3173,94,15,7,25,0,95,13,Tuesday,1,0,2025-09,September,141,7.734503565551289,2.9940119760479043,0.38398244651673064,95,2,Positive
LI_0195,3,LinkedIn,2025-03-27,17:36:50,Text,No Caption Provided,#AI,1672,2650,81,12,5,0,0,67,17,Thursday,3,0,2025-03,March,98,5.861244019138756,2.5283018867924527,0.29904306220095694,19,1,Neutral
LI_0196,3,LinkedIn,2025-01-25,05:09:14,Article/Link,Behind the scenes at our team workshop on Social Media ROI. Innovation starts here! #DigitalMarketing #StartupLife,#DigitalMarketing #StartupLife,3400,6035,139,25,18,29,0,109,5,Saturday,5,1,2025-01,January,211,6.205882352941177,1.8061309030654515,0.5294117647058824,114,2,Positive
LI_0197,3,LinkedIn,2025-12-31,15:33:13,Document/Carousel,Sunday motivation: Start your week with a fresh mindset on User Experience. #AI #BusinessTips #GrowthHacking #MachineLearning,#AI #BusinessTips #GrowthHacking #MachineLearning,7295,10080,345,37,34,75,0,210,15,Wednesday,2,0,2025-12,December,491,6.730637422892392,2.083333333333333,0.46607265250171354,125,4,Positive
LI_0198,3,LinkedIn,2025-01-09,00:38:09,Article/Link,Behind the scenes at our team workshop on Social Media ROI. Innovation starts here! #Coding #Productivity,#Coding #Productivity,3733,5098,234,20,18,15,0,166,0,Thursday,3,0,2025-01,January,287,7.688186445218323,3.2561788936837974,0.4821859094562015,105,2,Positive
LI_0199,3,LinkedIn,2025-05-13,08:52:45,Image,Behind the scenes at our team workshop on Executive Leadership. Innovation starts here! #GrowthHacking,#GrowthHacking,2066,2345,55,8,5,2,0,114,8,Tuesday,1,0,2025-05,May,70,3.3881897386253628,4.861407249466951,0.24201355275895448,102,1,Positive
LI_0200,3,LinkedIn,2025-02-05,14:27:11,Video,Case study alert: How we boosted results by 350% using Python Automation. #TechTrends,#TechTrends,7748,11562,488,89,63,133,5415,412,14,Wednesday,2,0,2025-02,February,773,9.976768198244708,3.563397336101021,0.813113061435209,85,1,Positive
LI_0201,3,LinkedIn,2025-09-17,18:13:07,Article/Link,We are excited to announce our newest breakthrough in Executive Leadership. Check out the link below! #Innovation,#Innovation,3606,5158,91,9,4,24,0,127,18,Wednesday,2,0,2025-09,September,128,3.5496394897393237,2.462194649088794,0.11092623405435387,113,1,Positive
LI_0202,3,LinkedIn,2025-12-14,08:44:25,Image,We are excited to announce our newest breakthrough in Content Marketing. Check out the link below! #Leadership,#Leadership,3025,4100,201,15,14,21,0,160,8,Sunday,6,1,2025-12,December,251,8.297520661157025,3.902439024390244,0.4628099173553719,110,1,Positive
LI_0203,3,LinkedIn,2025-12-09,04:40:47,Image,Mastering Data Analytics in under 10 minutes. Read our full step-by-step guide now! #TechTrends #SocialMedia2025,#TechTrends #SocialMedia2025,1151,1803,49,2,1,0,0,55,4,Tuesday,1,0,2025-12,December,52,4.5178105994787146,3.050471436494731,0.08688097306689835,112,2,Positive
LI_0204,3,LinkedIn,2025-02-28,14:35:13,Video,Mastering Data Analytics in under 10 minutes. Read our full step-by-step guide now! #DataAnalytics #GrowthHacking,#DataAnalytics #GrowthHacking,15432,21095,968,209,44,13,13171,198,14,Friday,4,0,2025-02,February,1234,7.996371176775531,0.9386110452713913,0.2851218247796786,113,2,Positive
LI_0205,3,LinkedIn,2025-10-29,08:32:55,Text,Discover how Cloud Scale is transforming the industry! What are your thoughts? #MachineLearning,#MachineLearning,1636,2743,127,10,13,36,0,43,8,Wednesday,2,0,2025-10,October,186,11.36919315403423,1.5676266861100983,0.7946210268948656,95,1,Positive
LI_0206,3,LinkedIn,2025-11-04,06:32:35,Image,Unpopular opinion about User Experience: Most teams are doing it wrong. Here is why... #TechTrends #DigitalMarketing,#TechTrends #DigitalMarketing,3080,3578,203,26,18,39,0,109,6,Tuesday,1,0,2025-11,November,286,9.285714285714286,3.0463946338736725,0.5844155844155844,116,2,Negative
LI_0207,3,LinkedIn,2025-11-22,15:37:21,Article/Link,Behind the scenes at our team workshop on User Experience. Innovation starts here! #DesignThinking #Leadership #MachineLearning,#DesignThinking #Leadership #MachineLearning,3258,5572,243,22,36,63,0,46,15,Saturday,5,1,2025-11,November,364,11.172498465316146,0.8255563531945441,1.1049723756906076,127,3,Positive
LI_0208,3,LinkedIn,2025-12-12,08:54:08,Document/Carousel,Sunday motivation: Start your week with a fresh mindset on Python Automation. #Coding #DataAnalytics #Innovation #Leadership,#Coding #DataAnalytics #Innovation #Leadership,9004,10501,495,37,29,100,0,363,8,Friday,4,0,2025-12,December,661,7.341181697023545,3.4568136367964954,0.32207907596623725,124,4,Positive
LI_0209,3,LinkedIn,2025-11-28,01:02:52,Image,Case study alert: How we boosted results by 350% using Python Automation. #BusinessTips #Leadership #MachineLearning #AI,#BusinessTips #Leadership #MachineLearning #AI,2969,5132,176,27,25,22,0,64,1,Friday,4,0,2025-11,November,250,8.420343550016842,1.2470771628994544,0.8420343550016841,120,4,Positive
LI_0210,3,LinkedIn,2025-01-13,03:11:45,Text,We are excited to announce our newest breakthrough in Social Media ROI. Check out the link below! #Coding #BusinessTips #MarketingStrategy #Innovation,#Coding #BusinessTips #MarketingStrategy #Innovation,2112,2979,147,22,13,30,0,68,3,Monday,0,0,2025-01,January,212,10.037878787878787,2.282645182947298,0.615530303030303,150,4,Positive
LI_0211,3,LinkedIn,2025-06-16,06:09:12,Document/Carousel,Behind the scenes at our team workshop on Cloud Scale. Innovation starts here! #Leadership,#Leadership,2916,3856,152,11,9,22,0,96,6,Monday,0,0,2025-06,June,194,6.652949245541838,2.4896265560165975,0.30864197530864196,90,1,Positive
LI_0212,3,LinkedIn,2025-07-14,10:47:27,Video,Quick question for our community: How do you handle Cloud Scale in your daily workflow? #MachineLearning #SocialMedia2025 #TechTrends,#MachineLearning #SocialMedia2025 #TechTrends,1784,2849,135,10,10,36,1409,47,10,Monday,0,0,2025-07,July,191,10.70627802690583,1.6497016497016497,0.5605381165919282,133,3,Neutral
LI_0213,3,LinkedIn,2025-03-13,21:29:22,Article/Link,No Caption Provided,#DesignThinking #AI #SocialMedia2025,4018,6786,154,20,4,30,0,195,21,Thursday,3,0,2025-03,March,208,5.176704828272773,2.8735632183908044,0.09955201592832255,19,3,Neutral
LI_0214,3,LinkedIn,2025-11-01,23:15:02,Text,Unpopular opinion about Cloud Scale: Most teams are doing it wrong. Here is why... #GrowthHacking #StartupLife #Leadership #TechTrends,#GrowthHacking #StartupLife #Leadership #TechTrends,3441,5205,72,5,9,7,0,36,23,Saturday,5,1,2025-11,November,93,2.7027027027027026,0.69164265129683,0.26155187445510025,134,4,Negative
LI_0215,3,LinkedIn,2025-09-10,10:01:15,Image,Unpopular opinion about Python Automation: Most teams are doing it wrong. Here is why... #MarketingStrategy #Coding #Productivity,#MarketingStrategy #Coding #Productivity,3027,3776,82,13,5,21,0,32,10,Wednesday,2,0,2025-09,September,121,3.9973571192599935,0.847457627118644,0.16518004625041297,129,3,Negative
LI_0216,3,LinkedIn,2025-03-11,09:31:38,Text,Sunday motivation: Start your week with a fresh mindset on Python Automation. #DigitalMarketing #MachineLearning,#DigitalMarketing #MachineLearning,1362,2399,87,9,2,21,0,47,9,Tuesday,1,0,2025-03,March,119,8.737151248164464,1.9591496456857025,0.14684287812041116,112,2,Positive
LI_0217,3,LinkedIn,2025-05-22,11:06:26,Document/Carousel,Discover how Brand Strategy is transforming the industry! What are your thoughts? #StartupLife #DesignThinking #Leadership #DigitalMarketing,#StartupLife #DesignThinking #Leadership #DigitalMarketing,5402,7806,175,31,9,20,0,122,11,Thursday,3,0,2025-05,May,235,4.350240651610514,1.56290033307712,0.16660496112550907,140,4,Positive
LI_0218,3,LinkedIn,2025-10-09,19:31:54,Text,Behind the scenes at our team workshop on Brand Strategy. Innovation starts here! #StartupLife #MachineLearning,#StartupLife #MachineLearning,5429,8106,387,70,54,77,0,310,19,Thursday,3,0,2025-10,October,588,10.830723890219193,3.82432765852455,0.9946583164487014,111,2,Positive
LI_0219,3,LinkedIn,2025-04-21,15:48:28,Article/Link,Why Cloud Scale matters more than ever for modern business growth. #DataAnalytics #MarketingStrategy #TechTrends,#DataAnalytics #MarketingStrategy #TechTrends,2162,2385,109,18,5,25,0,91,15,Monday,0,0,2025-04,April,157,7.261794634597594,3.815513626834382,0.23126734505087881,112,3,Positive
LI_0220,3,LinkedIn,2025-11-29,09:10:06,Text,Quick question for our community: How do you handle User Experience in your daily workflow? #Productivity #SocialMedia2025 #TechTrends,#Productivity #SocialMedia2025 #TechTrends,3247,4266,220,26,25,40,0,118,9,Saturday,5,1,2025-11,November,311,9.578072066522944,2.766057196436943,0.769941484447182,134,3,Neutral
LI_0221,3,LinkedIn,2025-01-27,16:40:15,Video,Why User Experience matters more than ever for modern business growth. #Innovation #TechTrends,#General,9970,14386,284,69,17,55,8584,432,16,Monday,0,0,2025-01,January,425,4.262788365095286,3.0029195050743778,0.17051153460381144,94,1,Positive
LI_0222,3,LinkedIn,2025-01-15,02:18:34,Article/Link,We are excited to announce our newest breakthrough in Cloud Scale. Check out the link below! #AI #GrowthHacking #TechTrends,#AI #GrowthHacking #TechTrends,2541,3328,103,18,14,3,0,52,2,Wednesday,2,0,2025-01,January,138,5.430932703659976,1.5625,0.5509641873278237,123,3,Positive
LI_0223,3,LinkedIn,2025-11-02,09:38:30,Video,Unpopular opinion about Content Marketing: Most teams are doing it wrong. Here is why... #Innovation #Productivity #DesignThinking #GrowthHacking,#Innovation #Productivity #DesignThinking #GrowthHacking,8093,14032,216,21,14,3,7258,148,9,Sunday,6,1,2025-11,November,254,3.1385147658470283,1.0547320410490308,0.1729890028419622,145,4,Neutral
LI_0224,3,LinkedIn,2025-03-18,20:04:27,Text,Case study alert: How we boosted results by 350% using Social Media ROI. #AI #MachineLearning #TechTrends,#AI #MachineLearning #TechTrends,2023,2497,127,15,7,36,0,46,20,Tuesday,1,0,2025-03,March,185,9.144834404349975,1.84221065278334,0.34602076124567477,105,3,Positive
LI_0225,3,LinkedIn,2025-11-17,02:56:33,Article/Link,Behind the scenes at our team workshop on AI Workflow. Innovation starts here! #Leadership,#Leadership,1594,2596,52,7,1,12,0,26,2,Monday,0,0,2025-11,November,72,4.51693851944793,1.0015408320493067,0.06273525721455457,90,1,Positive
LI_0226,3,LinkedIn,2025-04-13,09:00:33,Text,Quick question for our community: How do you handle AI Workflow in your daily workflow? #Productivity #AI,#Productivity #AI,1888,2636,119,26,4,15,0,102,9,Sunday,6,1,2025-04,April,164,8.686440677966102,3.8694992412746583,0.211864406779661,105,2,Neutral
LI_0227,3,LinkedIn,2025-09-27,04:18:55,Text,Sunday motivation: Start your week with a fresh mindset on Python Automation. #TechTrends #Innovation,#TechTrends #Innovation,2080,2628,116,15,2,29,0,116,4,Saturday,5,1,2025-09,September,162,7.788461538461538,4.41400304414003,0.09615384615384616,101,2,Positive
LI_0228,3,LinkedIn,2025-09-10,02:09:34,Image,We are excited to announce our newest breakthrough in Brand Strategy. Check out the link below! #Coding #Productivity,#Coding #Productivity,4753,6621,159,33,22,45,0,98,2,Wednesday,2,0,2025-09,September,259,5.44918998527246,1.4801389518199668,0.4628655585945719,117,2,Positive
LI_0229,3,LinkedIn,2025-10-12,19:19:05,Article/Link,Behind the scenes at our team workshop on Cloud Scale. Innovation starts here! #Productivity #AI #StartupLife,#Productivity #AI #StartupLife,890,1209,61,7,4,15,0,15,19,Sunday,6,1,2025-10,October,87,9.775280898876403,1.240694789081886,0.44943820224719105,109,3,Positive
LI_0230,3,LinkedIn,2025-05-11,04:49:28,Article/Link,Top 5 actionable strategies for Executive Leadership in 2025. Save this post for later! #Leadership #MarketingStrategy #Innovation #DesignThinking,#Leadership #MarketingStrategy #Innovation #DesignThinking,1504,2276,97,17,4,3,0,79,4,Sunday,6,1,2025-05,May,121,8.045212765957446,3.471001757469244,0.26595744680851063,146,4,Positive
LI_0231,3,LinkedIn,2025-11-11,13:33:45,Image,Why Data Analytics matters more than ever for modern business growth. #StartupLife #Innovation,#StartupLife #Innovation,7160,8413,149,11,14,42,0,406,13,Tuesday,1,0,2025-11,November,216,3.016759776536313,4.825864733151076,0.19553072625698326,94,2,Positive
LI_0232,3,LinkedIn,2025-06-23,02:20:18,Video,Mastering Social Media ROI in under 10 minutes. Read our full step-by-step guide now! #Productivity,#Productivity,7051,11426,450,66,56,24,3165,264,2,Monday,0,0,2025-06,June,596,8.452701744433414,2.3105198669700684,0.7942135867252872,99,1,Positive
LI_0233,3,LinkedIn,2025-08-15,07:55:51,Text,Discover how Executive Leadership is transforming the industry! What are your thoughts? #DesignThinking,#DesignThinking,2628,4146,129,17,7,33,0,123,7,Friday,4,0,2025-08,August,186,7.077625570776255,2.9667149059334297,0.2663622526636225,103,1,Positive
LI_0234,3,LinkedIn,2025-01-29,09:15:31,Image,Mastering Data Analytics in under 10 minutes. Read our full step-by-step guide now! #TechTrends #MarketingStrategy,#TechTrends #MarketingStrategy,3684,5497,196,11,9,55,0,154,9,Wednesday,2,0,2025-01,January,271,7.35613463626493,2.801528106239767,0.24429967426710095,114,2,Positive
LI_0235,3,LinkedIn,2025-07-24,16:28:41,Image,Discover how Content Marketing is transforming the industry! What are your thoughts? #DigitalMarketing,#DigitalMarketing,4840,6020,215,40,23,20,0,65,16,Thursday,3,0,2025-07,July,298,6.1570247933884295,1.0797342192691028,0.4752066115702479,102,1,Positive
LI_0236,3,LinkedIn,2025-10-05,18:23:09,Image,Top 5 actionable strategies for Content Marketing in 2025. Save this post for later! #Leadership #MarketingStrategy,#Leadership #MarketingStrategy,7815,9144,270,33,8,27,0,136,18,Sunday,6,1,2025-10,October,338,4.325015994881638,1.4873140857392826,0.10236724248240564,115,2,Positive
LI_0237,3,LinkedIn,2025-07-05,08:35:39,Document/Carousel,Mastering Content Marketing in under 10 minutes. Read our full step-by-step guide now! #Coding,#Coding,6896,10661,229,49,11,39,0,299,8,Saturday,5,1,2025-07,July,328,4.756380510440835,2.804614951693087,0.15951276102088166,94,1,Positive
LI_0238,3,LinkedIn,2025-05-06,13:50:56,Text,No Caption Provided,#StartupLife #Leadership #BusinessTips,930,1253,23,4,0,0,0,31,13,Tuesday,1,0,2025-05,May,27,2.903225806451613,2.4740622505985637,0.0,19,3,Neutral
LI_0239,3,LinkedIn,2025-10-15,13:17:45,Image,Why Cloud Scale matters more than ever for modern business growth. #AI #MarketingStrategy #DataAnalytics,#AI #MarketingStrategy #DataAnalytics,84219,144646,4636,306,252,910,0,2365,13,Wednesday,2,0,2025-10,October,6104,7.24777069307401,1.6350262018998105,0.2992198909984683,104,3,Positive
LI_0240,3,LinkedIn,2025-11-12,14:23:49,Text,Why AI Workflow matters more than ever for modern business growth. #Leadership #BusinessTips,#Leadership #BusinessTips,3328,5371,228,42,24,35,0,158,14,Wednesday,2,0,2025-11,November,329,9.885817307692307,2.941724073729287,0.7211538461538461,92,2,Positive
LI_0241,3,LinkedIn,2025-02-24,04:53:45,Text,Quick question for our community: How do you handle Executive Leadership in your daily workflow? #TechTrends #GrowthHacking,#TechTrends #GrowthHacking,2215,2739,156,24,18,38,0,27,4,Monday,0,0,2025-02,February,236,10.654627539503386,0.9857612267250823,0.8126410835214447,123,2,Positive
LI_0242,3,LinkedIn,2025-05-28,13:51:49,Article/Link,Mastering Customer Engagement in under 10 minutes. Read our full step-by-step guide now! #Coding #BusinessTips #MarketingStrategy #Leadership,#Coding #BusinessTips #MarketingStrategy #Leadership,1743,2279,105,6,8,24,0,77,13,Wednesday,2,0,2025-05,May,143,8.204245553643144,3.378674857393594,0.45897877223178424,141,4,Positive
LI_0243,3,LinkedIn,2025-06-01,18:37:04,Document/Carousel,Discover how Python Automation is transforming the industry! What are your thoughts? #DataAnalytics #BusinessTips #DigitalMarketing #Leadership,#DataAnalytics #BusinessTips #DigitalMarketing #Leadership,6418,8753,504,64,43,75,0,71,18,Sunday,6,1,2025-06,June,686,10.6886880648177,0.8111504626985033,0.6699906512932378,143,4,Positive
LI_0244,3,LinkedIn,2025-01-02,01:01:50,Video,Unpopular opinion about Executive Leadership: Most teams are doing it wrong. Here is why... #BusinessTips #MachineLearning,#BusinessTips #MachineLearning,1845,2474,144,28,5,41,1649,73,1,Thursday,3,0,2025-01,January,218,11.815718157181571,2.950687146321746,0.27100271002710025,122,2,Negative
LI_0245,3,LinkedIn,2025-07-16,12:00:31,Article/Link,Behind the scenes at our team workshop on AI Workflow. Innovation starts here! #Coding,#Coding,4519,7139,247,16,19,11,0,80,12,Wednesday,2,0,2025-07,July,293,6.48373533967692,1.120605126768455,0.42044700154901526,86,1,Positive
LI_0246,3,LinkedIn,2025-10-02,04:09:30,Document/Carousel,Why Python Automation matters more than ever for modern business growth. #Productivity,#Productivity,4621,7065,311,60,32,78,0,156,4,Thursday,3,0,2025-10,October,481,10.409002380437135,2.208067940552017,0.6924908028565245,86,1,Positive
LI_0247,3,LinkedIn,2025-01-30,11:29:42,Video,Mastering AI Workflow in under 10 minutes. Read our full step-by-step guide now! #AI #Coding #DigitalMarketing #SocialMedia2025,#AI #Coding #DigitalMarketing #SocialMedia2025,10681,14410,686,110,61,27,9295,623,11,Thursday,3,0,2025-01,January,884,8.276378616234435,4.323386537126995,0.5711075741971726,127,4,Positive
LI_0248,3,LinkedIn,2025-12-17,11:24:35,Video,Sunday motivation: Start your week with a fresh mindset on AI Workflow. #DataAnalytics #Productivity #AI #MarketingStrategy,#DataAnalytics #Productivity #AI #MarketingStrategy,10363,17440,486,41,64,63,6313,261,11,Wednesday,2,0,2025-12,December,654,6.3109138280420725,1.496559633027523,0.6175817813374506,123,4,Positive
LI_0249,3,LinkedIn,2025-02-06,03:13:43,Video,Case study alert: How we boosted results by 350% using Cloud Scale. #BusinessTips,#BusinessTips,2700,3059,177,31,3,5,2417,73,3,Thursday,3,0,2025-02,February,216,8.0,2.386400784570121,0.1111111111111111,81,1,Positive
LI_0250,3,LinkedIn,2025-04-24,07:04:49,Image,Sunday motivation: Start your week with a fresh mindset on Content Marketing. #Leadership,#Leadership,2569,3866,167,9,18,42,0,56,7,Thursday,3,0,2025-04,April,236,9.186453873102375,1.4485256078634248,0.7006617360840794,89,1,Positive
LI_0251,3,LinkedIn,2025-07-10,18:46:58,Document/Carousel,Sunday motivation: Start your week with a fresh mindset on Content Marketing. #MachineLearning #BusinessTips #DataAnalytics,#MachineLearning #BusinessTips #DataAnalytics,8472,14246,247,54,37,18,0,352,18,Thursday,3,0,2025-07,July,356,4.202077431539188,2.4708690158641025,0.43673276676109535,123,3,Positive
LI_0252,3,LinkedIn,2025-06-25,03:51:12,Article/Link,Top 5 actionable strategies for AI Workflow in 2025. Save this post for later! #GrowthHacking #SocialMedia2025,#GrowthHacking #SocialMedia2025,3246,5622,226,48,30,61,0,179,3,Wednesday,2,0,2025-06,June,365,11.24460874922982,3.183920313055852,0.9242144177449169,110,2,Positive
LI_0253,3,LinkedIn,2025-04-07,14:46:31,Image,Quick question for our community: How do you handle Cloud Scale in your daily workflow? #DataAnalytics #Innovation #Productivity #DigitalMarketing,#General,8490,13637,452,51,14,55,0,414,14,Monday,0,0,2025-04,April,572,6.737338044758539,3.0358583266114247,0.16489988221436985,146,1,Positive
LI_0254,3,LinkedIn,2025-08-29,21:45:56,Article/Link,Sunday motivation: Start your week with a fresh mindset on User Experience. #StartupLife,#StartupLife,4089,5535,275,43,10,24,0,190,21,Friday,4,0,2025-08,August,352,8.608461726583517,3.4327009936766033,0.2445585717779408,88,1,Positive
LI_0255,3,LinkedIn,2025-04-01,03:55:04,Video,Mastering Brand Strategy in under 10 minutes. Read our full step-by-step guide now! #BusinessTips,#BusinessTips,1726,2147,134,19,18,18,1103,29,3,Tuesday,1,0,2025-04,April,189,10.950173812282735,1.3507219375873312,1.0428736964078795,97,1,Positive
LI_0256,3,LinkedIn,2025-01-06,06:33:46,Video,Case study alert: How we boosted results by 350% using Social Media ROI. #AI #MachineLearning #Innovation,#AI #MachineLearning #Innovation,9239,11647,633,83,87,40,4779,236,6,Monday,0,0,2025-01,January,843,9.12436410866977,2.0262728599639392,0.9416603528520402,105,3,Positive
LI_0257,3,LinkedIn,2025-11-29,11:17:12,Video,Discover how Customer Engagement is transforming the industry! What are your thoughts? #MarketingStrategy #StartupLife #Productivity,#MarketingStrategy #StartupLife #Productivity,3796,6323,247,12,24,33,2184,207,11,Saturday,5,1,2025-11,November,316,8.324552160168599,3.273762454531077,0.6322444678609063,132,3,Positive
LI_0258,3,LinkedIn,2025-12-03,02:22:16,Text,Sunday motivation: Start your week with a fresh mindset on Customer Engagement. #Innovation,#Innovation,1633,2198,93,16,2,6,0,19,2,Wednesday,2,0,2025-12,December,117,7.164727495407226,0.8644222020018199,0.1224739742804654,91,1,Positive
LI_0259,3,LinkedIn,2025-06-16,03:23:54,Document/Carousel,Top 5 actionable strategies for Data Analytics in 2025. Save this post for later! #BusinessTips #Productivity,#BusinessTips #Productivity,7707,8858,451,51,27,39,0,365,3,Monday,0,0,2025-06,June,568,7.369923446217724,4.120568977195755,0.3503308680420397,109,2,Positive
LI_0260,3,LinkedIn,2025-03-31,08:48:21,Text,Sunday motivation: Start your week with a fresh mindset on Python Automation. #Innovation #MarketingStrategy #DesignThinking #Productivity,#Innovation #MarketingStrategy #DesignThinking #Productivity,1332,1822,72,4,2,17,0,65,8,Monday,0,0,2025-03,March,95,7.132132132132132,3.5675082327113063,0.15015015015015015,138,4,Positive
LI_0261,3,LinkedIn,2025-04-29,11:07:28,Video,Mastering Customer Engagement in under 10 minutes. Read our full step-by-step guide now! #BusinessTips,#BusinessTips,6060,7462,270,24,15,43,4255,349,11,Tuesday,1,0,2025-04,April,352,5.808580858085809,4.677030286786384,0.24752475247524752,102,1,Positive
LI_0262,3,LinkedIn,2025-09-27,13:52:51,Document/Carousel,Mastering Customer Engagement in under 10 minutes. Read our full step-by-step guide now! #SocialMedia2025,#SocialMedia2025,6080,7913,225,43,9,63,0,347,13,Saturday,5,1,2025-09,September,340,5.592105263157895,4.3851889296095035,0.1480263157894737,105,1,Positive
LI_0263,3,LinkedIn,2025-04-15,12:22:47,Image,Case study alert: How we boosted results by 350% using User Experience. #MarketingStrategy #DesignThinking #SocialMedia2025,#MarketingStrategy #DesignThinking #SocialMedia2025,9977,15226,725,169,94,189,0,223,12,Tuesday,1,0,2025-04,April,1177,11.797133406835721,1.4646000262708525,0.9421669840633458,123,3,Positive
LI_0264,3,LinkedIn,2025-08-05,10:19:03,Article/Link,Why User Experience matters more than ever for modern business growth. #Productivity,#Productivity,530,752,36,5,0,8,0,26,10,Tuesday,1,0,2025-08,August,49,9.245283018867925,3.4574468085106385,0.0,84,1,Positive
LI_0265,3,LinkedIn,2025-08-22,07:43:42,Article/Link,No Caption Provided,#StartupLife #BusinessTips #SocialMedia2025 #Productivity,2211,3328,104,13,3,22,0,116,7,Friday,4,0,2025-08,August,142,6.42243328810493,3.4855769230769234,0.13568521031207598,19,4,Neutral
LI_0266,3,LinkedIn,2025-10-27,01:52:28,Article/Link,Unpopular opinion about User Experience: Most teams are doing it wrong. Here is why... #Coding #AI #Productivity #TechTrends,#Coding #AI #Productivity #TechTrends,1264,2232,105,18,2,9,0,65,1,Monday,0,0,2025-10,October,134,10.601265822784809,2.9121863799283156,0.15822784810126583,124,4,Negative
LI_0267,3,LinkedIn,2025-06-23,02:47:16,Document/Carousel,Top 5 actionable strategies for Python Automation in 2025. Save this post for later! #StartupLife,#StartupLife,6388,8192,467,87,21,98,0,373,2,Monday,0,0,2025-06,June,673,10.535378835316218,4.55322265625,0.3287413901064496,97,1,Positive
LI_0268,3,LinkedIn,2025-10-22,18:49:40,Article/Link,Quick question for our community: How do you handle Brand Strategy in your daily workflow? #StartupLife,#StartupLife,2749,4385,185,17,11,4,0,140,18,Wednesday,2,0,2025-10,October,217,7.893779556202256,3.192702394526796,0.40014550745725724,103,1,Neutral
LI_0269,3,LinkedIn,2025-10-15,15:49:28,Document/Carousel,Why User Experience matters more than ever for modern business growth. #Coding #GrowthHacking,#Coding #GrowthHacking,8840,14949,352,86,38,28,0,231,15,Wednesday,2,0,2025-10,October,504,5.701357466063349,1.545253863134658,0.4298642533936652,93,2,Positive
LI_0270,3,LinkedIn,2025-07-12,10:57:13,Image,No Caption Provided,#SocialMedia2025 #StartupLife,5072,7024,271,16,18,28,0,139,10,Saturday,5,1,2025-07,July,333,6.565457413249211,1.9789293849658316,0.3548895899053628,19,2,Neutral
LI_0271,3,LinkedIn,2025-02-10,05:08:40,Document/Carousel,Unpopular opinion about Python Automation: Most teams are doing it wrong. Here is why... #AI #DesignThinking #Innovation,#AI #DesignThinking #Innovation,85736,145901,2473,553,277,354,0,3104,5,Monday,0,0,2025-02,February,3657,4.2654194270784735,2.1274699967786375,0.3230848185126435,120,3,Negative
LI_0272,3,LinkedIn,2025-06-17,15:06:28,Video,Behind the scenes at our team workshop on Python Automation. Innovation starts here! #DigitalMarketing #Coding,#DigitalMarketing #Coding,6864,9486,458,57,53,37,3105,93,15,Tuesday,1,0,2025-06,June,605,8.814102564102564,0.9803921568627451,0.7721445221445221,110,2,Positive
LI_0273,3,LinkedIn,2025-12-14,15:21:10,Image,Why Executive Leadership matters more than ever for modern business growth. #Productivity #AI,#Productivity #AI,5700,8109,417,35,30,20,0,126,15,Sunday,6,1,2025-12,December,502,8.807017543859649,1.553829078801332,0.5263157894736842,93,2,Positive
LI_0274,3,LinkedIn,2025-09-18,22:21:51,Document/Carousel,Quick question for our community: How do you handle User Experience in your daily workflow? #Productivity #Leadership #DigitalMarketing #Coding,#Productivity #Leadership #DigitalMarketing #Coding,6570,10216,502,109,56,25,0,182,22,Thursday,3,0,2025-09,September,692,10.532724505327245,1.7815191855912293,0.852359208523592,143,4,Neutral
LI_0275,3,LinkedIn,2025-01-15,08:44:20,Text,Discover how Python Automation is transforming the industry! What are your thoughts? #DigitalMarketing #TechTrends #Coding #MarketingStrategy,#DigitalMarketing #TechTrends #Coding #MarketingStrategy,2298,3279,57,9,3,5,0,31,8,Wednesday,2,0,2025-01,January,74,3.2201914708442123,0.9454101860323268,0.13054830287206268,141,4,Positive
LI_0276,3,LinkedIn,2025-04-17,02:09:45,Image,Behind the scenes at our team workshop on Data Analytics. Innovation starts here! #Innovation,#Innovation,5292,7201,219,33,11,20,0,122,2,Thursday,3,0,2025-04,April,283,5.347694633408919,1.694209137619775,0.20786092214663643,93,1,Positive
LI_0277,3,LinkedIn,2025-12-02,23:55:43,Video,We are excited to announce our newest breakthrough in Brand Strategy. Check out the link below! #Coding #DataAnalytics,#Coding #DataAnalytics,5258,5901,320,74,38,83,2199,175,23,Tuesday,1,0,2025-12,December,515,9.794598706732598,2.965599051008304,0.7227082540890073,118,2,Positive
LI_0278,3,LinkedIn,2025-01-31,08:56:20,Document/Carousel,Sunday motivation: Start your week with a fresh mindset on Brand Strategy. #AI #Coding #Innovation #MachineLearning,#AI #Coding #Innovation #MachineLearning,5805,8007,225,14,20,46,0,150,8,Friday,4,0,2025-01,January,305,5.254091300602928,1.8733608092918697,0.34453057708871665,115,4,Positive
LI_0279,3,LinkedIn,2025-05-22,14:37:43,Article/Link,Mastering Customer Engagement in under 10 minutes. Read our full step-by-step guide now! #Leadership #BusinessTips #AI #SocialMedia2025,#Leadership #BusinessTips #AI #SocialMedia2025,4127,5350,196,32,14,38,0,202,14,Thursday,3,0,2025-05,May,280,6.7845892900411915,3.7757009345794392,0.3392294645020596,135,4,Positive
LI_0280,3,LinkedIn,2025-01-09,13:34:32,Article/Link,Discover how Python Automation is transforming the industry! What are your thoughts? #Innovation #Coding #GrowthHacking,#Innovation #Coding #GrowthHacking,3862,4994,115,11,5,25,0,149,13,Thursday,3,0,2025-01,January,156,4.0393578456758155,2.9835802963556266,0.12946659761781462,119,3,Positive
LI_0281,3,LinkedIn,2025-01-09,11:29:19,Text,Discover how Content Marketing is transforming the industry! What are your thoughts? #MarketingStrategy #Coding #AI #DigitalMarketing,#MarketingStrategy #Coding #AI #DigitalMarketing,1272,1477,55,3,4,7,0,28,11,Thursday,3,0,2025-01,January,69,5.4245283018867925,1.8957345971563981,0.3144654088050315,133,4,Positive
LI_0282,3,LinkedIn,2025-09-14,12:21:49,Text,Unpopular opinion about Customer Engagement: Most teams are doing it wrong. Here is why... #Productivity #MarketingStrategy #TechTrends,#Productivity #MarketingStrategy #TechTrends,2259,2647,171,34,18,47,0,48,12,Sunday,6,1,2025-09,September,270,11.952191235059761,1.813373630525123,0.796812749003984,135,3,Negative
LI_0283,3,LinkedIn,2025-12-02,19:33:41,Text,Why Python Automation matters more than ever for modern business growth. #Coding #Productivity #Leadership,#Coding #Productivity #Leadership,1904,3386,143,9,15,1,0,52,19,Tuesday,1,0,2025-12,December,168,8.823529411764707,1.5357353809805079,0.7878151260504201,106,3,Positive
LI_0284,3,LinkedIn,2025-08-03,11:35:17,Image,Case study alert: How we boosted results by 350% using Brand Strategy. #Innovation #SocialMedia2025,#Innovation #SocialMedia2025,1626,1923,86,9,11,20,0,20,11,Sunday,6,1,2025-08,August,126,7.7490774907749085,1.0400416016640666,0.6765067650676507,99,2,Positive
LI_0285,3,LinkedIn,2025-02-08,06:13:08,Document/Carousel,Top 5 actionable strategies for Python Automation in 2025. Save this post for later! #GrowthHacking #DesignThinking #SocialMedia2025,#GrowthHacking #DesignThinking #SocialMedia2025,3769,5783,124,11,16,22,0,96,6,Saturday,5,1,2025-02,February,173,4.590076943486336,1.6600380425384749,0.42451578668081713,132,3,Positive
LI_0286,3,LinkedIn,2025-01-22,02:01:12,Document/Carousel,Behind the scenes at our team workshop on AI Workflow. Innovation starts here! #Productivity #BusinessTips #DataAnalytics,#Productivity #BusinessTips #DataAnalytics,5930,9912,229,18,25,60,0,229,2,Wednesday,2,0,2025-01,January,332,5.598650927487352,2.3103309120258273,0.42158516020236086,121,3,Positive
LI_0287,3,LinkedIn,2025-01-27,21:23:41,Image,Quick question for our community: How do you handle Social Media ROI in your daily workflow? #SocialMedia2025,#SocialMedia2025,9214,12039,731,79,52,48,0,130,21,Monday,0,0,2025-01,January,910,9.876275233340568,1.0798239056400034,0.5643585847623183,109,1,Neutral
LI_0288,3,LinkedIn,2025-01-28,02:17:07,Image,Behind the scenes at our team workshop on Content Marketing. Innovation starts here! #DesignThinking,#DesignThinking,3271,4818,197,13,5,59,0,153,2,Tuesday,1,0,2025-01,January,274,8.37664322837053,3.1755915317559156,0.1528584530724549,100,1,Positive
LI_0289,3,LinkedIn,2025-06-10,11:38:32,Text,Case study alert: How we boosted results by 350% using Content Marketing. #GrowthHacking #DigitalMarketing #AI,#GrowthHacking #DigitalMarketing #AI,1146,1734,32,7,4,5,0,31,11,Tuesday,1,0,2025-06,June,48,4.18848167539267,1.787773933102653,0.34904013961605584,110,3,Positive
LI_0290,3,LinkedIn,2025-11-13,03:44:57,Image,Discover how Python Automation is transforming the industry! What are your thoughts? #MachineLearning #Innovation #AI #TechTrends,#MachineLearning #Innovation #AI #TechTrends,5827,9876,370,65,15,30,0,291,3,Thursday,3,0,2025-11,November,480,8.237515016303416,2.946537059538275,0.25742234425948174,129,4,Positive
LI_0291,3,LinkedIn,2025-09-15,04:35:07,Image,We are excited to announce our newest breakthrough in Executive Leadership. Check out the link below! #Coding #StartupLife #BusinessTips,#Coding #StartupLife #BusinessTips,2870,4399,191,46,4,12,0,67,4,Monday,0,0,2025-09,September,253,8.815331010452962,1.523073425778586,0.13937282229965156,136,3,Positive
LI_0292,3,LinkedIn,2025-01-02,00:24:17,Video,We are excited to announce our newest breakthrough in Social Media ROI. Check out the link below! #Leadership #MarketingStrategy #DesignThinking,#Leadership #MarketingStrategy #DesignThinking,5511,8775,162,9,23,32,4719,128,0,Thursday,3,0,2025-01,January,226,4.100889130829251,1.4586894586894585,0.4173471239339503,144,3,Positive
LI_0293,3,LinkedIn,2025-04-08,20:15:41,Image,We are excited to announce our newest breakthrough in Social Media ROI. Check out the link below! #AI #DigitalMarketing #GrowthHacking,#AI #DigitalMarketing #GrowthHacking,8369,11146,667,151,82,11,0,472,20,Tuesday,1,0,2025-04,April,911,10.885410443302664,4.234703032478019,0.9798064284860795,134,3,Positive
LI_0294,3,LinkedIn,2025-07-14,01:35:56,Image,Mastering Social Media ROI in under 10 minutes. Read our full step-by-step guide now! #DigitalMarketing #TechTrends,#DigitalMarketing #TechTrends,5588,9614,200,48,14,58,0,325,1,Monday,0,0,2025-07,July,320,5.72655690765927,3.3804867900977738,0.25053686471009307,115,2,Positive
LI_0295,3,LinkedIn,2025-02-12,23:06:13,Document/Carousel,Behind the scenes at our team workshop on Cloud Scale. Innovation starts here! #BusinessTips #Coding #MachineLearning,#BusinessTips #Coding #MachineLearning,1692,2321,97,11,12,7,0,64,23,Wednesday,2,0,2025-02,February,127,7.505910165484633,2.757432141318397,0.7092198581560284,117,3,Positive
LI_0296,3,LinkedIn,2025-07-15,12:39:19,Document/Carousel,Mastering User Experience in under 10 minutes. Read our full step-by-step guide now! #AI #DataAnalytics,#AI #DataAnalytics,2102,3264,153,11,14,40,0,125,12,Tuesday,1,0,2025-07,July,218,10.371075166508087,3.8296568627450984,0.6660323501427212,103,2,Positive
LI_0297,3,LinkedIn,2025-01-05,10:10:27,Document/Carousel,Sunday motivation: Start your week with a fresh mindset on Customer Engagement. #Coding #AI #DesignThinking #Innovation,#Coding #AI #DesignThinking #Innovation,5122,6377,139,26,7,41,0,201,10,Sunday,6,1,2025-01,January,213,4.158531823506443,3.151952328681198,0.13666536509176103,119,4,Positive
LI_0298,3,LinkedIn,2025-03-28,20:44:10,Image,Why User Experience matters more than ever for modern business growth. #DigitalMarketing,#DigitalMarketing,7640,13522,259,35,24,46,0,413,20,Friday,4,0,2025-03,March,364,4.7643979057591626,3.0542819109599173,0.31413612565445026,88,1,Positive
LI_0299,3,LinkedIn,2025-01-29,20:32:56,Video,Behind the scenes at our team workshop on Social Media ROI. Innovation starts here! #Leadership #TechTrends #DesignThinking #SocialMedia2025,#Leadership #TechTrends #DesignThinking #SocialMedia2025,13158,18194,757,151,55,183,7763,566,20,Wednesday,2,0,2025-01,January,1146,8.70953032375741,3.110915686490052,0.41799665602675173,140,4,Positive
LI_0300,3,LinkedIn,2025-12-06,19:28:16,Video,Discover how Cloud Scale is transforming the industry! What are your thoughts? #MachineLearning #SocialMedia2025,#MachineLearning #SocialMedia2025,3355,4203,116,10,8,18,1917,123,19,Saturday,5,1,2025-12,December,152,4.5305514157973175,2.9264810849393292,0.23845007451564829,112,2,Positive
LI_0301,3,LinkedIn,2025-07-29,23:16:13,Image,Unpopular opinion about User Experience: Most teams are doing it wrong. Here is why... #DigitalMarketing #GrowthHacking #DesignThinking #SocialMedia2025,#DigitalMarketing #GrowthHacking #DesignThinking #SocialMedia2025,2215,2871,87,14,5,2,0,61,23,Tuesday,1,0,2025-07,July,108,4.8758465011286685,2.124695228143504,0.2257336343115124,152,4,Negative
LI_0302,3,LinkedIn,2025-06-26,12:00:21,Video,Behind the scenes at our team workshop on Cloud Scale. Innovation starts here! #DigitalMarketing #SocialMedia2025 #MachineLearning #Leadership,#DigitalMarketing #SocialMedia2025 #MachineLearning #Leadership,12049,19206,451,70,49,133,5762,387,12,Thursday,3,0,2025-06,June,703,5.834509087891111,2.014995313964386,0.40667275292555394,142,4,Positive
LI_0303,3,LinkedIn,2025-11-12,22:31:49,Article/Link,Mastering Brand Strategy in under 10 minutes. Read our full step-by-step guide now! #DigitalMarketing #Innovation,#DigitalMarketing #Innovation,1460,2390,97,13,13,18,0,46,22,Wednesday,2,0,2025-11,November,141,9.657534246575343,1.9246861924686192,0.8904109589041096,113,2,Positive
LI_0304,3,LinkedIn,2025-01-26,20:35:50,Article/Link,Top 5 actionable strategies for Cloud Scale in 2025. Save this post for later! #TechTrends #Productivity,#TechTrends #Productivity,1602,1804,104,12,8,20,0,29,20,Sunday,6,1,2025-01,January,144,8.98876404494382,1.6075388026607538,0.4993757802746567,104,2,Positive
LI_0305,3,LinkedIn,2025-10-05,07:49:36,Document/Carousel,Sunday motivation: Start your week with a fresh mindset on Social Media ROI. #BusinessTips #Coding #SocialMedia2025 #TechTrends,#BusinessTips #Coding #SocialMedia2025 #TechTrends,7249,10185,446,107,55,117,0,424,7,Sunday,6,1,2025-10,October,725,10.001379500620775,4.162984781541482,0.7587253414264037,127,4,Positive
LI_0306,3,LinkedIn,2025-06-03,20:09:14,Article/Link,Mastering Content Marketing in under 10 minutes. Read our full step-by-step guide now! #MachineLearning #DataAnalytics #GrowthHacking #SocialMedia2025,#MachineLearning #DataAnalytics #GrowthHacking #SocialMedia2025,4540,5325,185,18,13,2,0,101,20,Tuesday,1,0,2025-06,June,218,4.801762114537445,1.896713615023474,0.28634361233480177,150,4,Positive
LI_0307,3,LinkedIn,2025-12-08,17:38:31,Text,Unpopular opinion about Social Media ROI: Most teams are doing it wrong. Here is why... #MarketingStrategy #TechTrends #StartupLife #GrowthHacking,#MarketingStrategy #TechTrends #StartupLife #GrowthHacking,3141,5199,180,11,17,9,0,114,17,Monday,0,0,2025-12,December,217,6.90862782553327,2.192729371032891,0.5412289079910857,146,4,Negative
LI_0308,3,LinkedIn,2025-12-16,05:35:27,Article/Link,Quick question for our community: How do you handle Data Analytics in your daily workflow? #AI #GrowthHacking,#AI #GrowthHacking,3268,5079,194,31,25,39,0,106,5,Tuesday,1,0,2025-12,December,289,8.843329253365972,2.087025004922229,0.7649938800489596,109,2,Positive
LI_0309,3,LinkedIn,2025-03-23,14:03:50,Article/Link,Case study alert: How we boosted results by 350% using Content Marketing. #BusinessTips #Leadership #StartupLife,#BusinessTips #Leadership #StartupLife,4548,5010,244,50,5,36,0,123,14,Sunday,6,1,2025-03,March,335,7.365875109938434,2.4550898203592815,0.10993843447669306,112,3,Positive
LI_0310,3,LinkedIn,2025-02-21,22:06:20,Text,Sunday motivation: Start your week with a fresh mindset on Executive Leadership. #GrowthHacking #AI #MarketingStrategy,#GrowthHacking #AI #MarketingStrategy,1510,1762,57,11,3,11,0,47,22,Friday,4,0,2025-02,February,82,5.430463576158941,2.6674233825198637,0.1986754966887417,118,3,Positive
LI_0311,3,LinkedIn,2025-12-11,08:54:11,Article/Link,Quick question for our community: How do you handle User Experience in your daily workflow? #DigitalMarketing #Leadership #Productivity #BusinessTips,#DigitalMarketing #Leadership #Productivity #BusinessTips,1464,2530,71,8,4,13,0,62,8,Thursday,3,0,2025-12,December,96,6.557377049180328,2.450592885375494,0.273224043715847,149,4,Neutral
LI_0312,3,LinkedIn,2025-08-10,19:33:11,Text,Sunday motivation: Start your week with a fresh mindset on AI Workflow. #Productivity #BusinessTips #DesignThinking,#Productivity #BusinessTips #DesignThinking,1523,1678,83,16,10,2,0,46,19,Sunday,6,1,2025-08,August,111,7.288246881155613,2.7413587604290823,0.6565988181221274,115,3,Positive
LI_0313,3,LinkedIn,2025-06-27,07:39:51,Text,Discover how Executive Leadership is transforming the industry! What are your thoughts? #TechTrends,#TechTrends,4124,6393,196,43,23,36,0,95,7,Friday,4,0,2025-06,June,298,7.225994180407372,1.486000312842171,0.5577109602327837,99,1,Positive
LI_0314,3,LinkedIn,2025-12-22,19:32:07,Video,Mastering Brand Strategy in under 10 minutes. Read our full step-by-step guide now! #Leadership #SocialMedia2025 #GrowthHacking,#Leadership #SocialMedia2025 #GrowthHacking,5055,6517,394,69,23,48,2853,214,19,Monday,0,0,2025-12,December,534,10.56379821958457,3.2837195028387294,0.4549950544015826,127,3,Positive
LI_0315,3,LinkedIn,2025-05-02,05:15:48,Article/Link,Sunday motivation: Start your week with a fresh mindset on Brand Strategy. #Productivity,#Productivity,3224,4643,180,38,12,27,0,137,5,Friday,4,0,2025-05,May,257,7.971464019851117,2.950678440663364,0.37220843672456577,88,1,Positive
LI_0316,3,LinkedIn,2025-09-29,09:33:25,Image,Behind the scenes at our team workshop on Content Marketing. Innovation starts here! #MarketingStrategy #DataAnalytics #Productivity #MachineLearning,#MarketingStrategy #DataAnalytics #Productivity #MachineLearning,2401,3422,84,17,12,11,0,110,9,Monday,0,0,2025-09,September,124,5.164514785506039,3.2144944476914086,0.49979175343606835,149,4,Positive
LI_0317,3,LinkedIn,2025-09-08,08:56:25,Image,Quick question for our community: How do you handle Cloud Scale in your daily workflow? #MachineLearning #GrowthHacking #Innovation,#MachineLearning #GrowthHacking #Innovation,3670,4593,280,34,33,5,0,121,8,Monday,0,0,2025-09,September,352,9.591280653950953,2.6344437187023733,0.8991825613079019,131,3,Positive
LI_0318,3,LinkedIn,2025-02-09,16:45:08,Image,Discover how Data Analytics is transforming the industry! What are your thoughts? #Leadership,#Leadership,3330,5505,120,6,10,25,0,62,16,Sunday,6,1,2025-02,February,161,4.834834834834835,1.1262488646684832,0.3003003003003003,93,1,Positive
LI_0319,3,LinkedIn,2025-12-27,05:40:59,Article/Link,Sunday motivation: Start your week with a fresh mindset on User Experience. #StartupLife #SocialMedia2025,#StartupLife #SocialMedia2025,1744,2223,139,28,11,11,0,94,5,Saturday,5,1,2025-12,December,189,10.837155963302752,4.228520017993702,0.6307339449541285,105,2,Positive
LI_0320,3,LinkedIn,2025-01-24,17:48:20,Video,Top 5 actionable strategies for Social Media ROI in 2025. Save this post for later! #DigitalMarketing #DesignThinking,#DigitalMarketing #DesignThinking,3320,4454,87,7,1,7,1406,110,17,Friday,4,0,2025-01,January,102,3.072289156626506,2.469690166142793,0.030120481927710847,117,2,Positive
LI_0321,3,LinkedIn,2025-11-11,08:15:15,Video,No Caption Provided,#MachineLearning #DesignThinking #Coding #Innovation,9052,10353,558,85,12,119,7486,493,8,Tuesday,1,0,2025-11,November,774,8.550596553247901,4.761904761904762,0.13256738842244808,19,4,Neutral
LI_0322,3,LinkedIn,2025-04-27,13:15:37,Text,Discover how Brand Strategy is transforming the industry! What are your thoughts? #BusinessTips #Productivity,#BusinessTips #Productivity,6564,8795,504,92,25,111,0,331,13,Sunday,6,1,2025-04,April,732,11.151736745886655,3.763501989766913,0.3808653260207191,109,2,Positive
LI_0323,3,LinkedIn,2025-03-14,18:26:38,Document/Carousel,We are excited to announce our newest breakthrough in Python Automation. Check out the link below! #Innovation #AI #Productivity #MarketingStrategy,#Innovation #AI #Productivity #MarketingStrategy,11668,14192,418,75,25,23,0,336,18,Friday,4,0,2025-03,March,541,4.636612958519026,2.367531003382187,0.21426122728830993,147,4,Positive
LI_0324,3,LinkedIn,2025-10-07,20:39:57,Video,Quick question for our community: How do you handle Brand Strategy in your daily workflow? #BusinessTips #DesignThinking #Productivity,#BusinessTips #DesignThinking #Productivity,5673,8738,241,29,11,28,4592,136,20,Tuesday,1,0,2025-10,October,309,5.4468535166578524,1.556420233463035,0.19390093424995594,134,3,Neutral
LI_0325,3,LinkedIn,2025-12-19,19:22:52,Article/Link,Unpopular opinion about AI Workflow: Most teams are doing it wrong. Here is why... #BusinessTips #Leadership,#BusinessTips #Leadership,684,914,16,2,1,2,0,30,19,Friday,4,0,2025-12,December,21,3.070175438596491,3.282275711159737,0.14619883040935672,108,2,Negative
LI_0326,3,LinkedIn,2025-09-20,10:57:20,Document/Carousel,We are excited to announce our newest breakthrough in Customer Engagement. Check out the link below! #AI #DigitalMarketing #BusinessTips #StartupLife,#AI #DigitalMarketing #BusinessTips #StartupLife,8734,11203,448,40,27,131,0,480,10,Saturday,5,1,2025-09,September,646,7.396381955575911,4.284566633937338,0.3091367071215938,149,4,Positive
LI_0327,3,LinkedIn,2025-07-19,00:24:56,Document/Carousel,Discover how Executive Leadership is transforming the industry! What are your thoughts? #Coding #DigitalMarketing #Leadership #DesignThinking,#Coding #DigitalMarketing #Leadership #DesignThinking,1005,1402,250,8,8,4,0,33,0,Saturday,5,1,2025-07,July,270,26.865671641791046,2.353780313837375,0.7960199004975124,141,4,Positive
LI_0328,3,LinkedIn,2025-08-04,23:49:08,Image,We are excited to announce our newest breakthrough in Python Automation. Check out the link below! #AI #Leadership,#AI #Leadership,3829,6478,167,9,9,25,0,194,23,Monday,0,0,2025-08,August,210,5.484460694698354,2.9947514665020067,0.23504831548707233,114,2,Positive
LI_0329,3,LinkedIn,2025-03-24,14:05:40,Article/Link,Behind the scenes at our team workshop on Python Automation. Innovation starts here! #Innovation #BusinessTips #Leadership,#Innovation #BusinessTips #Leadership,3831,5290,150,34,17,28,0,42,14,Monday,0,0,2025-03,March,229,5.97755155311929,0.7939508506616257,0.4437483685721744,122,3,Positive
LI_0330,3,LinkedIn,2025-01-17,20:33:17,Text,Quick question for our community: How do you handle Data Analytics in your daily workflow? #DigitalMarketing #MarketingStrategy,#DigitalMarketing #MarketingStrategy,6708,10689,374,69,13,11,0,356,20,Friday,4,0,2025-01,January,467,6.961836612999403,3.3305267097015623,0.1937984496124031,127,2,Neutral
LI_0331,3,LinkedIn,2025-10-06,05:10:38,Text,Unpopular opinion about Data Analytics: Most teams are doing it wrong. Here is why... #DigitalMarketing #MarketingStrategy #AI #GrowthHacking,#DigitalMarketing #MarketingStrategy #AI #GrowthHacking,1399,2421,89,18,5,5,0,69,5,Monday,0,0,2025-10,October,117,8.36311651179414,2.8500619578686495,0.35739814152966404,141,4,Negative
LI_0332,3,LinkedIn,2025-01-13,20:02:22,Text,Sunday motivation: Start your week with a fresh mindset on Brand Strategy. #SocialMedia2025 #TechTrends #MarketingStrategy,#SocialMedia2025 #TechTrends #MarketingStrategy,5345,7256,180,27,10,37,0,219,20,Monday,0,0,2025-01,January,254,4.752104770813845,3.01819184123484,0.18709073900841908,122,3,Positive
LI_0333,3,LinkedIn,2025-06-17,03:04:30,Article/Link,Quick question for our community: How do you handle Customer Engagement in your daily workflow? #Innovation #DataAnalytics #DesignThinking #MachineLearning,#Innovation #DataAnalytics #DesignThinking #MachineLearning,3358,5420,128,29,15,6,0,124,3,Tuesday,1,0,2025-06,June,178,5.300774270399048,2.2878228782287824,0.44669446098868376,155,4,Positive
LI_0334,3,LinkedIn,2025-11-22,21:13:22,Document/Carousel,Unpopular opinion about User Experience: Most teams are doing it wrong. Here is why... #Coding,#Coding,11174,17007,290,68,8,43,0,126,21,Saturday,5,1,2025-11,November,409,3.660282799355647,0.7408714058916916,0.07159477358152855,94,1,Negative
LI_0335,3,LinkedIn,2025-01-30,20:52:01,Video,Behind the scenes at our team workshop on Customer Engagement. Innovation starts here! #TechTrends #GrowthHacking #AI #BusinessTips,#TechTrends #GrowthHacking #AI #BusinessTips,5185,8006,276,31,14,33,2745,247,20,Thursday,3,0,2025-01,January,354,6.827386692381871,3.085186110417187,0.2700096432015429,131,4,Positive
LI_0336,3,LinkedIn,2025-08-12,15:51:32,Image,Sunday motivation: Start your week with a fresh mindset on Python Automation. #DataAnalytics #DigitalMarketing #GrowthHacking,#DataAnalytics #DigitalMarketing #GrowthHacking,3301,5098,232,50,23,34,0,72,15,Tuesday,1,0,2025-08,August,339,10.269615268100575,1.4123185562965868,0.6967585580127235,125,3,Positive
LI_0337,3,LinkedIn,2025-08-04,16:25:38,Text,Behind the scenes at our team workshop on Customer Engagement. Innovation starts here! #AI #DesignThinking #TechTrends,#AI #DesignThinking #TechTrends,3919,6666,216,41,31,47,0,81,16,Monday,0,0,2025-08,August,335,8.548099004848176,1.215121512151215,0.7910181168665477,118,3,Positive
LI_0338,3,LinkedIn,2025-01-11,12:24:43,Video,Sunday motivation: Start your week with a fresh mindset on Executive Leadership. #Leadership,#Leadership,10505,18462,725,140,42,107,8571,160,12,Saturday,5,1,2025-01,January,1014,9.652546406473109,0.866645000541653,0.39980961446930036,92,1,Positive
LI_0339,3,LinkedIn,2025-07-20,11:09:56,Article/Link,We are excited to announce our newest breakthrough in Customer Engagement. Check out the link below! #BusinessTips #GrowthHacking #Leadership,#BusinessTips #GrowthHacking #Leadership,3066,3698,132,21,7,14,0,175,11,Sunday,6,1,2025-07,July,174,5.6751467710371815,4.732287723093564,0.228310502283105,141,3,Positive
LI_0340,3,LinkedIn,2025-11-08,18:28:35,Text,Mastering Cloud Scale in under 10 minutes. Read our full step-by-step guide now! #MachineLearning #BusinessTips #TechTrends,#MachineLearning #BusinessTips #TechTrends,4241,6438,319,76,36,40,0,88,18,Saturday,5,1,2025-11,November,471,11.10587125677906,1.3668841255048152,0.8488564017920301,123,3,Positive
LI_0341,3,LinkedIn,2025-01-18,22:44:53,Text,Discover how Executive Leadership is transforming the industry! What are your thoughts? #Leadership #Innovation #GrowthHacking #Coding,#Leadership #Innovation #GrowthHacking #Coding,1229,1837,85,6,4,12,0,23,22,Saturday,5,1,2025-01,January,107,8.70626525630594,1.2520413718018508,0.32546786004882017,134,4,Positive
LI_0342,3,LinkedIn,2025-12-10,03:06:33,Text,Sunday motivation: Start your week with a fresh mindset on Content Marketing. #AI #MarketingStrategy #SocialMedia2025,#AI #MarketingStrategy #SocialMedia2025,1160,1919,51,12,5,2,0,23,3,Wednesday,2,0,2025-12,December,70,6.0344827586206895,1.1985409067222512,0.43103448275862066,117,3,Positive
LI_0343,3,LinkedIn,2025-01-27,05:12:36,Document/Carousel,Mastering Content Marketing in under 10 minutes. Read our full step-by-step guide now! #DigitalMarketing #BusinessTips #TechTrends,#DigitalMarketing #BusinessTips #TechTrends,8267,13922,637,79,94,54,0,176,5,Monday,0,0,2025-01,January,864,10.451191484214347,1.2641861801465306,1.1370509253659127,130,3,Positive
LI_0344,3,LinkedIn,2025-03-08,06:56:39,Document/Carousel,Behind the scenes at our team workshop on Python Automation. Innovation starts here! #DesignThinking #MarketingStrategy #Innovation,#DesignThinking #MarketingStrategy #Innovation,5097,6471,320,19,39,83,0,118,6,Saturday,5,1,2025-03,March,461,9.04453600156955,1.8235203214340905,0.7651559741024131,131,3,Positive
LI_0345,3,LinkedIn,2025-09-30,17:26:07,Article/Link,Sunday motivation: Start your week with a fresh mindset on Content Marketing. #AI,#AI,2979,4361,61,5,3,6,0,51,17,Tuesday,1,0,2025-09,September,75,2.5176233635448138,1.1694565466636093,0.10070493454179255,81,1,Positive
LI_0346,3,LinkedIn,2025-07-30,11:01:13,Article/Link,Case study alert: How we boosted results by 350% using Brand Strategy. #Leadership,#Leadership,3613,5366,210,29,15,43,0,43,11,Wednesday,2,0,2025-07,July,297,8.220315527262663,0.8013417815877749,0.41516745087185164,82,1,Positive
LI_0347,3,LinkedIn,2025-08-05,02:44:11,Image,Unpopular opinion about AI Workflow: Most teams are doing it wrong. Here is why... #SocialMedia2025 #BusinessTips #Productivity,#SocialMedia2025 #BusinessTips #Productivity,5171,8083,270,38,23,40,0,289,2,Tuesday,1,0,2025-08,August,371,7.174627731579965,3.575405171347272,0.4447882421195127,127,3,Negative
LI_0348,3,LinkedIn,2025-02-09,09:09:37,Article/Link,Sunday motivation: Start your week with a fresh mindset on User Experience. #DesignThinking #BusinessTips #MarketingStrategy,#DesignThinking #BusinessTips #MarketingStrategy,1990,3117,86,9,6,6,0,95,9,Sunday,6,1,2025-02,February,107,5.376884422110552,3.047802374077639,0.3015075376884422,124,3,Positive
LI_0349,3,LinkedIn,2025-01-10,11:48:11,Image,We are excited to announce our newest breakthrough in Social Media ROI. Check out the link below! #DigitalMarketing #GrowthHacking #StartupLife #AI,#DigitalMarketing #GrowthHacking #StartupLife #AI,1506,1824,93,18,2,24,0,42,11,Friday,4,0,2025-01,January,137,9.096945551128819,2.302631578947368,0.13280212483399734,147,4,Positive
LI_0350,3,LinkedIn,2025-09-29,18:08:31,Image,Why Data Analytics matters more than ever for modern business growth. #BusinessTips #Coding #MarketingStrategy,#BusinessTips #Coding #MarketingStrategy,7718,12703,318,41,34,44,0,183,18,Monday,0,0,2025-09,September,437,5.662088623995854,1.440604581594899,0.4405286343612335,110,3,Positive
LI_0351,3,LinkedIn,2025-01-29,17:31:22,Article/Link,Sunday motivation: Start your week with a fresh mindset on Customer Engagement. #DataAnalytics #TechTrends,#DataAnalytics #TechTrends,2105,3042,156,29,7,25,0,88,17,Wednesday,2,0,2025-01,January,217,10.308788598574822,2.8928336620644313,0.332541567695962,106,2,Positive
LI_0352,3,LinkedIn,2025-06-21,16:13:03,Video,Top 5 actionable strategies for Content Marketing in 2025. Save this post for later! #BusinessTips #Leadership,#BusinessTips #Leadership,7530,10086,468,81,37,17,3178,115,16,Saturday,5,1,2025-06,June,603,8.00796812749004,1.140194328772556,0.4913678618857902,110,2,Positive
LI_0353,3,LinkedIn,2025-09-05,04:48:52,Video,No Caption Provided,#Innovation,9326,11268,591,71,30,126,8251,303,4,Friday,4,0,2025-09,September,818,8.771177353634998,2.6890308839190626,0.3216813210379584,19,1,Neutral
LI_0354,3,LinkedIn,2025-04-12,17:21:11,Document/Carousel,Case study alert: How we boosted results by 350% using Social Media ROI. #GrowthHacking,#GrowthHacking,6136,8347,241,18,18,17,0,246,17,Saturday,5,1,2025-04,April,294,4.791395045632334,2.947166646699413,0.29335071707953064,87,1,Positive
LI_0355,3,LinkedIn,2025-01-10,16:59:24,Text,Behind the scenes at our team workshop on Customer Engagement. Innovation starts here! #DesignThinking,#DesignThinking,1594,2657,110,18,4,5,0,63,16,Friday,4,0,2025-01,January,137,8.594730238393977,2.3710952201731272,0.2509410288582183,102,1,Positive
LI_0356,3,LinkedIn,2025-04-02,10:56:11,Text,Mastering Executive Leadership in under 10 minutes. Read our full step-by-step guide now! #DesignThinking #StartupLife,#DesignThinking #StartupLife,2224,2713,144,15,14,9,0,120,10,Wednesday,2,0,2025-04,April,182,8.183453237410072,4.423147806855879,0.6294964028776978,118,2,Positive
LI_0357,3,LinkedIn,2025-09-11,05:59:59,Text,Behind the scenes at our team workshop on Brand Strategy. Innovation starts here! #AI #GrowthHacking #BusinessTips #MachineLearning,#AI #GrowthHacking #BusinessTips #MachineLearning,2448,3851,55,4,7,1,0,123,5,Thursday,3,0,2025-09,September,67,2.7369281045751634,3.193975590755648,0.28594771241830064,131,4,Positive
LI_0358,3,LinkedIn,2025-06-01,04:33:51,Document/Carousel,Discover how Python Automation is transforming the industry! What are your thoughts? #StartupLife,#StartupLife,5607,6204,134,25,11,19,0,91,4,Sunday,6,1,2025-06,June,189,3.3707865168539324,1.4667956157317859,0.19618334225075798,97,1,Positive
LI_0359,3,LinkedIn,2025-12-22,05:02:23,Article/Link,Unpopular opinion about User Experience: Most teams are doing it wrong. Here is why... #Coding #TechTrends,#Coding #TechTrends,2417,2748,158,30,8,39,0,141,5,Monday,0,0,2025-12,December,235,9.722796855606124,5.131004366812228,0.33098882912701694,106,2,Negative
LI_0360,3,LinkedIn,2025-05-04,03:57:31,Image,Mastering Executive Leadership in under 10 minutes. Read our full step-by-step guide now! #Productivity #MarketingStrategy,#Productivity #MarketingStrategy,1031,1488,74,9,10,1,0,10,3,Sunday,6,1,2025-05,May,94,9.117361784675072,0.6720430107526881,0.9699321047526674,122,2,Positive
LI_0361,3,LinkedIn,2025-04-25,07:54:58,Document/Carousel,We are excited to announce our newest breakthrough in Cloud Scale. Check out the link below! #Leadership #DesignThinking #DigitalMarketing,#Leadership #DesignThinking #DigitalMarketing,5368,6815,363,73,43,68,0,237,7,Friday,4,0,2025-04,April,547,10.190014903129658,3.4776228906823183,0.8010432190760061,138,3,Positive
LI_0362,3,LinkedIn,2025-02-12,12:50:56,Document/Carousel,We are excited to announce our newest breakthrough in Data Analytics. Check out the link below! #MarketingStrategy #BusinessTips,#MarketingStrategy #BusinessTips,7403,12182,326,16,37,16,0,282,12,Wednesday,2,0,2025-02,February,395,5.335674726462245,2.314890822525037,0.49979737944076724,128,2,Positive
LI_0363,3,LinkedIn,2025-08-10,10:56:42,Text,Case study alert: How we boosted results by 350% using AI Workflow. #DigitalMarketing #MarketingStrategy #Leadership,#DigitalMarketing #MarketingStrategy #Leadership,3705,5905,144,26,3,39,0,69,10,Sunday,6,1,2025-08,August,212,5.721997300944669,1.1685012701100763,0.08097165991902834,116,3,Positive
LI_0364,3,LinkedIn,2025-03-15,02:13:37,Text,Unpopular opinion about Brand Strategy: Most teams are doing it wrong. Here is why... #Innovation #DataAnalytics #Coding,#Innovation #DataAnalytics #Coding,1330,1997,73,7,9,16,0,57,2,Saturday,5,1,2025-03,March,105,7.894736842105263,2.8542814221332,0.6766917293233082,120,3,Negative
LI_0365,3,LinkedIn,2025-03-31,18:41:30,Video,Top 5 actionable strategies for Brand Strategy in 2025. Save this post for later! #DataAnalytics #Coding #DesignThinking #SocialMedia2025,#DataAnalytics #Coding #DesignThinking #SocialMedia2025,5403,9476,183,21,18,46,2723,102,18,Monday,0,0,2025-03,March,268,4.960207292245049,1.0764035457999155,0.3331482509716824,137,4,Positive
LI_0366,3,LinkedIn,2025-03-20,10:40:19,Article/Link,We are excited to announce our newest breakthrough in Data Analytics. Check out the link below! #DataAnalytics #MachineLearning #Leadership,#DataAnalytics #MachineLearning #Leadership,1160,1312,86,11,3,21,0,30,10,Thursday,3,0,2025-03,March,121,10.431034482758621,2.2865853658536586,0.25862068965517243,139,3,Positive
LI_0367,3,LinkedIn,2025-07-02,11:48:22,Text,Behind the scenes at our team workshop on Data Analytics. Innovation starts here! #StartupLife #MachineLearning #TechTrends,#StartupLife #MachineLearning #TechTrends,3913,6544,236,56,16,7,0,155,11,Wednesday,2,0,2025-07,July,315,8.050089445438283,2.368581907090465,0.4088934321492461,123,3,Positive
LI_0368,3,LinkedIn,2025-03-09,11:40:40,Image,Top 5 actionable strategies for Executive Leadership in 2025. Save this post for later! #Innovation,#Innovation,5443,8779,398,91,26,89,0,252,11,Sunday,6,1,2025-03,March,604,11.096821605732133,2.870486387971295,0.4776777512401249,99,1,Positive
LI_0369,3,LinkedIn,2025-02-05,22:26:42,Text,Quick question for our community: How do you handle AI Workflow in your daily workflow? #MachineLearning #Leadership #DesignThinking,#MachineLearning #Leadership #DesignThinking,4123,7115,179,37,7,28,0,175,22,Wednesday,2,0,2025-02,February,251,6.087800145525104,2.459592410400562,0.1697792869269949,132,3,Neutral
LI_0370,3,LinkedIn,2025-08-09,04:22:51,Video,Unpopular opinion about AI Workflow: Most teams are doing it wrong. Here is why... #Coding #MachineLearning #BusinessTips,#Coding #MachineLearning #BusinessTips,1169,1923,55,13,3,5,499,47,4,Saturday,5,1,2025-08,August,76,6.501283147989735,2.4440977639105563,0.2566295979469632,121,3,Negative
LI_0371,3,LinkedIn,2025-11-30,15:17:33,Text,Mastering AI Workflow in under 10 minutes. Read our full step-by-step guide now! #DataAnalytics #StartupLife #Coding,#DataAnalytics #StartupLife #Coding,4060,4585,267,15,6,73,0,195,15,Sunday,6,1,2025-11,November,361,8.891625615763548,4.252998909487459,0.1477832512315271,116,3,Positive
LI_0372,3,LinkedIn,2025-04-21,21:50:29,Document/Carousel,Sunday motivation: Start your week with a fresh mindset on Cloud Scale. #SocialMedia2025,#SocialMedia2025,5040,8979,218,15,30,37,0,79,21,Monday,0,0,2025-04,April,300,5.952380952380952,0.8798307161153804,0.5952380952380952,88,1,Positive
LI_0373,3,LinkedIn,2025-06-30,03:13:32,Article/Link,No Caption Provided,#GrowthHacking,1676,3008,109,17,4,16,0,60,3,Monday,0,0,2025-06,June,146,8.711217183770884,1.9946808510638299,0.23866348448687352,19,1,Neutral
LI_0374,3,LinkedIn,2025-03-22,00:03:52,Document/Carousel,Unpopular opinion about AI Workflow: Most teams are doing it wrong. Here is why... #Leadership #MarketingStrategy #StartupLife,#Leadership #MarketingStrategy #StartupLife,3823,4961,183,17,20,43,0,221,0,Saturday,5,1,2025-03,March,263,6.879414072717761,4.454747026809111,0.5231493591420351,126,3,Negative
LI_0375,3,LinkedIn,2025-09-24,21:47:15,Document/Carousel,Behind the scenes at our team workshop on Brand Strategy. Innovation starts here! #StartupLife,#StartupLife,5078,7535,226,51,12,33,0,194,21,Wednesday,2,0,2025-09,September,322,6.341079165025601,2.574651625746516,0.23631350925561243,94,1,Positive
LI_0376,3,LinkedIn,2025-08-02,16:21:49,Document/Carousel,Behind the scenes at our team workshop on Brand Strategy. Innovation starts here! #Coding #AI #Productivity #BusinessTips,#Coding #AI #Productivity #BusinessTips,1293,2027,87,18,4,8,0,72,16,Saturday,5,1,2025-08,August,117,9.048723897911833,3.5520473606314753,0.30935808197989173,121,4,Positive
LI_0377,3,LinkedIn,2025-08-13,07:37:40,Video,Quick question for our community: How do you handle Data Analytics in your daily workflow? #MarketingStrategy,#MarketingStrategy,10424,14593,682,63,81,145,6682,230,7,Wednesday,2,0,2025-08,August,971,9.31504221028396,1.5760981292400464,0.7770529547198772,109,1,Neutral
LI_0378,3,LinkedIn,2025-10-13,17:30:49,Video,Behind the scenes at our team workshop on Python Automation. Innovation starts here! #GrowthHacking,#GrowthHacking,7624,8453,199,20,5,57,6691,186,17,Monday,0,0,2025-10,October,281,3.6857292759706195,2.2004022240624628,0.06558237145855193,99,1,Positive
LI_0379,3,LinkedIn,2025-06-01,21:28:33,Document/Carousel,Why Data Analytics matters more than ever for modern business growth. #Innovation #Productivity,#Innovation #Productivity,7317,10714,356,39,11,25,0,147,21,Sunday,6,1,2025-06,June,431,5.890392237255706,1.372036587642337,0.15033483668170014,95,2,Positive
LI_0380,3,LinkedIn,2025-12-10,02:09:50,Document/Carousel,Sunday motivation: Start your week with a fresh mindset on AI Workflow. #DataAnalytics #GrowthHacking #MarketingStrategy,#DataAnalytics #GrowthHacking #MarketingStrategy,8658,15499,428,104,24,58,0,332,2,Wednesday,2,0,2025-12,December,614,7.091707091707092,2.1420736821730433,0.2772002772002772,120,3,Positive
LI_0381,3,LinkedIn,2025-07-31,14:06:28,Document/Carousel,Case study alert: How we boosted results by 350% using Executive Leadership. #GrowthHacking #AI,#GrowthHacking #AI,6280,7546,184,37,18,4,0,114,14,Thursday,3,0,2025-07,July,243,3.8694267515923566,1.5107341637953882,0.28662420382165604,95,2,Positive
LI_0382,3,LinkedIn,2025-05-27,01:25:05,Text,Quick question for our community: How do you handle Executive Leadership in your daily workflow? #MarketingStrategy,#MarketingStrategy,1866,2789,42,4,5,10,0,34,1,Tuesday,1,0,2025-05,May,61,3.269024651661308,1.219074937253496,0.2679528403001072,115,1,Neutral
LI_0383,3,LinkedIn,2025-02-05,15:01:48,Image,We are excited to announce our newest breakthrough in Cloud Scale. Check out the link below! #Productivity,#Productivity,1389,2040,52,5,5,1,0,52,15,Wednesday,2,0,2025-02,February,63,4.535637149028078,2.549019607843137,0.3599712023038157,106,1,Positive
LI_0384,3,LinkedIn,2025-08-31,14:13:57,Document/Carousel,We are excited to announce our newest breakthrough in Customer Engagement. Check out the link below! #DigitalMarketing #MarketingStrategy #TechTrends,#DigitalMarketing #MarketingStrategy #TechTrends,13985,22178,404,63,52,26,0,189,14,Sunday,6,1,2025-08,August,545,3.897032534858777,0.8521958697808638,0.37182695745441546,149,3,Positive
LI_0385,3,LinkedIn,2025-07-07,01:30:46,Image,We are excited to announce our newest breakthrough in AI Workflow. Check out the link below! #MachineLearning,#MachineLearning,2867,4332,78,8,2,18,0,124,1,Monday,0,0,2025-07,July,106,3.6972445064527384,2.862419205909511,0.06975933031042902,109,1,Positive
LI_0386,3,LinkedIn,2025-08-21,03:22:06,Document/Carousel,Sunday motivation: Start your week with a fresh mindset on AI Workflow. #Productivity,#Productivity,6004,9687,425,53,44,78,0,326,3,Thursday,3,0,2025-08,August,600,9.993337774816789,3.365334985031485,0.7328447701532311,85,1,Positive
LI_0387,3,LinkedIn,2025-04-19,10:32:20,Image,Unpopular opinion about Content Marketing: Most teams are doing it wrong. Here is why... #AI #DigitalMarketing #Coding,#AI #DigitalMarketing #Coding,3655,4304,261,57,26,26,0,209,10,Saturday,5,1,2025-04,April,370,10.12311901504788,4.855947955390334,0.7113543091655267,118,3,Negative
LI_0388,3,LinkedIn,2025-03-22,11:27:49,Text,Behind the scenes at our team workshop on User Experience. Innovation starts here! #DigitalMarketing,#DigitalMarketing,2385,3314,129,13,3,38,0,69,11,Saturday,5,1,2025-03,March,183,7.672955974842767,2.082076041038021,0.12578616352201258,100,1,Positive
LI_0389,3,LinkedIn,2025-09-27,07:44:36,Video,Mastering AI Workflow in under 10 minutes. Read our full step-by-step guide now! #DesignThinking #Coding #GrowthHacking,#DesignThinking #Coding #GrowthHacking,5685,10019,165,19,24,30,4521,186,7,Saturday,5,1,2025-09,September,238,4.186455584872471,1.8564727018664537,0.4221635883905013,119,3,Positive
LI_0390,3,LinkedIn,2025-08-19,09:40:02,Document/Carousel,Sunday motivation: Start your week with a fresh mindset on User Experience. #TechTrends #Innovation #DataAnalytics #DesignThinking,#TechTrends #Innovation #DataAnalytics #DesignThinking,2808,4558,224,24,9,43,0,163,9,Tuesday,1,0,2025-08,August,300,10.683760683760683,3.5761298815269855,0.3205128205128205,130,4,Positive
LI_0391,3,LinkedIn,2025-03-27,15:31:58,Text,Case study alert: How we boosted results by 350% using Brand Strategy. #AI #MachineLearning,#AI #MachineLearning,2332,4112,80,14,1,1,0,85,15,Thursday,3,0,2025-03,March,96,4.1166380789022305,2.067120622568093,0.04288164665523156,91,2,Positive
LI_0392,3,LinkedIn,2025-02-18,06:02:04,Text,Behind the scenes at our team workshop on Data Analytics. Innovation starts here! #Coding #DigitalMarketing #TechTrends #DesignThinking,#Coding #DigitalMarketing #TechTrends #DesignThinking,4127,5695,230,51,15,44,0,161,6,Tuesday,1,0,2025-02,February,340,8.238429852192876,2.8270412642669007,0.36346014053792103,135,4,Positive
LI_0393,3,LinkedIn,2025-02-05,17:00:49,Video,Discover how Python Automation is transforming the industry! What are your thoughts? #TechTrends,#TechTrends,5512,7870,359,49,51,83,2816,187,17,Wednesday,2,0,2025-02,February,542,9.833091436865022,2.3761118170266835,0.9252539912917271,96,1,Positive
LI_0394,3,LinkedIn,2025-04-14,01:20:46,Image,Top 5 actionable strategies for AI Workflow in 2025. Save this post for later! #Leadership,#Leadership,5073,8535,403,42,9,111,0,118,1,Monday,0,0,2025-04,April,565,11.137394046915041,1.3825424721734036,0.17740981667652278,90,1,Positive
LI_0395,3,LinkedIn,2025-06-21,21:33:03,Article/Link,Case study alert: How we boosted results by 350% using Content Marketing. #DataAnalytics #StartupLife,#DataAnalytics #StartupLife,3576,4952,221,26,31,16,0,211,21,Saturday,5,1,2025-06,June,294,8.221476510067115,4.260904684975767,0.8668903803131992,101,2,Positive
LI_0396,3,LinkedIn,2025-04-30,13:06:51,Image,Sunday motivation: Start your week with a fresh mindset on Data Analytics. #Innovation #MachineLearning #DesignThinking,#Innovation #MachineLearning #DesignThinking,4498,6220,183,35,20,52,0,182,13,Wednesday,2,0,2025-04,April,290,6.447309915518009,2.9260450160771705,0.4446420631391729,119,3,Positive
LI_0397,3,LinkedIn,2025-08-21,07:52:51,Article/Link,Why Python Automation matters more than ever for modern business growth. #DigitalMarketing #SocialMedia2025,#DigitalMarketing #SocialMedia2025,895,1559,60,12,7,15,0,25,7,Thursday,3,0,2025-08,August,94,10.502793296089386,1.603592046183451,0.782122905027933,107,2,Positive
LI_0398,3,LinkedIn,2025-03-20,17:26:44,Text,Top 5 actionable strategies for Cloud Scale in 2025. Save this post for later! #StartupLife #AI #DigitalMarketing #MachineLearning,#StartupLife #AI #DigitalMarketing #MachineLearning,4160,5372,133,9,15,36,0,122,17,Thursday,3,0,2025-03,March,193,4.639423076923077,2.271034996276992,0.3605769230769231,130,4,Positive
LI_0399,3,LinkedIn,2025-10-14,23:20:28,Video,Top 5 actionable strategies for Brand Strategy in 2025. Save this post for later! #Innovation #MarketingStrategy #AI #MachineLearning,#Innovation #MarketingStrategy #AI #MachineLearning,4375,6016,300,48,13,79,3390,129,23,Tuesday,1,0,2025-10,October,440,10.057142857142857,2.144281914893617,0.29714285714285715,133,4,Positive
LI_0400,3,LinkedIn,2025-11-02,16:18:21,Article/Link,Sunday motivation: Start your week with a fresh mindset on Brand Strategy. #Leadership #TechTrends #DataAnalytics,#Leadership #TechTrends #DataAnalytics,1230,1466,75,18,8,22,0,36,16,Sunday,6,1,2025-11,November,123,10.0,2.455661664392906,0.6504065040650406,113,3,Positive
LI_0401,3,LinkedIn,2025-03-06,22:00:11,Image,We are excited to announce our newest breakthrough in Brand Strategy. Check out the link below! #Innovation,#Innovation,960,1088,23,5,2,4,0,45,22,Thursday,3,0,2025-03,March,34,3.5416666666666665,4.136029411764706,0.20833333333333334,107,1,Positive
LI_0402,3,LinkedIn,2025-02-06,21:18:52,Document/Carousel,Case study alert: How we boosted results by 350% using Customer Engagement. #DesignThinking #MachineLearning #Innovation,#DesignThinking #MachineLearning #Innovation,13606,23113,273,50,25,13,0,655,21,Thursday,3,0,2025-02,February,361,2.6532412171100987,2.833902998312638,0.18374246655887108,120,3,Positive
LI_0403,3,LinkedIn,2025-10-21,22:44:13,Document/Carousel,Top 5 actionable strategies for Python Automation in 2025. Save this post for later! #MarketingStrategy #DataAnalytics #StartupLife #Productivity,#MarketingStrategy #DataAnalytics #StartupLife #Productivity,6414,9431,318,72,46,90,0,142,22,Tuesday,1,0,2025-10,October,526,8.200810726535703,1.5056727812533135,0.7171811661989398,145,4,Positive
LI_0404,3,LinkedIn,2025-06-12,15:15:17,Video,Case study alert: How we boosted results by 350% using Social Media ROI. #DesignThinking,#DesignThinking,9621,10724,315,20,36,39,5231,327,15,Thursday,3,0,2025-06,June,410,4.26151127741399,3.0492353599403206,0.37418147801683815,88,1,Positive
LI_0405,3,LinkedIn,2025-04-25,01:03:28,Text,No Caption Provided,#MachineLearning,2078,2561,155,26,4,39,0,65,1,Friday,4,0,2025-04,April,224,10.779595765158806,2.5380710659898478,0.192492781520693,19,1,Neutral
LI_0406,3,LinkedIn,2025-10-23,02:27:56,Video,We are excited to announce our newest breakthrough in Social Media ROI. Check out the link below! #MarketingStrategy #DesignThinking #SocialMedia2025,#MarketingStrategy #DesignThinking #SocialMedia2025,7252,10019,342,24,23,63,4572,166,2,Thursday,3,0,2025-10,October,452,6.232763375620518,1.6568519812356524,0.31715388858246,149,3,Positive
LI_0407,3,LinkedIn,2025-03-26,06:47:24,Document/Carousel,Case study alert: How we boosted results by 350% using Python Automation. #DigitalMarketing #Coding #StartupLife,#DigitalMarketing #Coding #StartupLife,8861,14718,574,77,63,95,0,313,6,Wednesday,2,0,2025-03,March,809,9.129895045705902,2.1266476423427094,0.7109807019523756,112,3,Positive
LI_0408,3,LinkedIn,2025-04-24,08:02:18,Article/Link,Case study alert: How we boosted results by 350% using Data Analytics. #GrowthHacking,#GrowthHacking,667,889,41,6,4,8,0,32,8,Thursday,3,0,2025-04,April,59,8.845577211394302,3.59955005624297,0.5997001499250375,85,1,Positive
LI_0409,3,LinkedIn,2025-09-04,19:19:12,Document/Carousel,Sunday motivation: Start your week with a fresh mindset on Data Analytics. #Coding #GrowthHacking,#Coding #GrowthHacking,3380,5405,121,15,6,7,0,103,19,Thursday,3,0,2025-09,September,149,4.408284023668639,1.9056429232192413,0.17751479289940827,97,2,Positive
LI_0410,3,LinkedIn,2025-01-12,07:52:39,Article/Link,Discover how Cloud Scale is transforming the industry! What are your thoughts? #AI #SocialMedia2025 #DesignThinking,#AI #SocialMedia2025 #DesignThinking,1464,2284,81,19,6,6,0,47,7,Sunday,6,1,2025-01,January,112,7.650273224043716,2.0577933450087564,0.4098360655737705,115,3,Positive
LI_0411,3,LinkedIn,2025-03-07,17:47:56,Article/Link,No Caption Provided,#Innovation,1913,3017,46,6,2,5,0,107,17,Friday,4,0,2025-03,March,59,3.0841610036591742,3.5465694398409013,0.10454783063251437,19,1,Neutral
LI_0412,3,LinkedIn,2025-07-01,14:18:24,Text,We are excited to announce our newest breakthrough in Python Automation. Check out the link below! #AI,#AI,4032,6496,119,10,14,19,0,113,14,Tuesday,1,0,2025-07,July,162,4.017857142857143,1.7395320197044335,0.3472222222222222,102,1,Positive
LI_0413,3,LinkedIn,2025-12-25,05:19:16,Video,Unpopular opinion about Customer Engagement: Most teams are doing it wrong. Here is why... #SocialMedia2025 #Leadership,#SocialMedia2025 #Leadership,9230,11259,245,55,26,39,4627,171,5,Thursday,3,0,2025-12,December,365,3.954496208017335,1.518784972022382,0.28169014084507044,119,2,Negative
LI_0414,3,LinkedIn,2025-05-29,19:50:03,Video,Why Data Analytics matters more than ever for modern business growth. #MarketingStrategy #TechTrends #AI #Innovation,#MarketingStrategy #TechTrends #AI #Innovation,10002,11966,482,104,13,100,4801,406,19,Thursday,3,0,2025-05,May,699,6.988602279544091,3.3929466822664214,0.1299740051989602,116,4,Positive
LI_0415,3,LinkedIn,2025-06-17,02:24:39,Article/Link,Discover how Brand Strategy is transforming the industry! What are your thoughts? #AI #StartupLife #MachineLearning,#AI #StartupLife #MachineLearning,1614,1866,81,14,8,18,0,73,2,Tuesday,1,0,2025-06,June,121,7.496902106567534,3.912111468381565,0.49566294919454773,115,3,Positive
LI_0416,3,LinkedIn,2025-01-25,00:28:06,Image,Quick question for our community: How do you handle Executive Leadership in your daily workflow? #MarketingStrategy #DataAnalytics,#MarketingStrategy #DataAnalytics,4997,7346,100,23,10,20,0,269,0,Saturday,5,1,2025-01,January,153,3.061837102261357,3.661856792812415,0.20012007204322593,130,2,Neutral
LI_0417,3,LinkedIn,2025-04-15,20:54:36,Text,Discover how User Experience is transforming the industry! What are your thoughts? #Productivity #SocialMedia2025,#Productivity #SocialMedia2025,1348,1874,59,4,7,14,0,54,20,Tuesday,1,0,2025-04,April,84,6.231454005934718,2.88153681963714,0.5192878338278931,113,2,Positive
LI_0418,3,LinkedIn,2025-01-05,09:03:21,Image,Discover how Customer Engagement is transforming the industry! What are your thoughts? #DigitalMarketing #Coding #AI,#DigitalMarketing #Coding #AI,3190,4098,152,8,13,14,0,149,9,Sunday,6,1,2025-01,January,187,5.862068965517241,3.6359199609565644,0.40752351097178685,116,3,Positive
LI_0419,3,LinkedIn,2025-02-18,17:49:59,Video,Discover how User Experience is transforming the industry! What are your thoughts? #Productivity #MachineLearning #MarketingStrategy #SocialMedia2025,#Productivity #MachineLearning #MarketingStrategy #SocialMedia2025,3954,4678,80,17,8,23,2388,152,17,Tuesday,1,0,2025-02,February,128,3.2372281234193223,3.2492518170158182,0.20232675771370764,149,4,Positive
LI_0420,3,LinkedIn,2025-04-10,04:26:52,Video,We are excited to announce our newest breakthrough in Brand Strategy. Check out the link below! #MarketingStrategy #MachineLearning #DataAnalytics,#MarketingStrategy #MachineLearning #DataAnalytics,8789,13068,201,30,18,59,6362,367,4,Thursday,3,0,2025-04,April,308,3.504380475594493,2.80838689929599,0.20480145636591193,146,3,Positive
LI_0421,3,LinkedIn,2025-12-25,11:08:36,Text,Unpopular opinion about Social Media ROI: Most teams are doing it wrong. Here is why... #MachineLearning #Productivity #StartupLife,#MachineLearning #Productivity #StartupLife,613,720,16,1,0,1,0,21,11,Thursday,3,0,2025-12,December,18,2.936378466557912,2.9166666666666665,0.0,131,3,Negative
LI_0422,3,LinkedIn,2025-10-06,20:06:13,Text,No Caption Provided,#AI #Leadership,784,992,27,6,3,4,0,39,20,Monday,0,0,2025-10,October,40,5.1020408163265305,3.931451612903226,0.3826530612244898,19,2,Neutral
LI_0423,3,LinkedIn,2025-10-06,15:43:12,Article/Link,Quick question for our community: How do you handle Social Media ROI in your daily workflow? #Innovation #DataAnalytics,#Innovation #DataAnalytics,1495,2368,56,10,5,3,0,39,15,Monday,0,0,2025-10,October,74,4.949832775919733,1.6469594594594592,0.33444816053511706,119,2,Positive
LI_0424,3,LinkedIn,2025-08-16,18:03:21,Image,Sunday motivation: Start your week with a fresh mindset on AI Workflow. #DesignThinking #Leadership,#DesignThinking #Leadership,3035,4844,198,28,28,27,0,68,18,Saturday,5,1,2025-08,August,281,9.258649093904447,1.4037985136251032,0.9225700164744647,99,2,Positive
LI_0425,3,LinkedIn,2025-07-19,00:01:13,Article/Link,No Caption Provided,#Coding #TechTrends #DesignThinking #AI,3658,4488,243,21,27,44,0,105,0,Saturday,5,1,2025-07,July,335,9.15800984144341,2.339572192513369,0.7381082558775287,19,4,Neutral
LI_0426,3,LinkedIn,2025-08-10,02:33:40,Document/Carousel,Why User Experience matters more than ever for modern business growth. #TechTrends #StartupLife,#TechTrends #StartupLife,8374,13551,543,106,51,124,0,284,2,Sunday,6,1,2025-08,August,824,9.839980893240984,2.0957862888347725,0.6090279436350609,95,2,Positive
LI_0427,3,LinkedIn,2025-02-23,23:03:41,Article/Link,Unpopular opinion about Python Automation: Most teams are doing it wrong. Here is why... #Coding,#Coding,2680,4351,195,36,26,10,0,75,23,Sunday,6,1,2025-02,February,267,9.962686567164178,1.7237416685819351,0.9701492537313432,96,1,Negative
LI_0428,3,LinkedIn,2025-09-20,14:26:18,Image,Why Cloud Scale matters more than ever for modern business growth. #DesignThinking #DataAnalytics #Innovation,#DesignThinking #DataAnalytics #Innovation,3209,5128,236,12,4,18,0,126,14,Saturday,5,1,2025-09,September,270,8.413836086008102,2.4570982839313573,0.12464942349641632,109,3,Positive
LI_0429,3,LinkedIn,2025-12-01,10:49:13,Article/Link,Behind the scenes at our team workshop on Executive Leadership. Innovation starts here! #Productivity #DesignThinking #DigitalMarketing,#Productivity #DesignThinking #DigitalMarketing,3654,5175,200,43,23,9,0,153,10,Monday,0,0,2025-12,December,275,7.52599890530925,2.9565217391304346,0.629447181171319,135,3,Positive
LI_0430,3,LinkedIn,2025-08-20,12:54:45,Image,Behind the scenes at our team workshop on Python Automation. Innovation starts here! #Coding,#Coding,6267,10927,204,35,12,39,0,285,12,Wednesday,2,0,2025-08,August,290,4.627413435455561,2.6082181751624414,0.19147917663954045,92,1,Positive
LI_0431,3,LinkedIn,2025-12-27,20:50:12,Article/Link,Unpopular opinion about Cloud Scale: Most teams are doing it wrong. Here is why... #Leadership #SocialMedia2025 #DesignThinking,#Leadership #SocialMedia2025 #DesignThinking,3217,4476,254,40,17,41,0,192,20,Saturday,5,1,2025-12,December,352,10.941871308672676,4.289544235924933,0.5284426484302145,127,3,Negative
LI_0432,3,LinkedIn,2025-12-22,07:39:52,Text,Unpopular opinion about AI Workflow: Most teams are doing it wrong. Here is why... #Leadership #BusinessTips #AI #StartupLife,#Leadership #BusinessTips #AI #StartupLife,531,816,26,4,1,1,0,10,7,Monday,0,0,2025-12,December,32,6.0263653483992465,1.2254901960784315,0.18832391713747645,125,4,Negative
LI_0433,3,LinkedIn,2025-05-01,06:53:04,Document/Carousel,Discover how User Experience is transforming the industry! What are your thoughts? #MarketingStrategy #SocialMedia2025 #GrowthHacking,#MarketingStrategy #SocialMedia2025 #GrowthHacking,2770,4530,215,50,23,26,0,54,6,Thursday,3,0,2025-05,May,314,11.335740072202166,1.1920529801324504,0.8303249097472925,133,3,Positive
LI_0434,3,LinkedIn,2025-06-19,04:19:41,Text,Unpopular opinion about Social Media ROI: Most teams are doing it wrong. Here is why... #Innovation #MachineLearning #TechTrends,#Innovation #MachineLearning #TechTrends,929,1196,45,4,5,4,0,10,4,Thursday,3,0,2025-06,June,58,6.243272335844995,0.8361204013377926,0.5382131324004306,128,3,Negative
LI_0435,3,LinkedIn,2025-12-22,16:26:16,Image,Mastering Social Media ROI in under 10 minutes. Read our full step-by-step guide now! #TechTrends,#TechTrends,2114,2613,165,17,23,18,0,50,16,Monday,0,0,2025-12,December,223,10.54872280037843,1.9135093761959432,1.0879848628192998,97,1,Positive
LI_0436,3,LinkedIn,2025-02-25,20:03:42,Document/Carousel,Discover how AI Workflow is transforming the industry! What are your thoughts? #Leadership #StartupLife,#Leadership #StartupLife,5603,7879,248,57,10,13,0,330,20,Tuesday,1,0,2025-02,February,328,5.854006782081028,4.188348775225283,0.17847581652686062,103,2,Positive
LI_0437,3,LinkedIn,2025-07-06,14:03:40,Text,No Caption Provided,#DataAnalytics #StartupLife #TechTrends,2630,4622,144,8,21,10,0,70,14,Sunday,6,1,2025-07,July,183,6.9581749049429655,1.5144958892254434,0.7984790874524715,19,3,Neutral
LI_0438,3,LinkedIn,2025-07-11,11:20:43,Video,Unpopular opinion about Content Marketing: Most teams are doing it wrong. Here is why... #Leadership #BusinessTips,#Leadership #BusinessTips,6917,8881,480,27,42,101,5619,207,11,Friday,4,0,2025-07,July,650,9.397137487350008,2.330818601508839,0.6071996530287697,114,2,Negative
LI_0439,3,LinkedIn,2025-03-14,15:26:26,Document/Carousel,We are excited to announce our newest breakthrough in Data Analytics. Check out the link below! #StartupLife #MarketingStrategy,#StartupLife #MarketingStrategy,4587,8092,277,36,22,51,0,144,15,Friday,4,0,2025-03,March,386,8.41508611292784,1.7795353435491843,0.4796163069544364,127,2,Positive
LI_0440,3,LinkedIn,2025-02-04,12:24:24,Video,Sunday motivation: Start your week with a fresh mindset on Data Analytics. #DataAnalytics,#DataAnalytics,5503,8409,260,44,35,71,3253,255,12,Tuesday,1,0,2025-02,February,410,7.450481555515173,3.0324652158401713,0.6360167181537343,89,1,Positive
LI_0441,3,LinkedIn,2025-12-18,08:25:05,Image,Sunday motivation: Start your week with a fresh mindset on User Experience. #Innovation #BusinessTips,#Innovation #BusinessTips,662,884,14,0,0,1,0,35,8,Thursday,3,0,2025-12,December,15,2.2658610271903323,3.959276018099547,0.0,101,2,Positive
LI_0442,3,LinkedIn,2025-04-30,23:45:07,Article/Link,Sunday motivation: Start your week with a fresh mindset on Social Media ROI. #DesignThinking #TechTrends #GrowthHacking #DigitalMarketing,#DesignThinking #TechTrends #GrowthHacking #DigitalMarketing,2048,3029,150,31,20,42,0,26,23,Wednesday,2,0,2025-04,April,243,11.865234375,0.8583690987124464,0.9765625,137,4,Positive
LI_0443,3,LinkedIn,2025-12-22,00:56:20,Video,Behind the scenes at our team workshop on Python Automation. Innovation starts here! #Coding,#Coding,7919,10737,433,33,58,65,3219,304,0,Monday,0,0,2025-12,December,589,7.437807804015659,2.831330911800317,0.7324157090541735,92,1,Positive
LI_0444,3,LinkedIn,2025-05-16,16:01:06,Article/Link,Unpopular opinion about Brand Strategy: Most teams are doing it wrong. Here is why... #GrowthHacking #Leadership,#GrowthHacking #Leadership,1962,2502,97,22,5,13,0,99,16,Friday,4,0,2025-05,May,137,6.982670744138635,3.9568345323741005,0.254841997961264,112,2,Negative
LI_0445,3,LinkedIn,2025-08-28,16:40:50,Image,Sunday motivation: Start your week with a fresh mindset on Python Automation. #MarketingStrategy,#MarketingStrategy,4186,7398,122,13,8,3,0,167,16,Thursday,3,0,2025-08,August,146,3.487816531294792,2.257366855907002,0.19111323459149546,96,1,Positive
LI_0446,3,LinkedIn,2025-12-18,02:35:32,Text,No Caption Provided,#Leadership,21999,34138,1682,95,118,366,0,816,2,Thursday,3,0,2025-12,December,2261,10.277739897268058,2.390298201417775,0.5363880176371653,19,1,Neutral
LI_0447,3,LinkedIn,2025-11-25,14:36:54,Text,Why User Experience matters more than ever for modern business growth. #StartupLife #AI #MarketingStrategy,#StartupLife #AI #MarketingStrategy,1826,2166,55,11,2,9,0,51,14,Tuesday,1,0,2025-11,November,77,4.216867469879518,2.3545706371191137,0.10952902519167579,106,3,Positive
LI_0448,3,LinkedIn,2025-07-24,00:39:20,Document/Carousel,Why AI Workflow matters more than ever for modern business growth. #SocialMedia2025 #TechTrends #Coding,#SocialMedia2025 #TechTrends #Coding,62153,98481,4149,775,345,1122,0,1762,0,Thursday,3,0,2025-07,July,6391,10.282689492059918,1.7891776078634458,0.5550818142326195,103,3,Positive
LI_0449,3,LinkedIn,2025-01-29,17:09:33,Image,Case study alert: How we boosted results by 350% using Customer Engagement. #DataAnalytics #BusinessTips,#DataAnalytics #BusinessTips,4917,7463,231,18,32,29,0,213,17,Wednesday,2,0,2025-01,January,310,6.304657311368721,2.8540801286345974,0.6508033353670938,104,2,Positive
LI_0450,3,LinkedIn,2025-10-20,00:01:06,Text,Case study alert: How we boosted results by 350% using Data Analytics. #Leadership,#Leadership,541,661,22,1,2,3,0,9,0,Monday,0,0,2025-10,October,28,5.175600739371535,1.361573373676248,0.36968576709796674,82,1,Positive
LI_0451,3,LinkedIn,2025-11-13,06:23:39,Image,Why Social Media ROI matters more than ever for modern business growth. #GrowthHacking #Innovation #DesignThinking #Productivity,#GrowthHacking #Innovation #DesignThinking #Productivity,3334,5284,199,47,20,52,0,103,6,Thursday,3,0,2025-11,November,318,9.538092381523695,1.9492808478425434,0.599880023995201,128,4,Positive
LI_0452,3,LinkedIn,2025-06-08,09:15:45,Video,Sunday motivation: Start your week with a fresh mindset on Brand Strategy. #BusinessTips #StartupLife,#BusinessTips #StartupLife,3586,5572,83,5,4,9,2723,114,9,Sunday,6,1,2025-06,June,101,2.816508644729504,2.0459440057430007,0.11154489682097045,101,2,Positive
LI_0453,3,LinkedIn,2025-07-07,03:22:58,Video,Why Content Marketing matters more than ever for modern business growth. #Coding #DesignThinking #Innovation #DataAnalytics,#Coding #DesignThinking #Innovation #DataAnalytics,8819,12142,479,98,47,57,4035,386,3,Monday,0,0,2025-07,July,681,7.721963941489965,3.1790479327952563,0.5329402426578977,123,4,Positive
LI_0454,3,LinkedIn,2025-06-13,12:30:23,Image,Quick question for our community: How do you handle Executive Leadership in your daily workflow? #Innovation #StartupLife #TechTrends,#Innovation #StartupLife #TechTrends,6590,9052,333,34,32,6,0,85,12,Friday,4,0,2025-06,June,405,6.145675265553869,0.939019001325674,0.48558421851289835,133,3,Positive
LI_0455,3,LinkedIn,2025-03-29,10:18:45,Article/Link,Sunday motivation: Start your week with a fresh mindset on Executive Leadership. #DigitalMarketing #GrowthHacking #TechTrends,#DigitalMarketing #GrowthHacking #TechTrends,2275,2835,80,16,4,23,0,106,10,Saturday,5,1,2025-03,March,123,5.406593406593407,3.738977072310406,0.1758241758241758,125,3,Positive
LI_0456,3,LinkedIn,2025-01-30,18:51:45,Image,Case study alert: How we boosted results by 350% using Cloud Scale. #BusinessTips #StartupLife #Coding,#BusinessTips #StartupLife #Coding,7070,11374,394,84,11,44,0,274,18,Thursday,3,0,2025-01,January,533,7.538896746817539,2.4090029892737825,0.15558698727015557,102,3,Positive
LI_0457,3,LinkedIn,2025-12-04,16:31:41,Video,Discover how Customer Engagement is transforming the industry! What are your thoughts? #Coding,#Coding,2516,4279,90,10,13,13,2179,26,16,Thursday,3,0,2025-12,December,126,5.007949125596185,0.6076186024772143,0.5166931637519873,94,1,Positive
LI_0458,3,LinkedIn,2025-10-22,18:49:29,Text,Sunday motivation: Start your week with a fresh mindset on Cloud Scale. #MachineLearning,#General,1060,1728,39,9,2,8,0,25,18,Wednesday,2,0,2025-10,October,58,5.471698113207547,1.4467592592592593,0.18867924528301888,88,1,Positive
LI_0459,3,LinkedIn,2025-05-07,16:35:25,Text,We are excited to announce our newest breakthrough in Cloud Scale. Check out the link below! #StartupLife #Leadership #DesignThinking,#StartupLife #Leadership #DesignThinking,2102,2986,104,16,13,11,0,36,16,Wednesday,2,0,2025-05,May,144,6.850618458610846,1.2056262558606832,0.6184586108468125,133,3,Positive
LI_0460,3,LinkedIn,2025-08-08,22:33:41,Document/Carousel,Why User Experience matters more than ever for modern business growth. #Innovation #SocialMedia2025 #Productivity #Leadership,#Innovation #SocialMedia2025 #Productivity #Leadership,3221,4699,235,47,34,18,0,32,22,Friday,4,0,2025-08,August,334,10.369450481217013,0.6809959565865078,1.055572803477181,125,4,Positive
LI_0461,3,LinkedIn,2025-10-25,07:45:22,Image,Top 5 actionable strategies for Brand Strategy in 2025. Save this post for later! #MarketingStrategy #MachineLearning #Leadership #GrowthHacking,#MarketingStrategy #MachineLearning #Leadership #GrowthHacking,4038,5151,297,45,6,16,0,96,7,Saturday,5,1,2025-10,October,364,9.014363546310054,1.8637157833430402,0.1485884101040119,144,4,Positive
LI_0462,3,LinkedIn,2025-11-06,08:49:32,Article/Link,Top 5 actionable strategies for Python Automation in 2025. Save this post for later! #Coding,#Coding,1771,2943,49,3,6,12,0,23,8,Thursday,3,0,2025-11,November,70,3.9525691699604746,0.7815154604145429,0.33879164313946925,92,1,Positive
LI_0463,3,LinkedIn,2025-06-21,22:19:45,Image,Discover how Brand Strategy is transforming the industry! What are your thoughts? #AI #BusinessTips,#AI #BusinessTips,1409,2176,53,5,2,7,0,61,22,Saturday,5,1,2025-06,June,67,4.755145493257629,2.8033088235294117,0.14194464158977999,99,2,Positive
LI_0464,3,LinkedIn,2025-09-09,02:27:15,Video,Mastering Customer Engagement in under 10 minutes. Read our full step-by-step guide now! #Leadership #Productivity #GrowthHacking,#Leadership #Productivity #GrowthHacking,1688,2809,46,3,4,0,1134,32,2,Tuesday,1,0,2025-09,September,53,3.139810426540284,1.1391954432182272,0.23696682464454977,129,3,Positive
LI_0465,3,LinkedIn,2025-07-22,15:09:11,Article/Link,Unpopular opinion about Brand Strategy: Most teams are doing it wrong. Here is why... #SocialMedia2025 #BusinessTips #Productivity,#SocialMedia2025 #BusinessTips #Productivity,1487,2503,36,8,1,9,0,65,15,Tuesday,1,0,2025-07,July,54,3.63147276395427,2.596883739512585,0.06724949562878278,130,3,Negative
LI_0466,3,LinkedIn,2025-12-06,19:03:11,Text,Quick question for our community: How do you handle Python Automation in your daily workflow? #Coding,#Coding,4382,6016,330,56,39,20,0,153,19,Saturday,5,1,2025-12,December,445,10.155180282975811,2.543218085106383,0.8900045641259698,101,1,Neutral
LI_0467,3,LinkedIn,2025-05-27,16:20:52,Article/Link,Top 5 actionable strategies for Social Media ROI in 2025. Save this post for later! #DataAnalytics,#DataAnalytics,3234,3936,184,29,25,6,0,150,16,Tuesday,1,0,2025-05,May,244,7.544836116264688,3.8109756097560976,0.7730364873222016,98,1,Positive
LI_0468,3,LinkedIn,2025-09-01,07:34:21,Text,Why Cloud Scale matters more than ever for modern business growth. #DigitalMarketing #MarketingStrategy #DesignThinking #Leadership,#DigitalMarketing #MarketingStrategy #DesignThinking #Leadership,961,1692,59,12,2,3,0,31,7,Monday,0,0,2025-09,September,76,7.908428720083246,1.8321513002364065,0.20811654526534862,131,4,Positive
LI_0469,3,LinkedIn,2025-01-04,18:24:58,Text,Why Executive Leadership matters more than ever for modern business growth. #Productivity #DigitalMarketing,#Productivity #DigitalMarketing,6457,7135,199,31,25,17,0,269,18,Saturday,5,1,2025-01,January,272,4.212482577048164,3.7701471618780658,0.38717670744927984,107,2,Positive
LI_0470,3,LinkedIn,2025-11-22,13:24:31,Article/Link,We are excited to announce our newest breakthrough in Python Automation. Check out the link below! #DataAnalytics #StartupLife,#DataAnalytics #StartupLife,5093,7216,298,60,8,31,0,137,13,Saturday,5,1,2025-11,November,397,7.795012762615354,1.898558758314856,0.1570783428234832,126,2,Positive
LI_0471,3,LinkedIn,2025-03-06,16:49:52,Video,Discover how Social Media ROI is transforming the industry! What are your thoughts? #Productivity #DesignThinking #Leadership,#Productivity #DesignThinking #Leadership,2666,3407,175,42,11,18,2277,96,16,Thursday,3,0,2025-03,March,246,9.227306826706677,2.8177282066334017,0.41260315078769694,125,3,Positive
LI_0472,3,LinkedIn,2025-10-24,16:22:45,Text,Why Data Analytics matters more than ever for modern business growth. #AI #Coding #BusinessTips,#AI #Coding #BusinessTips,2521,4457,104,17,10,27,0,75,16,Friday,4,0,2025-10,October,158,6.267354224514082,1.6827462418667265,0.39666798889329624,95,3,Positive
LI_0473,3,LinkedIn,2025-06-25,13:50:22,Article/Link,Why Customer Engagement matters more than ever for modern business growth. #MachineLearning #StartupLife #BusinessTips,#MachineLearning #StartupLife #BusinessTips,1684,2691,96,6,10,8,0,67,13,Wednesday,2,0,2025-06,June,120,7.1258907363420425,2.489780750650316,0.5938242280285035,118,3,Positive
LI_0474,3,LinkedIn,2025-01-15,00:23:05,Text,Behind the scenes at our team workshop on Social Media ROI. Innovation starts here! #StartupLife #Innovation,#StartupLife #Innovation,2697,4085,190,45,14,3,0,82,0,Wednesday,2,0,2025-01,January,252,9.343715239154617,2.00734394124847,0.5190952910641453,108,2,Positive
LI_0475,3,LinkedIn,2025-02-13,04:41:18,Image,Discover how Content Marketing is transforming the industry! What are your thoughts? #Innovation #SocialMedia2025,#Innovation #SocialMedia2025,2055,3620,102,22,7,17,0,46,4,Thursday,3,0,2025-02,February,148,7.201946472019465,1.270718232044199,0.34063260340632606,113,2,Positive
LI_0476,3,LinkedIn,2025-10-08,02:45:21,Image,Why AI Workflow matters more than ever for modern business growth. #Productivity #DataAnalytics #Coding,#Productivity #DataAnalytics #Coding,5360,7119,254,19,26,38,0,190,2,Wednesday,2,0,2025-10,October,337,6.287313432835822,2.668914173338952,0.4850746268656716,103,3,Positive
LI_0477,3,LinkedIn,2025-07-07,22:08:31,Document/Carousel,Quick question for our community: How do you handle Brand Strategy in your daily workflow? #MachineLearning #Innovation #StartupLife #DigitalMarketing,#MachineLearning #Innovation #StartupLife #DigitalMarketing,3732,5001,202,49,4,22,0,204,22,Monday,0,0,2025-07,July,277,7.422293676312969,4.079184163167366,0.10718113612004287,150,4,Positive
LI_0478,3,LinkedIn,2025-12-30,22:59:37,Image,Top 5 actionable strategies for Customer Engagement in 2025. Save this post for later! #Coding #Productivity #DigitalMarketing,#Coding #Productivity #DigitalMarketing,4288,7544,263,20,34,71,0,73,22,Tuesday,1,0,2025-12,December,388,9.048507462686567,0.9676564156945917,0.792910447761194,126,3,Positive
LI_0479,3,LinkedIn,2025-09-29,23:29:32,Video,Sunday motivation: Start your week with a fresh mindset on AI Workflow. #StartupLife #GrowthHacking #AI #DesignThinking,#StartupLife #GrowthHacking #AI #DesignThinking,2877,3767,214,31,24,21,1237,58,23,Monday,0,0,2025-09,September,290,10.07994438651373,1.5396867533846563,0.8342022940563086,119,4,Positive
LI_0480,3,LinkedIn,2025-07-17,22:40:52,Text,Case study alert: How we boosted results by 350% using Content Marketing. #SocialMedia2025,#SocialMedia2025,4129,5086,263,49,13,57,0,60,22,Thursday,3,0,2025-07,July,382,9.251634778396706,1.1797090051120724,0.31484620973601357,90,1,Positive
LI_0481,3,LinkedIn,2025-05-27,00:20:59,Video,Unpopular opinion about User Experience: Most teams are doing it wrong. Here is why... #DesignThinking #BusinessTips,#DesignThinking #BusinessTips,9201,15183,501,34,61,17,6218,109,0,Tuesday,1,0,2025-05,May,613,6.6623193131181395,0.7179081867878548,0.6629714161504184,116,2,Negative
LI_0482,3,LinkedIn,2025-10-20,11:32:27,Image,Sunday motivation: Start your week with a fresh mindset on Data Analytics. #Coding #Productivity #Leadership,#Coding #Productivity #Leadership,1164,1932,69,15,4,8,0,16,11,Monday,0,0,2025-10,October,96,8.24742268041237,0.8281573498964804,0.3436426116838488,108,3,Positive
LI_0483,3,LinkedIn,2025-02-28,07:25:31,Video,Unpopular opinion about Customer Engagement: Most teams are doing it wrong. Here is why... #Leadership #AI #DataAnalytics,#Leadership #AI #DataAnalytics,7744,10862,236,33,21,8,5008,189,7,Friday,4,0,2025-02,February,298,3.848140495867768,1.740011047689192,0.27117768595041325,121,3,Negative
LI_0484,3,LinkedIn,2025-03-26,22:32:45,Video,Discover how Cloud Scale is transforming the industry! What are your thoughts? #DataAnalytics,#DataAnalytics,6834,8977,150,26,21,3,4595,248,22,Wednesday,2,0,2025-03,March,200,2.9265437518290898,2.7626155731313355,0.30728709394205445,93,1,Positive
LI_0485,3,LinkedIn,2025-07-04,05:44:40,Document/Carousel,We are excited to announce our newest breakthrough in AI Workflow. Check out the link below! #SocialMedia2025,#SocialMedia2025,2710,3589,210,41,23,7,0,157,5,Friday,4,0,2025-07,July,281,10.3690036900369,4.374477570353859,0.8487084870848708,109,1,Positive
LI_0486,3,LinkedIn,2025-07-24,17:48:21,Article/Link,Case study alert: How we boosted results by 350% using AI Workflow. #AI #TechTrends #StartupLife #DataAnalytics,#AI #TechTrends #StartupLife #DataAnalytics,691,815,34,6,1,3,0,36,17,Thursday,3,0,2025-07,July,44,6.367583212735166,4.41717791411043,0.1447178002894356,111,4,Positive
LI_0487,3,LinkedIn,2025-01-12,09:03:58,Article/Link,Top 5 actionable strategies for User Experience in 2025. Save this post for later! #BusinessTips #TechTrends #Leadership,#BusinessTips #TechTrends #Leadership,2144,3513,87,18,7,9,0,96,9,Sunday,6,1,2025-01,January,121,5.643656716417911,2.7327070879590094,0.3264925373134328,120,3,Positive
LI_0488,3,LinkedIn,2025-04-26,02:44:22,Video,Why AI Workflow matters more than ever for modern business growth. #TechTrends #Productivity #DataAnalytics #StartupLife,#TechTrends #Productivity #DataAnalytics #StartupLife,5977,6896,353,77,41,82,3333,325,2,Saturday,5,1,2025-04,April,553,9.252133177179186,4.712877030162413,0.68596285762088,120,4,Positive
LI_0489,3,LinkedIn,2025-04-07,20:52:27,Video,Discover how Data Analytics is transforming the industry! What are your thoughts? #BusinessTips #Productivity #Leadership #TechTrends,#BusinessTips #Productivity #Leadership #TechTrends,10865,15013,606,131,43,126,5680,497,20,Monday,0,0,2025-04,April,906,8.338702254947078,3.31046426430427,0.3957662218131615,133,4,Positive
LI_0490,3,LinkedIn,2025-01-31,01:03:57,Article/Link,Discover how Cloud Scale is transforming the industry! What are your thoughts? #DesignThinking,#DesignThinking,3326,3811,197,31,9,12,0,82,1,Friday,4,0,2025-01,January,249,7.486470234515935,2.1516662293361324,0.27059530968129886,94,1,Positive
LI_0491,3,LinkedIn,2025-10-01,17:52:25,Document/Carousel,We are excited to announce our newest breakthrough in Cloud Scale. Check out the link below! #Innovation #StartupLife,#Innovation #StartupLife,3686,5943,259,38,9,66,0,96,17,Wednesday,2,0,2025-10,October,372,10.092240911557242,1.6153457849570922,0.24416711882799783,117,2,Positive
LI_0492,3,LinkedIn,2025-10-09,12:17:38,Article/Link,Sunday motivation: Start your week with a fresh mindset on Brand Strategy. #DataAnalytics,#DataAnalytics,5319,9405,355,86,49,57,0,97,12,Thursday,3,0,2025-10,October,547,10.283887948862567,1.0313662945241893,0.9212257943222409,89,1,Positive
LI_0493,3,LinkedIn,2025-04-16,19:56:41,Video,Case study alert: How we boosted results by 350% using Python Automation. #MarketingStrategy #DataAnalytics,#MarketingStrategy #DataAnalytics,5582,7059,197,24,11,26,4464,200,19,Wednesday,2,0,2025-04,April,258,4.621999283410964,2.833262501770789,0.19706198495163021,107,2,Positive
LI_0494,3,LinkedIn,2025-07-21,08:24:22,Image,No Caption Provided,#BusinessTips,2589,4461,141,20,3,12,0,92,8,Monday,0,0,2025-07,July,176,6.797991502510622,2.0623178659493386,0.11587485515643105,19,1,Neutral
LI_0495,3,LinkedIn,2025-05-18,09:12:49,Article/Link,Behind the scenes at our team workshop on Executive Leadership. Innovation starts here! #SocialMedia2025 #AI,#SocialMedia2025 #AI,2769,4774,67,10,2,6,0,154,9,Sunday,6,1,2025-05,May,85,3.069700252798844,3.225806451612903,0.07222824124232576,108,2,Positive
LI_0496,3,LinkedIn,2025-09-22,22:07:15,Image,Behind the scenes at our team workshop on Brand Strategy. Innovation starts here! #GrowthHacking #MachineLearning #StartupLife,#GrowthHacking #MachineLearning #StartupLife,2692,3447,173,25,9,27,0,61,22,Monday,0,0,2025-09,September,234,8.692421991084695,1.769654772265738,0.3343239227340267,126,3,Positive
LI_0497,3,LinkedIn,2025-04-29,18:11:53,Article/Link,Behind the scenes at our team workshop on Data Analytics. Innovation starts here! #DigitalMarketing #DesignThinking,#DigitalMarketing #DesignThinking,2253,4042,159,19,11,21,0,23,18,Tuesday,1,0,2025-04,April,210,9.320905459387484,0.5690252350321623,0.4882379050155349,115,2,Positive
LI_0498,3,LinkedIn,2025-07-31,23:25:48,Video,Mastering Executive Leadership in under 10 minutes. Read our full step-by-step guide now! #DataAnalytics #SocialMedia2025,#DataAnalytics #SocialMedia2025,5663,7287,155,10,20,44,3525,303,23,Thursday,3,0,2025-07,July,229,4.043793042556949,4.158089748867847,0.35316969803990816,121,2,Positive
LI_0499,3,LinkedIn,2025-07-08,23:57:41,Image,Why User Experience matters more than ever for modern business growth. #Productivity #StartupLife #Coding,#Productivity #StartupLife #Coding,5255,6492,114,22,10,14,0,293,23,Tuesday,1,0,2025-07,July,160,3.0447193149381544,4.51324707332101,0.19029495718363465,105,3,Positive
LI_0500,3,LinkedIn,2025-07-30,09:27:09,Image,Behind the scenes at our team workshop on Content Marketing. Innovation starts here! #Productivity #SocialMedia2025 #StartupLife,#Productivity #SocialMedia2025 #StartupLife,1749,2836,84,11,1,11,0,88,9,Wednesday,2,0,2025-07,July,107,6.117781589479702,3.1029619181946404,0.05717552887364208,128,3,Positive
LI_0501,3,LinkedIn,2025-06-21,04:31:07,Video,Mastering User Experience in under 10 minutes. Read our full step-by-step guide now! #DigitalMarketing #Coding #Innovation,#DigitalMarketing #Coding #Innovation,4280,5122,107,21,11,27,3206,118,4,Saturday,5,1,2025-06,June,166,3.878504672897196,2.3037875829754,0.25700934579439255,122,3,Positive
LI_0502,3,LinkedIn,2025-01-04,00:26:10,Image,Why Executive Leadership matters more than ever for modern business growth. #DigitalMarketing #Coding,#DigitalMarketing #Coding,5215,8281,204,17,12,8,0,158,0,Saturday,5,1,2025-01,January,241,4.621284755512944,1.9079821277623477,0.23010546500479384,101,2,Positive
LI_0503,3,LinkedIn,2025-05-23,18:43:41,Image,Why Data Analytics matters more than ever for modern business growth. #AI,#AI,114051,135471,7153,763,753,1001,0,6569,18,Friday,4,0,2025-05,May,9670,8.478663054247662,4.849008274833729,0.6602309493121499,73,1,Positive
LI_0504,3,LinkedIn,2025-10-17,10:59:09,Image,Unpopular opinion about Customer Engagement: Most teams are doing it wrong. Here is why... #StartupLife #MachineLearning,#StartupLife #MachineLearning,2692,3243,214,45,19,41,0,91,10,Friday,4,0,2025-10,October,319,11.849925705794947,2.80604378661733,0.7057949479940565,120,2,Negative
LI_0505,3,LinkedIn,2025-07-27,23:58:22,Document/Carousel,Mastering AI Workflow in under 10 minutes. Read our full step-by-step guide now! #TechTrends #MarketingStrategy,#TechTrends #MarketingStrategy,4043,6250,311,44,39,33,0,153,23,Sunday,6,1,2025-07,July,427,10.561464259213455,2.448,0.964630225080386,111,2,Positive
LI_0506,3,LinkedIn,2025-09-26,17:03:59,Document/Carousel,Why User Experience matters more than ever for modern business growth. #AI #MachineLearning #TechTrends,#AI #MachineLearning #TechTrends,1916,3433,52,5,3,4,0,87,17,Friday,4,0,2025-09,September,64,3.3402922755741122,2.5342266239440723,0.15657620041753653,103,3,Positive
LI_0507,3,LinkedIn,2025-09-16,08:46:43,Document/Carousel,Behind the scenes at our team workshop on Executive Leadership. Innovation starts here! #DesignThinking #DigitalMarketing #MarketingStrategy,#DesignThinking #DigitalMarketing #MarketingStrategy,4962,8791,341,62,47,88,0,239,8,Tuesday,1,0,2025-09,September,538,10.842402257154374,2.7186895688772608,0.9471987101975009,140,3,Positive
LI_0508,3,LinkedIn,2025-12-09,17:34:48,Document/Carousel,Case study alert: How we boosted results by 350% using Executive Leadership. #TechTrends #Coding #Leadership #SocialMedia2025,#TechTrends #Coding #Leadership #SocialMedia2025,6143,8222,186,43,7,42,0,284,17,Tuesday,1,0,2025-12,December,278,4.525476151717402,3.454147409389443,0.11395083835259645,125,4,Positive
LI_0509,3,LinkedIn,2025-03-26,14:47:18,Document/Carousel,Discover how Data Analytics is transforming the industry! What are your thoughts? #StartupLife #BusinessTips #Productivity #MachineLearning,#StartupLife #BusinessTips #Productivity #MachineLearning,6959,12090,491,78,23,86,0,416,14,Wednesday,2,0,2025-03,March,678,9.74277913493318,3.4408602150537635,0.33050725678976867,139,4,Positive
LI_0510,3,LinkedIn,2025-12-09,19:16:56,Image,Why Data Analytics matters more than ever for modern business growth. #DataAnalytics,#DataAnalytics,85038,152107,3981,844,331,936,0,3094,19,Tuesday,1,0,2025-12,December,6092,7.163856158423293,2.0340944203751308,0.3892377525341612,84,1,Positive
LI_0511,3,LinkedIn,2025-12-27,15:49:29,Document/Carousel,Discover how Content Marketing is transforming the industry! What are your thoughts? #TechTrends #Leadership,#TechTrends #Leadership,8265,12070,300,31,12,63,0,262,15,Saturday,5,1,2025-12,December,406,4.912280701754386,2.1706710853355426,0.1451905626134301,108,2,Positive
LI_0512,3,LinkedIn,2025-12-17,06:24:28,Article/Link,Quick question for our community: How do you handle Data Analytics in your daily workflow? #DesignThinking #DigitalMarketing #StartupLife #Productivity,#DesignThinking #DigitalMarketing #StartupLife #Productivity,1880,2630,82,15,2,15,0,33,6,Wednesday,2,0,2025-12,December,114,6.0638297872340425,1.2547528517110267,0.10638297872340426,151,4,Neutral
LI_0513,3,LinkedIn,2025-09-02,21:01:20,Image,We are excited to announce our newest breakthrough in Content Marketing. Check out the link below! #GrowthHacking #DesignThinking #MarketingStrategy,#GrowthHacking #DesignThinking #MarketingStrategy,4976,6099,282,69,7,13,0,234,21,Tuesday,1,0,2025-09,September,371,7.455787781350483,3.8366945400885393,0.14067524115755628,148,3,Positive
LI_0514,3,LinkedIn,2025-07-10,16:08:24,Image,Behind the scenes at our team workshop on User Experience. Innovation starts here! #Leadership,#Leadership,876,1197,35,4,2,6,0,20,16,Thursday,3,0,2025-07,July,47,5.365296803652968,1.670843776106934,0.228310502283105,94,1,Positive
LI_0515,3,LinkedIn,2025-06-25,20:18:55,Document/Carousel,Quick question for our community: How do you handle User Experience in your daily workflow? #TechTrends,#TechTrends,12734,17567,960,126,135,63,0,440,20,Wednesday,2,0,2025-06,June,1284,10.08324171509345,2.504696305572949,1.060153918643003,103,1,Neutral
LI_0516,3,LinkedIn,2025-09-30,12:55:24,Video,Unpopular opinion about Cloud Scale: Most teams are doing it wrong. Here is why... #Leadership #MarketingStrategy,#Leadership #MarketingStrategy,4351,5812,320,16,11,18,2766,210,12,Tuesday,1,0,2025-09,September,365,8.388876120432084,3.6132140399174126,0.2528154447253505,113,2,Negative
LI_0517,3,LinkedIn,2025-12-21,21:15:54,Video,Why Customer Engagement matters more than ever for modern business growth. #DataAnalytics,#DataAnalytics,48848,79776,2978,525,267,729,24681,1174,21,Sunday,6,1,2025-12,December,4499,9.210203078938749,1.471620537505014,0.546593514575827,89,1,Positive
LI_0518,3,LinkedIn,2025-07-04,23:30:29,Document/Carousel,Top 5 actionable strategies for Data Analytics in 2025. Save this post for later! #Leadership #DataAnalytics #Coding,#Leadership #DataAnalytics #Coding,7535,11673,318,75,34,47,0,233,23,Friday,4,0,2025-07,July,474,6.290643662906437,1.9960592821040006,0.45122760451227606,116,3,Positive
LI_0519,3,LinkedIn,2025-12-01,22:51:31,Article/Link,We are excited to announce our newest breakthrough in Brand Strategy. Check out the link below! #DigitalMarketing #MachineLearning #Productivity,#DigitalMarketing #MachineLearning #Productivity,2043,3243,137,19,14,18,0,23,22,Monday,0,0,2025-12,December,188,9.202153695545766,0.7092198581560284,0.6852667645619187,144,3,Positive
LI_0520,3,LinkedIn,2025-04-12,23:34:54,Document/Carousel,We are excited to announce our newest breakthrough in Python Automation. Check out the link below! #Innovation #DataAnalytics #DigitalMarketing,#Innovation #DataAnalytics #DigitalMarketing,5512,8515,299,28,23,81,0,184,23,Saturday,5,1,2025-04,April,431,7.819303338171263,2.160892542571932,0.41727140783744554,143,3,Positive
LI_0521,3,LinkedIn,2025-12-13,07:41:25,Article/Link,No Caption Provided,#MarketingStrategy #AI,2955,4955,133,15,8,4,0,130,7,Saturday,5,1,2025-12,December,160,5.414551607445008,2.6236125126135215,0.2707275803722504,19,2,Neutral
LI_0522,3,LinkedIn,2025-08-11,23:38:31,Image,Why Python Automation matters more than ever for modern business growth. #DataAnalytics #DigitalMarketing #Leadership #BusinessTips,#DataAnalytics #DigitalMarketing #Leadership #BusinessTips,2385,3572,144,19,5,25,0,110,23,Monday,0,0,2025-08,August,193,8.09224318658281,3.0795072788353863,0.20964360587002098,131,4,Positive
LI_0523,3,LinkedIn,2025-06-21,06:44:34,Text,Quick question for our community: How do you handle Python Automation in your daily workflow? #MarketingStrategy #AI,#MarketingStrategy #AI,3384,4295,205,22,19,60,0,72,6,Saturday,5,1,2025-06,June,306,9.042553191489363,1.6763678696158322,0.5614657210401891,116,2,Neutral
LI_0524,3,LinkedIn,2025-05-28,00:15:46,Document/Carousel,Mastering Brand Strategy in under 10 minutes. Read our full step-by-step guide now! #DesignThinking #MachineLearning #DigitalMarketing,#DesignThinking #MachineLearning #DigitalMarketing,7351,11445,234,33,20,17,0,93,0,Wednesday,2,0,2025-05,May,304,4.135491769827234,0.8125819134993446,0.2720718269623181,134,3,Positive
LI_0525,3,LinkedIn,2025-08-28,07:25:41,Text,Mastering Content Marketing in under 10 minutes. Read our full step-by-step guide now! #GrowthHacking #MachineLearning,#GrowthHacking #MachineLearning,2225,3568,154,12,17,14,0,78,7,Thursday,3,0,2025-08,August,197,8.853932584269662,2.18609865470852,0.7640449438202248,118,2,Positive
LI_0526,3,LinkedIn,2025-08-07,14:15:06,Image,Sunday motivation: Start your week with a fresh mindset on User Experience. #TechTrends,#TechTrends,58212,93371,3704,739,174,959,0,1031,14,Thursday,3,0,2025-08,August,5576,9.578781007352436,1.1041972346874298,0.2989074417645846,87,1,Positive
LI_0527,3,LinkedIn,2025-10-13,20:47:24,Video,Behind the scenes at our team workshop on Executive Leadership. Innovation starts here! #Innovation #GrowthHacking #StartupLife,#Innovation #GrowthHacking #StartupLife,16674,27620,1120,194,25,75,7476,512,20,Monday,0,0,2025-10,October,1414,8.480268681780016,1.8537291817523531,0.14993402902722802,127,3,Positive
LI_0528,3,LinkedIn,2025-07-07,23:14:49,Image,Unpopular opinion about Data Analytics: Most teams are doing it wrong. Here is why... #GrowthHacking #DesignThinking #Leadership,#GrowthHacking #DesignThinking #Leadership,3088,5474,216,21,18,15,0,179,23,Monday,0,0,2025-07,July,270,8.743523316062177,3.270003653635367,0.582901554404145,128,3,Negative
LI_0529,3,LinkedIn,2025-01-30,11:51:14,Document/Carousel,Top 5 actionable strategies for Data Analytics in 2025. Save this post for later! #BusinessTips #Coding #GrowthHacking,#BusinessTips #Coding #GrowthHacking,4573,7587,174,24,5,28,0,218,11,Thursday,3,0,2025-01,January,231,5.0513885851738465,2.8733359694213787,0.10933741526350316,118,3,Positive
LI_0530,3,LinkedIn,2025-05-16,12:54:59,Text,Discover how Cloud Scale is transforming the industry! What are your thoughts? #Innovation #DataAnalytics #SocialMedia2025,#Innovation #DataAnalytics #SocialMedia2025,5189,5917,178,27,16,32,0,226,12,Friday,4,0,2025-05,May,253,4.8756985931778765,3.8195031265844177,0.30834457506263246,122,3,Positive
LI_0531,3,LinkedIn,2025-03-26,09:39:22,Article/Link,No Caption Provided,#DigitalMarketing #SocialMedia2025 #BusinessTips,3768,4637,98,11,2,7,0,122,9,Wednesday,2,0,2025-03,March,118,3.1316348195329087,2.6310114298037526,0.05307855626326964,19,3,Neutral
LI_0532,3,LinkedIn,2025-06-08,15:16:38,Text,Behind the scenes at our team workshop on Python Automation. Innovation starts here! #Coding,#Coding,659,944,23,2,1,6,0,10,15,Sunday,6,1,2025-06,June,32,4.855842185128983,1.059322033898305,0.15174506828528073,92,1,Positive
LI_0533,3,LinkedIn,2025-04-01,04:12:57,Image,Mastering Content Marketing in under 10 minutes. Read our full step-by-step guide now! #MachineLearning #GrowthHacking #Productivity #SocialMedia2025,#MachineLearning #GrowthHacking #Productivity #SocialMedia2025,4794,7628,279,64,7,66,0,120,4,Tuesday,1,0,2025-04,April,416,8.677513558614935,1.5731515469323543,0.14601585314977056,149,4,Positive
LI_0534,3,LinkedIn,2025-07-10,04:46:13,Text,Unpopular opinion about Python Automation: Most teams are doing it wrong. Here is why... #AI,#AI,1659,1825,119,9,7,30,0,32,4,Thursday,3,0,2025-07,July,165,9.945750452079565,1.7534246575342465,0.42194092827004215,92,1,Negative
LI_0535,3,LinkedIn,2025-01-16,02:29:48,Article/Link,Case study alert: How we boosted results by 350% using Brand Strategy. #AI #SocialMedia2025 #Coding #GrowthHacking,#AI #SocialMedia2025 #Coding #GrowthHacking,2921,4550,74,8,6,13,0,56,2,Thursday,3,0,2025-01,January,101,3.457719958918179,1.2307692307692308,0.20540910647038688,114,4,Positive
LI_0536,3,LinkedIn,2025-07-02,12:14:05,Image,Mastering User Experience in under 10 minutes. Read our full step-by-step guide now! #Productivity #Innovation,#Productivity #Innovation,1747,2451,104,6,2,1,0,44,12,Wednesday,2,0,2025-07,July,113,6.468231253577561,1.7951856385148919,0.11448196908986834,110,2,Positive
LI_0537,3,LinkedIn,2025-03-25,20:20:03,Article/Link,Mastering Data Analytics in under 10 minutes. Read our full step-by-step guide now! #Coding #MachineLearning #AI #Innovation,#Coding #MachineLearning #AI #Innovation,5683,7126,390,25,17,69,0,103,20,Tuesday,1,0,2025-03,March,501,8.815766320605315,1.4454111703620545,0.2991377793418969,124,4,Positive
LI_0538,3,LinkedIn,2025-05-16,01:30:19,Video,Why Executive Leadership matters more than ever for modern business growth. #Coding,#Coding,6155,8273,180,25,16,22,2788,274,1,Friday,4,0,2025-05,May,243,3.9480097481722174,3.3119787259760667,0.25995125913891143,83,1,Positive
LI_0539,3,LinkedIn,2025-03-09,01:11:42,Image,Why Python Automation matters more than ever for modern business growth. #AI #BusinessTips #GrowthHacking,#AI #BusinessTips #GrowthHacking,1627,1923,74,16,2,2,0,26,1,Sunday,6,1,2025-03,March,94,5.777504609711125,1.3520540821632865,0.1229256299938537,105,3,Positive
LI_0540,3,LinkedIn,2025-04-28,22:22:34,Video,Quick question for our community: How do you handle Content Marketing in your daily workflow? #MarketingStrategy,#MarketingStrategy,9583,13948,476,92,17,64,4555,150,22,Monday,0,0,2025-04,April,649,6.772409475112178,1.0754229997132205,0.177397474694772,112,1,Neutral
LI_0541,3,LinkedIn,2025-10-12,23:57:39,Document/Carousel,Sunday motivation: Start your week with a fresh mindset on AI Workflow. #Coding,#Coding,6150,9221,272,43,39,31,0,167,23,Sunday,6,1,2025-10,October,385,6.260162601626017,1.8110833965947295,0.6341463414634146,79,1,Positive
LI_0542,3,LinkedIn,2025-04-22,15:22:17,Image,Case study alert: How we boosted results by 350% using Python Automation. #DesignThinking #AI #MachineLearning,#DesignThinking #AI #MachineLearning,2124,3447,145,31,19,30,0,94,15,Tuesday,1,0,2025-04,April,225,10.59322033898305,2.727008993327531,0.8945386064030132,110,3,Positive
LI_0543,3,LinkedIn,2025-10-10,08:35:44,Document/Carousel,Discover how Brand Strategy is transforming the industry! What are your thoughts? #DigitalMarketing #Innovation #GrowthHacking,#DigitalMarketing #Innovation #GrowthHacking,1013,1596,71,8,9,11,0,31,8,Friday,4,0,2025-10,October,99,9.772951628825272,1.9423558897243107,0.8884501480750246,126,3,Positive
LI_0544,3,LinkedIn,2025-07-23,15:44:09,Video,Why User Experience matters more than ever for modern business growth. #Innovation #StartupLife #TechTrends,#Innovation #StartupLife #TechTrends,6993,9034,267,48,28,25,4052,395,15,Wednesday,2,0,2025-07,July,368,5.262405262405263,4.372371042727474,0.40040040040040037,107,3,Positive
LI_0545,3,LinkedIn,2025-06-11,06:56:13,Document/Carousel,Top 5 actionable strategies for Customer Engagement in 2025. Save this post for later! #BusinessTips #DesignThinking #Coding #Innovation,#BusinessTips #DesignThinking #Coding #Innovation,7580,9374,195,46,28,29,0,274,6,Wednesday,2,0,2025-06,June,298,3.9313984168865437,2.9229784510347767,0.36939313984168864,136,4,Positive
LI_0546,3,LinkedIn,2025-11-12,13:39:54,Article/Link,Mastering User Experience in under 10 minutes. Read our full step-by-step guide now! #MarketingStrategy,#MarketingStrategy,4856,8595,121,24,8,28,0,179,13,Wednesday,2,0,2025-11,November,181,3.727347611202636,2.0826061663758,0.16474464579901155,103,1,Positive
LI_0547,3,LinkedIn,2025-09-25,04:38:28,Text,Mastering Cloud Scale in under 10 minutes. Read our full step-by-step guide now! #Leadership #StartupLife #TechTrends #AI,#Leadership #StartupLife #TechTrends #AI,1043,1510,51,9,1,1,0,29,4,Thursday,3,0,2025-09,September,62,5.944391179290508,1.9205298013245033,0.09587727708533077,121,4,Positive
LI_0548,3,LinkedIn,2025-03-17,11:44:03,Video,Mastering Content Marketing in under 10 minutes. Read our full step-by-step guide now! #MarketingStrategy #GrowthHacking #MachineLearning,#MarketingStrategy #GrowthHacking #MachineLearning,1086,1438,76,16,4,9,468,20,11,Monday,0,0,2025-03,March,105,9.668508287292818,1.3908205841446455,0.3683241252302026,137,3,Positive
LI_0549,3,LinkedIn,2025-03-18,00:18:01,Video,Unpopular opinion about Brand Strategy: Most teams are doing it wrong. Here is why... #DesignThinking #AI,#DesignThinking #AI,6086,8277,272,31,39,51,3311,106,0,Tuesday,1,0,2025-03,March,393,6.457443312520539,1.2806572429624261,0.6408149852119619,105,2,Negative
LI_0550,3,LinkedIn,2025-01-04,22:00:37,Video,Unpopular opinion about User Experience: Most teams are doing it wrong. Here is why... #Coding #DigitalMarketing #MachineLearning,#Coding #DigitalMarketing #MachineLearning,8786,11369,543,113,30,10,7482,494,22,Saturday,5,1,2025-01,January,696,7.92169360346005,4.345149089629695,0.3414523104939677,129,3,Negative
TW_0001,4,Twitter,2025-04-11,23:07:33,Link,Behind the scenes at our team workshop on User Experience. Innovation starts here! #MachineLearning #Productivity,#MachineLearning #Productivity,441,771,20,3,0,0,0,9,23,Friday,4,0,2025-04,April,23,5.215419501133787,1.1673151750972763,0.0,113,2,Positive
TW_0002,4,Twitter,2025-09-22,02:56:31,Text,Mastering Data Analytics in under 10 minutes. Read our full step-by-step guide now! #MarketingStrategy #Productivity #DigitalMarketing #Coding,#MarketingStrategy #Productivity #DigitalMarketing #Coding,1302,2136,85,11,4,0,0,34,2,Monday,0,0,2025-09,September,100,7.680491551459294,1.5917602996254683,0.30721966205837176,142,4,Positive
TW_0003,4,Twitter,2025-06-27,04:38:31,Video,Why Cloud Scale matters more than ever for modern business growth. #DataAnalytics #MachineLearning,#DataAnalytics #MachineLearning,1475,1943,95,7,5,0,831,19,4,Friday,4,0,2025-06,June,107,7.2542372881355925,0.9778692743180649,0.3389830508474576,98,2,Positive
TW_0004,4,Twitter,2025-04-06,20:09:13,Text,Case study alert: How we boosted results by 350% using Content Marketing. #GrowthHacking #Coding #DataAnalytics,#GrowthHacking #Coding #DataAnalytics,1050,1862,31,7,2,0,0,35,20,Sunday,6,1,2025-04,April,40,3.8095238095238098,1.8796992481203008,0.19047619047619047,111,3,Positive
TW_0005,4,Twitter,2025-03-07,19:40:22,Link,Why Customer Engagement matters more than ever for modern business growth. #MachineLearning #Coding #SocialMedia2025,#MachineLearning #Coding #SocialMedia2025,2053,2338,99,9,10,0,0,104,19,Friday,4,0,2025-03,March,118,5.747686312713103,4.448246364414029,0.4870920603994155,116,3,Positive
TW_0006,4,Twitter,2025-04-08,03:44:24,Image,Discover how Python Automation is transforming the industry! What are your thoughts? #AI #StartupLife,#General,1383,2391,34,7,1,0,0,14,3,Tuesday,1,0,2025-04,April,42,3.036876355748373,0.5855290673358428,0.07230657989877079,101,1,Positive
TW_0007,4,Twitter,2025-05-23,10:25:07,Link,Behind the scenes at our team workshop on Customer Engagement. Innovation starts here! #MachineLearning #Leadership #DigitalMarketing,#MachineLearning #Leadership #DigitalMarketing,552,837,31,4,3,0,0,24,10,Friday,4,0,2025-05,May,38,6.884057971014493,2.867383512544803,0.5434782608695652,133,3,Positive
TW_0008,4,Twitter,2025-05-22,21:08:24,Image,Top 5 actionable strategies for User Experience in 2025. Save this post for later! #Productivity #Innovation #Leadership #TechTrends,#Productivity #Innovation #Leadership #TechTrends,829,1031,48,4,2,0,0,33,21,Thursday,3,0,2025-05,May,54,6.513872135102533,3.200775945683802,0.24125452352231602,132,4,Positive
TW_0009,4,Twitter,2025-10-10,15:02:59,Text,Top 5 actionable strategies for Executive Leadership in 2025. Save this post for later! #TechTrends #MachineLearning #DesignThinking #MarketingStrategy,#TechTrends #MachineLearning #DesignThinking #MarketingStrategy,1591,2305,56,7,8,0,0,33,15,Friday,4,0,2025-10,October,71,4.462602137020742,1.4316702819956615,0.502828409805154,151,4,Positive
TW_0010,4,Twitter,2025-01-24,07:40:11,Image,Sunday motivation: Start your week with a fresh mindset on Social Media ROI. #DataAnalytics #Productivity,#DataAnalytics #Productivity,2272,3977,105,11,4,0,0,36,7,Friday,4,0,2025-01,January,120,5.28169014084507,0.9052049283379432,0.17605633802816903,105,2,Positive
TW_0011,4,Twitter,2025-09-26,07:56:58,Link,Discover how Customer Engagement is transforming the industry! What are your thoughts? #Leadership #MachineLearning #Coding #DigitalMarketing,#Leadership #MachineLearning #Coding #DigitalMarketing,565,773,40,9,2,0,0,6,7,Friday,4,0,2025-09,September,51,9.026548672566372,0.7761966364812419,0.35398230088495575,141,4,Positive
TW_0012,4,Twitter,2025-03-13,05:54:00,Image,Case study alert: How we boosted results by 350% using AI Workflow. #DesignThinking #StartupLife,#DesignThinking #StartupLife,2354,4118,168,25,22,0,0,86,5,Thursday,3,0,2025-03,March,215,9.13338997451147,2.0883924235065567,0.9345794392523363,96,2,Positive
TW_0013,4,Twitter,2025-03-10,15:32:03,Image,Discover how User Experience is transforming the industry! What are your thoughts? #DataAnalytics #Productivity,#DataAnalytics #Productivity,2833,3830,156,33,14,0,0,122,15,Monday,0,0,2025-03,March,203,7.165548888104483,3.185378590078329,0.4941757853865161,111,2,Positive
TW_0014,4,Twitter,2025-07-23,01:10:54,Video,Unpopular opinion about Content Marketing: Most teams are doing it wrong. Here is why... #MarketingStrategy,#MarketingStrategy,5813,7230,234,49,13,0,4877,221,1,Wednesday,2,0,2025-07,July,296,5.092035093755376,3.0567081604426,0.22363667641493207,107,1,Negative
TW_0015,4,Twitter,2025-08-10,12:47:49,Video,Mastering Social Media ROI in under 10 minutes. Read our full step-by-step guide now! #TechTrends,#TechTrends,5104,8051,247,47,14,0,3854,290,12,Sunday,6,1,2025-08,August,308,6.0344827586206895,3.6020370140355236,0.274294670846395,97,1,Positive
TW_0016,4,Twitter,2025-02-18,03:01:40,Video,Case study alert: How we boosted results by 350% using User Experience. #Coding #GrowthHacking #MachineLearning,#Coding #GrowthHacking #MachineLearning,4654,6985,165,10,8,0,3196,92,3,Tuesday,1,0,2025-02,February,183,3.9321014181349376,1.317108088761632,0.17189514396218308,111,3,Positive
TW_0017,4,Twitter,2025-12-19,14:20:26,Link,Why Social Media ROI matters more than ever for modern business growth. #BusinessTips #Leadership #Coding #SocialMedia2025,#BusinessTips #Leadership #Coding #SocialMedia2025,1262,1573,84,11,3,0,0,61,14,Friday,4,0,2025-12,December,98,7.765451664025356,3.877940241576605,0.2377179080824089,122,4,Positive
TW_0018,4,Twitter,2025-10-27,12:35:56,Text,Why Cloud Scale matters more than ever for modern business growth. #MarketingStrategy #BusinessTips #DesignThinking,#MarketingStrategy #BusinessTips #DesignThinking,1069,1630,22,4,2,0,0,16,12,Monday,0,0,2025-10,October,28,2.6192703461178675,0.98159509202454,0.18709073900841908,115,3,Positive
TW_0019,4,Twitter,2025-04-25,22:12:06,Video,Behind the scenes at our team workshop on Cloud Scale. Innovation starts here! #DigitalMarketing,#DigitalMarketing,1757,3127,87,7,2,0,1574,70,22,Friday,4,0,2025-04,April,96,5.463858850313033,2.238567316917173,0.11383039271485487,96,1,Positive
TW_0020,4,Twitter,2025-07-21,03:32:26,Link,Sunday motivation: Start your week with a fresh mindset on Customer Engagement. #MachineLearning #Innovation #TechTrends #DigitalMarketing,#MachineLearning #Innovation #TechTrends #DigitalMarketing,341,609,16,2,2,0,0,9,3,Monday,0,0,2025-07,July,20,5.865102639296188,1.477832512315271,0.5865102639296188,138,4,Positive
TW_0021,4,Twitter,2025-04-29,14:05:38,Text,Unpopular opinion about User Experience: Most teams are doing it wrong. Here is why... #AI #TechTrends #DesignThinking #MarketingStrategy,#AI #TechTrends #DesignThinking #MarketingStrategy,1917,2408,58,7,7,0,0,73,14,Tuesday,1,0,2025-04,April,72,3.755868544600939,3.03156146179402,0.3651538862806468,137,4,Negative
TW_0022,4,Twitter,2025-07-05,22:35:23,Text,Sunday motivation: Start your week with a fresh mindset on Brand Strategy. #Coding #StartupLife #Leadership,#Coding #StartupLife #Leadership,1994,2875,40,2,2,0,0,87,22,Saturday,5,1,2025-07,July,44,2.206619859578736,3.0260869565217394,0.10030090270812438,107,3,Positive
TW_0023,4,Twitter,2025-04-16,22:46:05,Link,Case study alert: How we boosted results by 350% using Data Analytics. #SocialMedia2025 #GrowthHacking #BusinessTips #Coding,#SocialMedia2025 #GrowthHacking #BusinessTips #Coding,1664,2630,75,4,10,0,0,60,22,Wednesday,2,0,2025-04,April,89,5.348557692307692,2.2813688212927756,0.6009615384615385,124,4,Positive
TW_0024,4,Twitter,2025-09-14,13:46:51,Link,Unpopular opinion about User Experience: Most teams are doing it wrong. Here is why... #Productivity #DataAnalytics #MachineLearning,#Productivity #DataAnalytics #MachineLearning,1380,1780,68,5,3,0,0,47,13,Sunday,6,1,2025-09,September,76,5.507246376811594,2.640449438202247,0.21739130434782608,132,3,Negative
TW_0025,4,Twitter,2025-06-29,21:38:45,Video,Sunday motivation: Start your week with a fresh mindset on Brand Strategy. #StartupLife #MachineLearning #BusinessTips #DesignThinking,#StartupLife #MachineLearning #BusinessTips #DesignThinking,6125,7874,285,18,18,0,4374,287,21,Sunday,6,1,2025-06,June,321,5.240816326530613,3.6449072898145793,0.29387755102040813,134,4,Positive
TW_0026,4,Twitter,2025-06-13,23:35:05,Image,Quick question for our community: How do you handle Customer Engagement in your daily workflow? #DesignThinking,#DesignThinking,2062,3134,41,7,4,0,0,97,23,Friday,4,0,2025-06,June,52,2.521823472356935,3.095086151882578,0.19398642095053348,111,1,Neutral
TW_0027,4,Twitter,2025-11-16,09:25:08,Text,Case study alert: How we boosted results by 350% using Content Marketing. #DesignThinking #Productivity #GrowthHacking #DigitalMarketing,#DesignThinking #Productivity #GrowthHacking #DigitalMarketing,325,577,16,1,1,0,0,6,9,Sunday,6,1,2025-11,November,18,5.538461538461538,1.0398613518197575,0.3076923076923077,136,4,Positive
TW_0028,4,Twitter,2025-04-06,22:06:22,Link,No Caption Provided,#DigitalMarketing #MachineLearning #SocialMedia2025 #TechTrends,238,298,7,1,0,0,0,3,22,Sunday,6,1,2025-04,April,8,3.361344537815126,1.006711409395973,0.0,19,4,Neutral
TW_0029,4,Twitter,2025-12-28,09:22:39,Video,We are excited to announce our newest breakthrough in AI Workflow. Check out the link below! #DesignThinking,#DesignThinking,3558,6079,167,27,7,0,3008,200,9,Sunday,6,1,2025-12,December,201,5.649241146711636,3.2900148050666225,0.19673974142776843,108,1,Positive
TW_0030,4,Twitter,2025-07-21,15:43:27,Image,Unpopular opinion about Content Marketing: Most teams are doing it wrong. Here is why... #Coding #Leadership,#Coding #Leadership,2318,3319,61,10,7,0,0,105,15,Monday,0,0,2025-07,July,78,3.364969801553063,3.163603495028623,0.30198446937014667,108,2,Negative
TW_0031,4,Twitter,2025-01-28,03:13:57,Link,Case study alert: How we boosted results by 350% using Python Automation. #Leadership,#Leadership,1675,2226,72,17,3,0,0,90,3,Tuesday,1,0,2025-01,January,92,5.492537313432836,4.0431266846361185,0.1791044776119403,85,1,Positive
TW_0032,4,Twitter,2025-11-04,08:35:40,Text,Behind the scenes at our team workshop on Python Automation. Innovation starts here! #DigitalMarketing,#DigitalMarketing,981,1671,41,7,3,0,0,38,8,Tuesday,1,0,2025-11,November,51,5.198776758409786,2.2740873728306403,0.3058103975535168,102,1,Positive
TW_0033,4,Twitter,2025-06-26,23:21:00,Link,Discover how Data Analytics is transforming the industry! What are your thoughts? #DesignThinking #Leadership,#DesignThinking #Leadership,1653,2362,75,10,6,0,0,69,23,Thursday,3,0,2025-06,June,91,5.505142165759225,2.9212531752751905,0.3629764065335753,109,2,Positive
TW_0034,4,Twitter,2025-03-23,21:50:05,Link,We are excited to announce our newest breakthrough in AI Workflow. Check out the link below! #Innovation #AI,#Innovation #AI,1515,2052,88,13,5,0,0,66,21,Sunday,6,1,2025-03,March,106,6.996699669966996,3.216374269005848,0.33003300330033003,108,2,Positive
TW_0035,4,Twitter,2025-05-08,18:08:23,Link,No Caption Provided,#Coding #MachineLearning #SocialMedia2025,469,530,31,4,3,0,0,7,18,Thursday,3,0,2025-05,May,38,8.102345415778252,1.3207547169811322,0.6396588486140725,19,3,Neutral
TW_0036,4,Twitter,2025-01-19,16:34:06,Video,No Caption Provided,#SocialMedia2025 #DataAnalytics #DesignThinking,3564,5838,170,23,22,0,2601,158,16,Sunday,6,1,2025-01,January,215,6.0325476992143665,2.7064063035286057,0.6172839506172839,19,3,Neutral
TW_0037,4,Twitter,2025-03-08,17:26:50,Text,Top 5 actionable strategies for User Experience in 2025. Save this post for later! #DataAnalytics,#DataAnalytics,1508,2523,52,9,3,0,0,89,17,Saturday,5,1,2025-03,March,64,4.244031830238726,3.5275465715418153,0.1989389920424403,97,1,Positive
TW_0038,4,Twitter,2025-09-23,11:51:19,Video,Case study alert: How we boosted results by 350% using Customer Engagement. #Coding #TechTrends #SocialMedia2025,#Coding #TechTrends #SocialMedia2025,5738,10314,188,17,47,0,5083,67,11,Tuesday,1,0,2025-09,September,252,4.3917741373300805,0.649602482063215,0.8191007319623562,112,3,Positive
TW_0039,4,Twitter,2025-06-25,05:37:32,Text,Discover how AI Workflow is transforming the industry! What are your thoughts? #MarketingStrategy #DataAnalytics #StartupLife,#MarketingStrategy #DataAnalytics #StartupLife,1628,2472,93,11,4,0,0,94,5,Wednesday,2,0,2025-06,June,108,6.6339066339066335,3.802588996763754,0.2457002457002457,125,3,Positive
TW_0040,4,Twitter,2025-07-24,12:50:19,Text,Sunday motivation: Start your week with a fresh mindset on Content Marketing. #Leadership,#Leadership,805,1084,54,11,6,0,0,35,12,Thursday,3,0,2025-07,July,71,8.819875776397515,3.2287822878228782,0.7453416149068323,89,1,Positive
TW_0041,4,Twitter,2025-11-18,22:10:56,Text,We are excited to announce our newest breakthrough in Cloud Scale. Check out the link below! #TechTrends #Coding #DigitalMarketing,#TechTrends #Coding #DigitalMarketing,1758,2588,108,21,11,0,0,51,22,Tuesday,1,0,2025-11,November,140,7.963594994311718,1.9706336939721791,0.6257110352673493,130,3,Positive
TW_0042,4,Twitter,2025-09-28,04:31:51,Text,Quick question for our community: How do you handle User Experience in your daily workflow? #Coding #TechTrends,#Coding #TechTrends,904,1278,67,8,7,0,0,30,4,Sunday,6,1,2025-09,September,82,9.070796460176991,2.3474178403755865,0.7743362831858407,111,2,Neutral
TW_0043,4,Twitter,2025-03-18,09:51:46,Video,Top 5 actionable strategies for Brand Strategy in 2025. Save this post for later! #SocialMedia2025 #Productivity,#SocialMedia2025 #Productivity,1109,1341,31,5,3,0,926,35,9,Tuesday,1,0,2025-03,March,39,3.5166816952209197,2.609992542878449,0.2705139765554554,112,2,Positive
TW_0044,4,Twitter,2025-02-20,18:21:58,Video,Case study alert: How we boosted results by 350% using Brand Strategy. #StartupLife #BusinessTips #DesignThinking #SocialMedia2025,#StartupLife #BusinessTips #DesignThinking #SocialMedia2025,1679,2910,93,9,13,0,775,52,18,Thursday,3,0,2025-02,February,115,6.8493150684931505,1.7869415807560136,0.7742703990470519,130,4,Positive
TW_0045,4,Twitter,2025-06-05,09:31:54,Link,Quick question for our community: How do you handle Python Automation in your daily workflow? #StartupLife,#StartupLife,8934,13294,492,35,55,0,0,234,9,Thursday,3,0,2025-06,June,582,6.51443922095366,1.7601925680758235,0.6156256995746586,106,1,Neutral
TW_0046,4,Twitter,2025-05-28,14:49:35,Text,Sunday motivation: Start your week with a fresh mindset on Content Marketing. #TechTrends #Leadership #BusinessTips,#TechTrends #Leadership #BusinessTips,1615,2174,99,20,4,0,0,85,14,Wednesday,2,0,2025-05,May,123,7.61609907120743,3.90984360625575,0.24767801857585142,115,3,Positive
TW_0047,4,Twitter,2025-12-31,04:52:57,Link,Why Executive Leadership matters more than ever for modern business growth. #DigitalMarketing #Leadership #DesignThinking,#DigitalMarketing #Leadership #DesignThinking,1777,2292,96,8,5,0,0,80,4,Wednesday,2,0,2025-12,December,109,6.1339335959482275,3.4904013961605584,0.28137310073157007,121,3,Positive
TW_0048,4,Twitter,2025-05-28,21:21:52,Image,Discover how Executive Leadership is transforming the industry! What are your thoughts? #Innovation #TechTrends #Productivity #Leadership,#Innovation #TechTrends #Productivity #Leadership,5214,8993,291,31,37,0,0,200,21,Wednesday,2,0,2025-05,May,359,6.8853087840429605,2.223951962637607,0.7096279248177982,137,4,Positive
TW_0049,4,Twitter,2025-02-24,15:53:16,Image,Why User Experience matters more than ever for modern business growth. #DesignThinking #BusinessTips #StartupLife,#DesignThinking #BusinessTips #StartupLife,1500,2265,60,3,2,0,0,48,15,Monday,0,0,2025-02,February,65,4.333333333333334,2.119205298013245,0.13333333333333333,113,3,Positive
TW_0050,4,Twitter,2025-07-12,10:57:49,Image,Quick question for our community: How do you handle Social Media ROI in your daily workflow? #MarketingStrategy #StartupLife #Leadership #BusinessTips,#MarketingStrategy #StartupLife #Leadership #BusinessTips,591,767,24,1,2,0,0,14,10,Saturday,5,1,2025-07,July,27,4.568527918781726,1.8252933507170794,0.338409475465313,150,4,Neutral
TW_0051,4,Twitter,2025-01-29,12:20:31,Video,Quick question for our community: How do you handle Brand Strategy in your daily workflow? #DesignThinking #DigitalMarketing,#DesignThinking #DigitalMarketing,9477,16313,396,54,17,0,4373,564,12,Wednesday,2,0,2025-01,January,467,4.927719742534557,3.4573652914853183,0.17938166086314233,124,2,Neutral
TW_0052,4,Twitter,2025-12-03,17:36:33,Link,Sunday motivation: Start your week with a fresh mindset on Python Automation. #SocialMedia2025,#SocialMedia2025,202,361,13,0,1,0,0,9,17,Wednesday,2,0,2025-12,December,14,6.9306930693069315,2.4930747922437675,0.49504950495049505,94,1,Positive
TW_0053,4,Twitter,2025-07-09,12:00:05,Video,Sunday motivation: Start your week with a fresh mindset on Social Media ROI. #StartupLife,#StartupLife,3021,4149,129,7,18,0,2238,66,12,Wednesday,2,0,2025-07,July,154,5.097649784839457,1.5907447577729574,0.5958291956305859,89,1,Positive
TW_0054,4,Twitter,2025-10-22,18:50:49,Video,Quick question for our community: How do you handle Data Analytics in your daily workflow? #TechTrends,#TechTrends,7705,9537,190,13,24,0,3749,139,18,Wednesday,2,0,2025-10,October,227,2.946138870863076,1.4574813882772362,0.31148604802076574,102,1,Neutral
TW_0055,4,Twitter,2025-12-18,08:38:31,Link,Unpopular opinion about Content Marketing: Most teams are doing it wrong. Here is why... #Innovation #TechTrends #MarketingStrategy #Productivity,#Innovation #TechTrends #MarketingStrategy #Productivity,1271,1859,97,24,2,0,0,46,8,Thursday,3,0,2025-12,December,123,9.67741935483871,2.474448628294782,0.15735641227380015,145,4,Negative
TW_0056,4,Twitter,2025-08-19,18:55:22,Link,We are excited to announce our newest breakthrough in Executive Leadership. Check out the link below! #BusinessTips #DataAnalytics #MachineLearning #DigitalMarketing,#BusinessTips #DataAnalytics #MachineLearning #DigitalMarketing,1732,2267,107,9,4,0,0,83,18,Tuesday,1,0,2025-08,August,120,6.928406466512701,3.661226290251433,0.23094688221709006,165,4,Positive
TW_0057,4,Twitter,2025-07-31,11:10:33,Text,We are excited to announce our newest breakthrough in Customer Engagement. Check out the link below! #StartupLife #SocialMedia2025 #DataAnalytics #Coding,#StartupLife #SocialMedia2025 #DataAnalytics #Coding,1611,2261,55,9,5,0,0,57,11,Thursday,3,0,2025-07,July,69,4.283054003724395,2.5210084033613445,0.31036623215394166,153,4,Positive
TW_0058,4,Twitter,2025-06-04,09:55:33,Image,Behind the scenes at our team workshop on Customer Engagement. Innovation starts here! #SocialMedia2025 #Leadership #StartupLife #AI,#SocialMedia2025 #Leadership #StartupLife #AI,1253,2093,41,8,4,0,0,33,9,Wednesday,2,0,2025-06,June,53,4.2298483639265765,1.5766841853798377,0.3192338387869114,132,4,Positive
TW_0059,4,Twitter,2025-07-26,11:19:17,Image,Mastering User Experience in under 10 minutes. Read our full step-by-step guide now! #TechTrends #MarketingStrategy #StartupLife,#TechTrends #MarketingStrategy #StartupLife,2362,2616,125,20,8,0,0,114,11,Saturday,5,1,2025-07,July,153,6.477561388653684,4.3577981651376145,0.3386960203217612,128,3,Positive
TW_0060,4,Twitter,2025-09-23,02:19:32,Text,Sunday motivation: Start your week with a fresh mindset on Cloud Scale. #Productivity #MarketingStrategy,#Productivity #MarketingStrategy,582,911,34,8,3,0,0,13,2,Tuesday,1,0,2025-09,September,45,7.731958762886598,1.4270032930845227,0.5154639175257731,104,2,Positive
TW_0061,4,Twitter,2025-04-26,17:01:43,Link,Top 5 actionable strategies for Cloud Scale in 2025. Save this post for later! #TechTrends #BusinessTips #StartupLife,#TechTrends #BusinessTips #StartupLife,892,1555,55,13,7,0,0,31,17,Saturday,5,1,2025-04,April,75,8.408071748878925,1.9935691318327973,0.7847533632286996,117,3,Positive
TW_0062,4,Twitter,2025-06-17,21:16:01,Video,Why Executive Leadership matters more than ever for modern business growth. #StartupLife #Productivity #Coding #GrowthHacking,#StartupLife #Productivity #Coding #GrowthHacking,5933,6535,434,50,56,0,2764,176,21,Tuesday,1,0,2025-06,June,540,9.101634923310298,2.6931905126243305,0.9438732513062532,125,4,Positive
TW_0063,4,Twitter,2025-05-11,21:54:20,Link,Quick question for our community: How do you handle Content Marketing in your daily workflow? #Leadership #TechTrends,#Leadership #TechTrends,969,1360,30,3,1,0,0,11,21,Sunday,6,1,2025-05,May,34,3.508771929824561,0.8088235294117648,0.10319917440660474,117,2,Neutral
TW_0064,4,Twitter,2025-08-09,16:07:54,Text,Quick question for our community: How do you handle Brand Strategy in your daily workflow? #TechTrends #DataAnalytics,#TechTrends #DataAnalytics,1554,2331,80,14,8,0,0,78,16,Saturday,5,1,2025-08,August,102,6.563706563706563,3.346203346203346,0.5148005148005148,117,2,Neutral
TW_0065,4,Twitter,2025-06-12,19:55:39,Text,We are excited to announce our newest breakthrough in Customer Engagement. Check out the link below! #Coding #MarketingStrategy,#Coding #MarketingStrategy,2158,3777,159,21,23,0,0,41,19,Thursday,3,0,2025-06,June,203,9.406858202038924,1.0855176065660577,1.065801668211307,127,2,Positive
TW_0066,4,Twitter,2025-05-23,04:41:29,Text,Sunday motivation: Start your week with a fresh mindset on Data Analytics. #TechTrends #MachineLearning #DesignThinking #SocialMedia2025,#TechTrends #MachineLearning #DesignThinking #SocialMedia2025,1922,2774,42,3,4,0,0,70,4,Friday,4,0,2025-05,May,49,2.5494276795005204,2.523431867339582,0.20811654526534862,136,4,Positive
TW_0067,4,Twitter,2025-06-01,21:07:51,Link,We are excited to announce our newest breakthrough in Brand Strategy. Check out the link below! #GrowthHacking,#GrowthHacking,2154,2899,123,8,4,0,0,52,21,Sunday,6,1,2025-06,June,135,6.267409470752089,1.7937219730941705,0.18570102135561745,110,1,Positive
TW_0068,4,Twitter,2025-01-23,11:21:49,Text,Top 5 actionable strategies for Executive Leadership in 2025. Save this post for later! #MachineLearning #Coding #Productivity #GrowthHacking,#MachineLearning #Coding #Productivity #GrowthHacking,1222,1353,79,18,11,0,0,18,11,Thursday,3,0,2025-01,January,108,8.8379705400982,1.3303769401330376,0.900163666121113,141,4,Positive
TW_0069,4,Twitter,2025-04-13,16:44:40,Link,Unpopular opinion about Content Marketing: Most teams are doing it wrong. Here is why... #TechTrends #DigitalMarketing,#TechTrends #DigitalMarketing,403,522,27,2,2,0,0,11,16,Sunday,6,1,2025-04,April,31,7.6923076923076925,2.10727969348659,0.49627791563275436,118,2,Negative
TW_0070,4,Twitter,2025-02-14,15:04:00,Video,We are excited to announce our newest breakthrough in Cloud Scale. Check out the link below! #BusinessTips,#BusinessTips,2477,3311,112,26,15,0,1826,74,15,Friday,4,0,2025-02,February,153,6.176826806620912,2.234974327997584,0.6055712555510698,106,1,Positive
TW_0071,4,Twitter,2025-06-10,04:06:16,Video,Quick question for our community: How do you handle Python Automation in your daily workflow? #TechTrends #BusinessTips #Innovation #Coding,#TechTrends #BusinessTips #Innovation #Coding,1061,1219,32,6,1,0,627,56,4,Tuesday,1,0,2025-06,June,39,3.6757775683317626,4.5939294503691555,0.0942507068803016,139,4,Positive
TW_0072,4,Twitter,2025-07-06,06:49:52,Image,Quick question for our community: How do you handle Content Marketing in your daily workflow? #StartupLife,#StartupLife,1336,2014,52,3,6,0,0,35,6,Sunday,6,1,2025-07,July,61,4.565868263473054,1.737835153922542,0.4491017964071856,106,1,Neutral
TW_0073,4,Twitter,2025-07-04,05:17:22,Image,No Caption Provided,#DigitalMarketing #MarketingStrategy,1780,2616,71,16,4,0,0,27,5,Friday,4,0,2025-07,July,91,5.112359550561798,1.0321100917431194,0.22471910112359553,19,2,Neutral
TW_0074,4,Twitter,2025-12-01,02:21:32,Video,Quick question for our community: How do you handle Cloud Scale in your daily workflow? #DesignThinking,#DesignThinking,4070,5019,176,21,9,0,3623,82,2,Monday,0,0,2025-12,December,206,5.061425061425061,1.6337915919505879,0.22113022113022116,103,1,Neutral
TW_0075,4,Twitter,2025-07-08,11:01:09,Text,Behind the scenes at our team workshop on Data Analytics. Innovation starts here! #AI #BusinessTips #DesignThinking,#AI #BusinessTips #DesignThinking,2359,2649,138,9,11,0,0,121,11,Tuesday,1,0,2025-07,July,158,6.697753285290377,4.567761419403549,0.4662992793556591,115,3,Positive
TW_0076,4,Twitter,2025-04-05,12:24:56,Image,Sunday motivation: Start your week with a fresh mindset on Cloud Scale. #Productivity #DataAnalytics,#Productivity #DataAnalytics,1077,1668,76,9,6,0,0,35,12,Saturday,5,1,2025-04,April,91,8.449396471680593,2.0983213429256597,0.5571030640668524,100,2,Positive
TW_0077,4,Twitter,2025-02-18,17:58:14,Image,Top 5 actionable strategies for User Experience in 2025. Save this post for later! #TechTrends #DesignThinking,#TechTrends #DesignThinking,2710,4348,199,33,24,0,0,109,17,Tuesday,1,0,2025-02,February,256,9.44649446494465,2.5068997240110398,0.8856088560885609,110,2,Positive
TW_0078,4,Twitter,2025-09-07,21:26:22,Link,Behind the scenes at our team workshop on Customer Engagement. Innovation starts here! #TechTrends #SocialMedia2025 #Innovation #MachineLearning,#TechTrends #SocialMedia2025 #Innovation #MachineLearning,408,548,25,4,3,0,0,21,21,Sunday,6,1,2025-09,September,32,7.8431372549019605,3.832116788321168,0.7352941176470588,144,4,Positive
TW_0079,4,Twitter,2025-04-14,13:25:14,Link,Mastering Python Automation in under 10 minutes. Read our full step-by-step guide now! #TechTrends #Innovation #DigitalMarketing,#TechTrends #Innovation #DigitalMarketing,326,481,19,2,1,0,0,15,13,Monday,0,0,2025-04,April,22,6.748466257668712,3.118503118503119,0.3067484662576687,128,3,Positive
TW_0080,4,Twitter,2025-07-30,00:56:56,Link,Mastering AI Workflow in under 10 minutes. Read our full step-by-step guide now! #SocialMedia2025,#SocialMedia2025,1660,2685,35,5,4,0,0,34,0,Wednesday,2,0,2025-07,July,44,2.6506024096385543,1.266294227188082,0.24096385542168677,97,1,Positive
TW_0081,4,Twitter,2025-05-23,20:49:03,Text,Unpopular opinion about Executive Leadership: Most teams are doing it wrong. Here is why... #TechTrends,#TechTrends,2154,2981,64,3,9,0,0,107,20,Friday,4,0,2025-05,May,76,3.5283194057567315,3.58939953035894,0.4178272980501393,103,1,Negative
TW_0082,4,Twitter,2025-09-09,18:03:00,Text,We are excited to announce our newest breakthrough in Customer Engagement. Check out the link below! #MarketingStrategy #MachineLearning #BusinessTips #SocialMedia2025,#MarketingStrategy #MachineLearning #BusinessTips #SocialMedia2025,746,1114,34,6,3,0,0,41,18,Tuesday,1,0,2025-09,September,43,5.7640750670241285,3.680430879712747,0.40214477211796246,167,4,Positive
TW_0083,4,Twitter,2025-04-14,23:08:47,Video,We are excited to announce our newest breakthrough in Python Automation. Check out the link below! #Innovation,#Innovation,2637,4406,186,45,12,0,1371,148,23,Monday,0,0,2025-04,April,243,9.215017064846416,3.3590558329550615,0.4550625711035267,110,1,Positive
TW_0084,4,Twitter,2025-05-25,19:19:12,Image,Why Brand Strategy matters more than ever for modern business growth. #TechTrends,#TechTrends,2834,4599,206,40,15,0,0,95,19,Sunday,6,1,2025-05,May,261,9.209597741707833,2.065666449228093,0.529287226534933,81,1,Positive
TW_0085,4,Twitter,2025-02-27,17:50:33,Video,Unpopular opinion about Cloud Scale: Most teams are doing it wrong. Here is why... #DigitalMarketing #Leadership #Productivity #Innovation,#DigitalMarketing #Leadership #Productivity #Innovation,6214,10874,372,88,39,0,3439,229,17,Thursday,3,0,2025-02,February,499,8.030254264563888,2.1059407761633255,0.6276150627615062,138,4,Negative
TW_0086,4,Twitter,2025-03-05,06:27:37,Text,Mastering AI Workflow in under 10 minutes. Read our full step-by-step guide now! #TechTrends #MachineLearning,#TechTrends #MachineLearning,1217,1831,35,7,1,0,0,17,6,Wednesday,2,0,2025-03,March,43,3.533278553820871,0.9284543965046422,0.08216926869350863,109,2,Positive
TW_0087,4,Twitter,2025-07-09,08:42:02,Image,Why AI Workflow matters more than ever for modern business growth. #DesignThinking #SocialMedia2025,#DesignThinking #SocialMedia2025,512,793,26,3,3,0,0,25,8,Wednesday,2,0,2025-07,July,32,6.25,3.1525851197982346,0.5859375,99,2,Positive
TW_0088,4,Twitter,2025-04-02,15:25:12,Text,Behind the scenes at our team workshop on Social Media ROI. Innovation starts here! #DesignThinking #SocialMedia2025 #Leadership,#DesignThinking #SocialMedia2025 #Leadership,532,654,15,2,1,0,0,10,15,Wednesday,2,0,2025-04,April,18,3.3834586466165413,1.529051987767584,0.18796992481203006,128,3,Positive
TW_0089,4,Twitter,2025-03-26,04:38:36,Image,Quick question for our community: How do you handle AI Workflow in your daily workflow? #StartupLife #Leadership #SocialMedia2025 #BusinessTips,#StartupLife #Leadership #SocialMedia2025 #BusinessTips,405,514,23,4,2,0,0,12,4,Wednesday,2,0,2025-03,March,29,7.160493827160494,2.3346303501945527,0.49382716049382713,143,4,Neutral
TW_0090,4,Twitter,2025-06-16,17:33:43,Link,Behind the scenes at our team workshop on Executive Leadership. Innovation starts here! #Leadership,#Leadership,1744,2735,57,10,2,0,0,39,17,Monday,0,0,2025-06,June,69,3.956422018348624,1.4259597806215722,0.11467889908256881,99,1,Positive
TW_0091,4,Twitter,2025-09-11,12:48:20,Image,Behind the scenes at our team workshop on Executive Leadership. Innovation starts here! #TechTrends #Innovation,#TechTrends #Innovation,4467,5501,247,54,19,0,0,123,12,Thursday,3,0,2025-09,September,320,7.163644504141482,2.2359570987093256,0.4253413924334005,111,2,Positive
TW_0092,4,Twitter,2025-04-13,20:59:38,Link,Case study alert: How we boosted results by 350% using Executive Leadership. #DesignThinking,#DesignThinking,1152,1589,75,7,10,0,0,48,20,Sunday,6,1,2025-04,April,92,7.986111111111111,3.0207677784770297,0.8680555555555556,92,1,Positive
TW_0093,4,Twitter,2025-02-04,00:34:10,Link,Behind the scenes at our team workshop on User Experience. Innovation starts here! #DigitalMarketing #Innovation #DataAnalytics #GrowthHacking,#DigitalMarketing #Innovation #DataAnalytics #GrowthHacking,444,774,8,1,0,0,0,15,0,Tuesday,1,0,2025-02,February,9,2.027027027027027,1.937984496124031,0.0,142,4,Positive
TW_0094,4,Twitter,2025-11-15,23:21:22,Image,Quick question for our community: How do you handle User Experience in your daily workflow? #GrowthHacking #Leadership,#GrowthHacking #Leadership,1421,2063,82,5,5,0,0,49,23,Saturday,5,1,2025-11,November,92,6.474313863476425,2.375181774115366,0.3518648838845883,118,2,Positive
TW_0095,4,Twitter,2025-01-28,23:24:42,Link,Behind the scenes at our team workshop on Customer Engagement. Innovation starts here! #BusinessTips #MarketingStrategy,#BusinessTips #MarketingStrategy,757,1004,34,2,4,0,0,43,23,Tuesday,1,0,2025-01,January,40,5.284015852047556,4.282868525896414,0.5284015852047557,119,2,Positive
TW_0096,4,Twitter,2025-07-19,22:40:55,Image,Discover how Social Media ROI is transforming the industry! What are your thoughts? #Innovation #DigitalMarketing,#Innovation #DigitalMarketing,3304,5370,114,12,6,0,0,96,22,Saturday,5,1,2025-07,July,132,3.9951573849878934,1.7877094972067038,0.18159806295399517,113,2,Positive
TW_0097,4,Twitter,2025-06-24,09:26:12,Text,Sunday motivation: Start your week with a fresh mindset on Data Analytics. #TechTrends #DesignThinking #Productivity #DataAnalytics,#TechTrends #DesignThinking #Productivity #DataAnalytics,2486,2824,135,27,4,0,0,48,9,Tuesday,1,0,2025-06,June,166,6.6773934030571205,1.69971671388102,0.16090104585679807,131,4,Positive
TW_0098,4,Twitter,2025-02-13,06:27:21,Image,Quick question for our community: How do you handle Social Media ROI in your daily workflow? #StartupLife #AI #Leadership,#StartupLife #AI #Leadership,1680,1896,94,12,9,0,0,24,6,Thursday,3,0,2025-02,February,115,6.845238095238096,1.2658227848101267,0.5357142857142857,121,3,Neutral
TW_0099,4,Twitter,2025-04-09,07:56:57,Link,We are excited to announce our newest breakthrough in Python Automation. Check out the link below! #MachineLearning #DesignThinking #TechTrends,#MachineLearning #DesignThinking #TechTrends,1856,2817,139,16,10,0,0,88,7,Wednesday,2,0,2025-04,April,165,8.890086206896552,3.1238906638267663,0.5387931034482759,143,3,Positive
TW_0100,4,Twitter,2025-02-20,13:35:17,Image,Quick question for our community: How do you handle User Experience in your daily workflow? #MachineLearning,#MachineLearning,4837,7327,146,31,19,0,0,203,13,Thursday,3,0,2025-02,February,196,4.052098408104197,2.770574587143442,0.39280545792846805,108,1,Neutral
TW_0101,4,Twitter,2025-11-08,09:50:33,Video,Unpopular opinion about AI Workflow: Most teams are doing it wrong. Here is why... #TechTrends #DesignThinking #AI,#TechTrends #DesignThinking #AI,6081,9640,266,44,11,0,2800,320,9,Saturday,5,1,2025-11,November,321,5.278737049827331,3.319502074688797,0.1808913007728992,114,3,Negative
TW_0102,4,Twitter,2025-03-25,01:06:41,Video,Case study alert: How we boosted results by 350% using Data Analytics. #TechTrends #Innovation,#TechTrends #Innovation,4609,6476,363,55,31,0,2772,189,1,Tuesday,1,0,2025-03,March,449,9.741809503146019,2.9184681902408895,0.6725970926448254,94,2,Positive
TW_0103,4,Twitter,2025-04-06,21:50:24,Link,Behind the scenes at our team workshop on Executive Leadership. Innovation starts here! #Innovation #AI #BusinessTips,#Innovation #AI #BusinessTips,2129,3201,169,41,7,0,0,37,21,Sunday,6,1,2025-04,April,217,10.192578675434476,1.155888784754764,0.3287928604978863,117,3,Positive
TW_0104,4,Twitter,2025-02-20,06:56:33,Video,Mastering Social Media ROI in under 10 minutes. Read our full step-by-step guide now! #AI #GrowthHacking,#AI #GrowthHacking,3655,4457,284,30,25,0,3169,214,6,Thursday,3,0,2025-02,February,339,9.274965800273598,4.801435943459726,0.6839945280437756,104,2,Positive
TW_0105,4,Twitter,2025-05-09,14:21:52,Link,Unpopular opinion about Executive Leadership: Most teams are doing it wrong. Here is why... #StartupLife,#StartupLife,712,1279,27,6,3,0,0,38,14,Friday,4,0,2025-05,May,36,5.056179775280898,2.9710711493354185,0.42134831460674155,104,1,Negative
TW_0106,4,Twitter,2025-01-21,16:19:04,Text,Unpopular opinion about Customer Engagement: Most teams are doing it wrong. Here is why... #Innovation #MachineLearning,#Innovation #MachineLearning,1691,2642,93,14,9,0,0,93,16,Tuesday,1,0,2025-01,January,116,6.8598462448255475,3.5200605601816806,0.5322294500295683,119,2,Negative
TW_0107,4,Twitter,2025-01-27,19:37:38,Link,Why Executive Leadership matters more than ever for modern business growth. #AI #TechTrends,#AI #TechTrends,766,999,46,2,5,0,0,34,19,Monday,0,0,2025-01,January,53,6.919060052219321,3.4034034034034035,0.6527415143603132,91,2,Positive
TW_0108,4,Twitter,2025-12-19,21:47:06,Link,We are excited to announce our newest breakthrough in Social Media ROI. Check out the link below! #DesignThinking #Leadership #Coding,#DesignThinking #Leadership #Coding,777,1043,56,7,7,0,0,46,21,Friday,4,0,2025-12,December,70,9.00900900900901,4.410354745925216,0.9009009009009009,133,3,Positive
TW_0109,4,Twitter,2025-08-11,08:31:02,Video,Top 5 actionable strategies for Social Media ROI in 2025. Save this post for later! #SocialMedia2025 #StartupLife,#SocialMedia2025 #StartupLife,1589,2780,86,19,8,0,1406,65,8,Monday,0,0,2025-08,August,113,7.11139081183134,2.338129496402878,0.5034612964128383,113,2,Positive
TW_0110,4,Twitter,2025-09-22,00:46:37,Text,Quick question for our community: How do you handle Customer Engagement in your daily workflow? #StartupLife #DataAnalytics,#StartupLife #DataAnalytics,1287,2001,31,5,2,0,0,28,0,Monday,0,0,2025-09,September,38,2.9526029526029527,1.3993003498250876,0.1554001554001554,123,2,Neutral
TW_0111,4,Twitter,2025-10-31,06:48:41,Image,No Caption Provided,#DigitalMarketing #MachineLearning,1555,2597,122,30,2,0,0,52,6,Friday,4,0,2025-10,October,154,9.903536977491962,2.002310358105506,0.12861736334405144,19,2,Neutral
TW_0112,4,Twitter,2025-06-02,20:37:11,Link,Mastering Content Marketing in under 10 minutes. Read our full step-by-step guide now! #Leadership #BusinessTips #SocialMedia2025,#Leadership #BusinessTips #SocialMedia2025,1391,2278,47,11,5,0,0,77,20,Monday,0,0,2025-06,June,63,4.529115744069015,3.3801580333625987,0.35945363048166784,129,3,Positive
TW_0113,4,Twitter,2025-10-10,10:10:31,Video,Sunday motivation: Start your week with a fresh mindset on Social Media ROI. #Coding #GrowthHacking,#Coding #GrowthHacking,1201,2008,83,15,9,0,848,33,10,Friday,4,0,2025-10,October,107,8.90924229808493,1.643426294820717,0.7493755203996669,99,2,Positive
TW_0114,4,Twitter,2025-01-07,03:59:43,Text,Unpopular opinion about Data Analytics: Most teams are doing it wrong. Here is why... #Leadership #DigitalMarketing #GrowthHacking #AI,#Leadership #DigitalMarketing #GrowthHacking #AI,2081,2913,91,11,8,0,0,118,3,Tuesday,1,0,2025-01,January,110,5.285920230658337,4.0508067284586335,0.3844305622296973,134,4,Negative
TW_0115,4,Twitter,2025-02-05,18:04:53,Image,Mastering Social Media ROI in under 10 minutes. Read our full step-by-step guide now! #DigitalMarketing #MarketingStrategy,#DigitalMarketing #MarketingStrategy,3164,4592,217,48,31,0,0,188,18,Wednesday,2,0,2025-02,February,296,9.355246523388116,4.094076655052264,0.9797724399494312,122,2,Positive
TW_0116,4,Twitter,2025-04-21,23:03:28,Text,Top 5 actionable strategies for Social Media ROI in 2025. Save this post for later! #Leadership,#Leadership,2232,3730,132,21,6,0,0,127,23,Monday,0,0,2025-04,April,159,7.123655913978495,3.4048257372654156,0.2688172043010753,95,1,Positive
TW_0117,4,Twitter,2025-06-13,05:03:42,Text,Quick question for our community: How do you handle AI Workflow in your daily workflow? #Leadership #MachineLearning,#Leadership #MachineLearning,1211,1974,60,12,1,0,0,30,5,Friday,4,0,2025-06,June,73,6.028075970272502,1.5197568389057752,0.08257638315441783,116,2,Neutral
TW_0118,4,Twitter,2025-02-23,00:35:16,Link,Mastering Social Media ROI in under 10 minutes. Read our full step-by-step guide now! #TechTrends #Productivity,#TechTrends #Productivity,757,1347,55,10,1,0,0,16,0,Sunday,6,1,2025-02,February,66,8.718626155878468,1.1878247958426131,0.13210039630118892,111,2,Positive
TW_0119,4,Twitter,2025-05-05,15:12:00,Video,Discover how AI Workflow is transforming the industry! What are your thoughts? #Coding,#Coding,3469,4555,216,11,6,0,1466,124,15,Monday,0,0,2025-05,May,233,6.716633035456904,2.722283205268935,0.17296050735082155,86,1,Positive
TW_0120,4,Twitter,2025-08-29,19:24:15,Image,Sunday motivation: Start your week with a fresh mindset on Social Media ROI. #DigitalMarketing,#DigitalMarketing,3118,5426,64,11,9,0,0,74,19,Friday,4,0,2025-08,August,84,2.6940346375881976,1.363803907113896,0.28864656831302116,94,1,Positive
TW_0121,4,Twitter,2025-04-15,11:10:11,Text,Behind the scenes at our team workshop on Data Analytics. Innovation starts here! #GrowthHacking #AI #TechTrends #DesignThinking,#GrowthHacking #AI #TechTrends #DesignThinking,256,283,9,0,0,0,0,7,11,Tuesday,1,0,2025-04,April,9,3.515625,2.4734982332155475,0.0,128,4,Positive
TW_0122,4,Twitter,2025-01-25,17:11:52,Image,Mastering Social Media ROI in under 10 minutes. Read our full step-by-step guide now! #Innovation #GrowthHacking,#Innovation #GrowthHacking,3764,5363,223,32,27,0,0,52,17,Saturday,5,1,2025-01,January,282,7.492029755579171,0.9696065634905836,0.7173219978746015,112,2,Positive
TW_0123,4,Twitter,2025-10-14,21:11:31,Link,Top 5 actionable strategies for Executive Leadership in 2025. Save this post for later! #Leadership #MachineLearning #Coding #GrowthHacking,#Leadership #MachineLearning #Coding #GrowthHacking,1565,2440,43,3,3,0,0,57,21,Tuesday,1,0,2025-10,October,49,3.1309904153354635,2.336065573770492,0.19169329073482427,139,4,Positive
TW_0124,4,Twitter,2025-03-24,01:31:08,Link,Quick question for our community: How do you handle Content Marketing in your daily workflow? #DigitalMarketing,#DigitalMarketing,619,828,30,7,3,0,0,8,1,Monday,0,0,2025-03,March,40,6.462035541195476,0.966183574879227,0.48465266558966075,111,1,Neutral
TW_0125,4,Twitter,2025-05-24,04:07:52,Text,Discover how Executive Leadership is transforming the industry! What are your thoughts? #DesignThinking #DigitalMarketing #MachineLearning #StartupLife,#DesignThinking #DigitalMarketing #MachineLearning #StartupLife,1689,1984,122,25,10,0,0,69,4,Saturday,5,1,2025-05,May,157,9.295441089402013,3.477822580645161,0.5920663114268798,151,4,Positive
TW_0126,4,Twitter,2025-11-23,11:50:36,Link,Behind the scenes at our team workshop on Social Media ROI. Innovation starts here! #GrowthHacking,#GrowthHacking,1211,1982,66,9,7,0,0,31,11,Sunday,6,1,2025-11,November,82,6.7712634186622624,1.564076690211907,0.5780346820809248,98,1,Positive
TW_0127,4,Twitter,2025-08-04,16:36:20,Text,Quick question for our community: How do you handle Executive Leadership in your daily workflow? #DesignThinking,#DesignThinking,1519,1967,35,8,2,0,0,64,16,Monday,0,0,2025-08,August,45,2.9624753127057275,3.253685815963396,0.13166556945358787,112,1,Neutral
TW_0128,4,Twitter,2025-05-17,10:16:56,Text,Case study alert: How we boosted results by 350% using Executive Leadership. #Leadership #Coding #MachineLearning #SocialMedia2025,#Leadership #Coding #MachineLearning #SocialMedia2025,2072,3623,61,11,7,0,0,121,10,Saturday,5,1,2025-05,May,79,3.812741312741313,3.3397736682307477,0.33783783783783783,130,4,Positive
TW_0129,4,Twitter,2025-01-20,16:35:07,Text,Sunday motivation: Start your week with a fresh mindset on Customer Engagement. #DesignThinking,#DesignThinking,1975,2266,54,4,3,0,0,87,16,Monday,0,0,2025-01,January,61,3.088607594936709,3.83936451897617,0.1518987341772152,95,1,Positive
TW_0130,4,Twitter,2025-05-24,03:27:02,Text,Mastering Customer Engagement in under 10 minutes. Read our full step-by-step guide now! #BusinessTips #Leadership #AI #SocialMedia2025,#BusinessTips #Leadership #AI #SocialMedia2025,872,1545,24,2,3,0,0,50,3,Saturday,5,1,2025-05,May,29,3.325688073394496,3.2362459546925564,0.34403669724770647,135,4,Positive
TW_0131,4,Twitter,2025-08-29,02:59:29,Text,Unpopular opinion about AI Workflow: Most teams are doing it wrong. Here is why... #Leadership #DesignThinking #TechTrends #DataAnalytics,#Leadership #DesignThinking #TechTrends #DataAnalytics,1302,1475,48,5,5,0,0,14,2,Friday,4,0,2025-08,August,58,4.45468509984639,0.9491525423728813,0.38402457757296465,137,4,Negative
TW_0132,4,Twitter,2025-08-05,19:18:02,Link,Unpopular opinion about Customer Engagement: Most teams are doing it wrong. Here is why... #DesignThinking,#DesignThinking,444,736,14,3,1,0,0,14,19,Tuesday,1,0,2025-08,August,18,4.054054054054054,1.9021739130434785,0.22522522522522523,106,1,Negative
TW_0133,4,Twitter,2025-10-21,05:11:48,Image,Top 5 actionable strategies for Customer Engagement in 2025. Save this post for later! #TechTrends #DigitalMarketing #SocialMedia2025 #AI,#TechTrends #DigitalMarketing #SocialMedia2025 #AI,2691,3071,136,27,7,0,0,45,5,Tuesday,1,0,2025-10,October,170,6.317354143441099,1.465320742429176,0.2601263470828688,137,4,Positive
TW_0134,4,Twitter,2025-07-14,13:31:44,Text,Discover how Social Media ROI is transforming the industry! What are your thoughts? #GrowthHacking #Innovation #AI #Leadership,#GrowthHacking #Innovation #AI #Leadership,1348,2335,64,5,8,0,0,37,13,Monday,0,0,2025-07,July,77,5.712166172106825,1.5845824411134906,0.5934718100890208,126,4,Positive
TW_0135,4,Twitter,2025-12-19,12:02:12,Image,No Caption Provided,#Coding,974,1300,25,1,2,0,0,54,12,Friday,4,0,2025-12,December,28,2.8747433264887063,4.153846153846154,0.20533880903490762,19,1,Neutral
TW_0136,4,Twitter,2025-09-08,03:43:49,Link,Discover how User Experience is transforming the industry! What are your thoughts? #TechTrends #DesignThinking,#TechTrends #DesignThinking,407,469,24,2,2,0,0,12,3,Monday,0,0,2025-09,September,28,6.87960687960688,2.55863539445629,0.4914004914004914,110,2,Positive
TW_0137,4,Twitter,2025-07-07,07:17:16,Image,Quick question for our community: How do you handle Brand Strategy in your daily workflow? #AI #Coding #BusinessTips #Productivity,#AI #Coding #BusinessTips #Productivity,2491,3987,96,18,7,0,0,112,7,Monday,0,0,2025-07,July,121,4.857486953030912,2.8091296714321543,0.2810116419108792,130,4,Neutral
TW_0138,4,Twitter,2025-04-18,15:58:06,Video,We are excited to announce our newest breakthrough in Cloud Scale. Check out the link below! #BusinessTips #SocialMedia2025,#BusinessTips #SocialMedia2025,4172,4764,110,24,10,0,3446,106,15,Friday,4,0,2025-04,April,144,3.451581975071908,2.225020990764064,0.23969319271332695,123,2,Positive
TW_0139,4,Twitter,2025-06-27,20:12:45,Image,Unpopular opinion about Brand Strategy: Most teams are doing it wrong. Here is why... #MachineLearning,#MachineLearning,4487,6910,325,27,28,0,0,120,20,Friday,4,0,2025-06,June,380,8.468910184978828,1.7366136034732274,0.62402496099844,102,1,Negative
TW_0140,4,Twitter,2025-09-12,18:30:47,Link,Behind the scenes at our team workshop on Content Marketing. Innovation starts here! #DigitalMarketing #DesignThinking #Productivity,#DigitalMarketing #DesignThinking #Productivity,1241,1608,77,11,6,0,0,30,18,Friday,4,0,2025-09,September,94,7.574536663980661,1.8656716417910446,0.4834810636583401,132,3,Positive
TW_0141,4,Twitter,2025-10-28,08:55:49,Link,Mastering Customer Engagement in under 10 minutes. Read our full step-by-step guide now! #TechTrends,#TechTrends,20067,35052,871,138,31,0,0,944,8,Tuesday,1,0,2025-10,October,1040,5.182638162156775,2.6931416181672945,0.15448248367967307,100,1,Positive
TW_0142,4,Twitter,2025-09-12,16:50:38,Video,Top 5 actionable strategies for Customer Engagement in 2025. Save this post for later! #TechTrends #Innovation #AI #MarketingStrategy,#TechTrends #Innovation #AI #MarketingStrategy,5429,6064,159,19,19,0,3133,108,16,Friday,4,0,2025-09,September,197,3.628660895192485,1.7810026385224276,0.3499723706023209,133,4,Positive
TW_0143,4,Twitter,2025-10-21,22:22:23,Image,Sunday motivation: Start your week with a fresh mindset on Social Media ROI. #Leadership #TechTrends #Coding,#Leadership #TechTrends #Coding,3617,4891,275,57,30,0,0,89,22,Tuesday,1,0,2025-10,October,362,10.008294166436272,1.8196687793907176,0.8294166436273155,108,3,Positive
TW_0144,4,Twitter,2025-03-09,13:32:03,Image,Sunday motivation: Start your week with a fresh mindset on User Experience. #DataAnalytics #StartupLife #Productivity,#DataAnalytics #StartupLife #Productivity,3398,5992,259,36,24,0,0,60,13,Sunday,6,1,2025-03,March,319,9.38787522071807,1.0013351134846462,0.7062978222483813,117,3,Positive
TW_0145,4,Twitter,2025-09-13,21:32:13,Link,Sunday motivation: Start your week with a fresh mindset on Customer Engagement. #Coding #DesignThinking #DigitalMarketing,#Coding #DesignThinking #DigitalMarketing,2664,4256,109,15,9,0,0,42,21,Saturday,5,1,2025-09,September,133,4.9924924924924925,0.9868421052631579,0.33783783783783783,121,3,Positive
TW_0146,4,Twitter,2025-12-30,10:28:55,Image,Unpopular opinion about Executive Leadership: Most teams are doing it wrong. Here is why... #SocialMedia2025,#SocialMedia2025,871,1374,64,5,6,0,0,17,10,Tuesday,1,0,2025-12,December,75,8.610792192881746,1.2372634643377,0.6888633754305395,108,1,Negative
TW_0147,4,Twitter,2025-02-22,16:48:31,Video,No Caption Provided,#TechTrends #DigitalMarketing #MachineLearning,2708,3131,143,13,4,0,1249,29,16,Saturday,5,1,2025-02,February,160,5.908419497784342,0.9262216544235069,0.14771048744460857,19,3,Neutral
TW_0148,4,Twitter,2025-03-09,19:21:56,Image,Quick question for our community: How do you handle Data Analytics in your daily workflow? #DesignThinking #StartupLife #DigitalMarketing #Productivity,#DesignThinking #StartupLife #DigitalMarketing #Productivity,1486,2618,76,14,2,0,0,72,19,Sunday,6,1,2025-03,March,92,6.191117092866756,2.750190985485103,0.13458950201884254,151,4,Neutral
TW_0149,4,Twitter,2025-04-04,07:30:37,Video,Unpopular opinion about Customer Engagement: Most teams are doing it wrong. Here is why... #Coding #DesignThinking,#Coding #DesignThinking,6270,8901,400,30,30,0,5528,253,7,Friday,4,0,2025-04,April,460,7.336523125996811,2.842377260981912,0.4784688995215311,114,2,Negative
TW_0150,4,Twitter,2025-06-26,04:21:28,Image,Why Python Automation matters more than ever for modern business growth. #Leadership,#Leadership,608,751,35,3,5,0,0,21,4,Thursday,3,0,2025-06,June,43,7.072368421052631,2.796271637816245,0.8223684210526315,84,1,Positive
TW_0151,4,Twitter,2025-06-25,07:53:07,Text,Discover how Brand Strategy is transforming the industry! What are your thoughts? #Leadership #DataAnalytics #AI,#Leadership #DataAnalytics #AI,261,390,8,1,0,0,0,11,7,Wednesday,2,0,2025-06,June,9,3.4482758620689653,2.8205128205128207,0.0,112,3,Positive
TW_0152,4,Twitter,2025-04-18,08:28:51,Image,Unpopular opinion about AI Workflow: Most teams are doing it wrong. Here is why... #Innovation #Leadership,#Innovation #Leadership,1314,1524,50,5,6,0,0,63,8,Friday,4,0,2025-04,April,61,4.642313546423135,4.133858267716536,0.45662100456621,106,2,Negative
TW_0153,4,Twitter,2025-07-11,22:05:00,Text,Discover how Cloud Scale is transforming the industry! What are your thoughts? #BusinessTips #SocialMedia2025,#BusinessTips #SocialMedia2025,4995,5590,296,43,39,0,0,285,22,Friday,4,0,2025-07,July,378,7.567567567567568,5.098389982110913,0.7807807807807807,109,2,Positive
TW_0154,4,Twitter,2025-05-23,12:38:24,Video,Unpopular opinion about User Experience: Most teams are doing it wrong. Here is why... #DesignThinking #TechTrends #MarketingStrategy #DataAnalytics,#DesignThinking #TechTrends #MarketingStrategy #DataAnalytics,3871,5939,258,45,29,0,3379,60,12,Friday,4,0,2025-05,May,332,8.576595195040042,1.0102710894089915,0.7491604236631361,148,4,Negative
TW_0155,4,Twitter,2025-03-27,07:09:30,Text,Sunday motivation: Start your week with a fresh mindset on Python Automation. #Coding,#Coding,404,539,12,2,0,0,0,23,7,Thursday,3,0,2025-03,March,14,3.4653465346534658,4.267161410018553,0.0,85,1,Positive
TW_0156,4,Twitter,2025-10-07,15:24:29,Video,Quick question for our community: How do you handle Cloud Scale in your daily workflow? #GrowthHacking #Coding #StartupLife #SocialMedia2025,#GrowthHacking #Coding #StartupLife #SocialMedia2025,657,878,42,4,1,0,466,36,15,Tuesday,1,0,2025-10,October,47,7.15372907153729,4.100227790432802,0.15220700152207,140,4,Positive
TW_0157,4,Twitter,2025-05-30,14:19:16,Image,Behind the scenes at our team workshop on Cloud Scale. Innovation starts here! #GrowthHacking #AI #SocialMedia2025 #Productivity,#GrowthHacking #AI #SocialMedia2025 #Productivity,1298,1708,101,9,9,0,0,62,14,Friday,4,0,2025-05,May,119,9.167950693374422,3.629976580796253,0.6933744221879815,128,4,Positive
TW_0158,4,Twitter,2025-05-13,14:36:47,Link,Sunday motivation: Start your week with a fresh mindset on Python Automation. #StartupLife #DataAnalytics #DigitalMarketing,#StartupLife #DataAnalytics #DigitalMarketing,2565,4445,67,13,9,0,0,117,14,Tuesday,1,0,2025-05,May,89,3.469785575048733,2.6321709786276717,0.3508771929824561,123,3,Positive
TW_0159,4,Twitter,2025-08-15,20:14:24,Link,Behind the scenes at our team workshop on User Experience. Innovation starts here! #SocialMedia2025 #GrowthHacking #Leadership,#SocialMedia2025 #GrowthHacking #Leadership,2828,3281,123,26,9,0,0,118,20,Friday,4,0,2025-08,August,158,5.586987270155587,3.5964644925327645,0.31824611032531824,126,3,Positive
TW_0160,4,Twitter,2025-08-18,22:44:55,Link,Discover how Cloud Scale is transforming the industry! What are your thoughts? #DataAnalytics #Leadership #Productivity,#DataAnalytics #Leadership #Productivity,461,692,33,2,3,0,0,12,22,Monday,0,0,2025-08,August,38,8.24295010845987,1.7341040462427744,0.6507592190889371,119,3,Positive
TW_0161,4,Twitter,2025-05-13,08:59:14,Link,Why Cloud Scale matters more than ever for modern business growth. #DigitalMarketing,#DigitalMarketing,10407,12911,423,88,54,0,0,298,8,Tuesday,1,0,2025-05,May,565,5.429038147400788,2.308109364108125,0.5188815220524646,84,1,Positive
TW_0162,4,Twitter,2025-12-23,21:27:45,Text,Quick question for our community: How do you handle Content Marketing in your daily workflow? #Leadership #DataAnalytics,#Leadership #DataAnalytics,807,1093,59,14,8,0,0,14,21,Tuesday,1,0,2025-12,December,81,10.037174721189592,1.2808783165599267,0.9913258983890955,120,2,Neutral
TW_0163,4,Twitter,2025-08-23,18:25:15,Video,Unpopular opinion about User Experience: Most teams are doing it wrong. Here is why... #GrowthHacking,#GrowthHacking,3669,4910,158,8,15,0,2906,193,18,Saturday,5,1,2025-08,August,181,4.933224311801581,3.930753564154786,0.4088307440719542,101,1,Negative
TW_0164,4,Twitter,2025-10-03,07:44:59,Text,Behind the scenes at our team workshop on Content Marketing. Innovation starts here! #DataAnalytics,#DataAnalytics,2316,2946,134,15,5,0,0,91,7,Friday,4,0,2025-10,October,154,6.649395509499137,3.0889341479972843,0.2158894645941278,99,1,Positive
TW_0165,4,Twitter,2025-11-12,21:55:13,Link,Why Executive Leadership matters more than ever for modern business growth. #MachineLearning,#MachineLearning,1421,1587,51,6,6,0,0,70,21,Wednesday,2,0,2025-11,November,63,4.433497536945813,4.410838059231255,0.422237860661506,92,1,Positive
TW_0166,4,Twitter,2025-05-23,21:31:36,Link,Why Customer Engagement matters more than ever for modern business growth. #DataAnalytics #BusinessTips #SocialMedia2025,#DataAnalytics #BusinessTips #SocialMedia2025,2220,3725,164,16,22,0,0,73,21,Friday,4,0,2025-05,May,202,9.0990990990991,1.959731543624161,0.990990990990991,120,3,Positive
TW_0167,4,Twitter,2025-09-02,17:49:58,Text,Mastering Brand Strategy in under 10 minutes. Read our full step-by-step guide now! #GrowthHacking #Productivity #SocialMedia2025,#GrowthHacking #Productivity #SocialMedia2025,1439,1875,75,11,2,0,0,26,17,Tuesday,1,0,2025-09,September,88,6.115357887421821,1.3866666666666667,0.13898540653231412,129,3,Positive
TW_0168,4,Twitter,2025-05-09,03:57:44,Link,Sunday motivation: Start your week with a fresh mindset on Social Media ROI. #DataAnalytics #MachineLearning #DigitalMarketing #StartupLife,#DataAnalytics #MachineLearning #DigitalMarketing #StartupLife,1265,1512,79,13,7,0,0,63,3,Friday,4,0,2025-05,May,99,7.82608695652174,4.166666666666666,0.5533596837944664,139,4,Positive
TW_0169,4,Twitter,2025-06-10,20:30:18,Text,We are excited to announce our newest breakthrough in Executive Leadership. Check out the link below! #DataAnalytics,#DataAnalytics,415,665,31,3,3,0,0,12,20,Tuesday,1,0,2025-06,June,37,8.91566265060241,1.8045112781954888,0.7228915662650602,116,1,Positive
TW_0170,4,Twitter,2025-12-08,09:40:54,Link,Case study alert: How we boosted results by 350% using Python Automation. #TechTrends #DigitalMarketing #GrowthHacking #BusinessTips,#TechTrends #DigitalMarketing #GrowthHacking #BusinessTips,581,673,15,2,1,0,0,16,9,Monday,0,0,2025-12,December,18,3.098106712564544,2.37741456166419,0.17211703958691912,132,4,Positive
TW_0171,4,Twitter,2025-12-08,16:23:18,Link,Behind the scenes at our team workshop on Brand Strategy. Innovation starts here! #MachineLearning #BusinessTips #Productivity #DesignThinking,#MachineLearning #BusinessTips #Productivity #DesignThinking,859,1282,23,3,2,0,0,23,16,Monday,0,0,2025-12,December,28,3.259604190919674,1.794071762870515,0.23282887077997672,142,4,Positive
TW_0172,4,Twitter,2025-06-14,06:44:14,Video,No Caption Provided,#Innovation #Coding #SocialMedia2025,1391,2073,68,5,4,0,1071,23,6,Saturday,5,1,2025-06,June,77,5.535585909417685,1.1095031355523395,0.28756290438533433,19,3,Neutral
TW_0173,4,Twitter,2025-07-05,01:28:40,Image,Case study alert: How we boosted results by 350% using User Experience. #DesignThinking #StartupLife #DataAnalytics #Productivity,#DesignThinking #StartupLife #DataAnalytics #Productivity,2710,3046,115,16,6,0,0,143,1,Saturday,5,1,2025-07,July,137,5.055350553505535,4.694681549573211,0.22140221402214022,129,4,Positive
TW_0174,4,Twitter,2025-02-14,09:21:18,Image,Unpopular opinion about AI Workflow: Most teams are doing it wrong. Here is why... #Innovation #Productivity,#Innovation #Productivity,445,514,33,6,2,0,0,19,9,Friday,4,0,2025-02,February,41,9.213483146067416,3.6964980544747084,0.44943820224719105,108,2,Negative
TW_0175,4,Twitter,2025-06-25,19:02:39,Video,Mastering Social Media ROI in under 10 minutes. Read our full step-by-step guide now! #GrowthHacking #MarketingStrategy #Innovation,#GrowthHacking #MarketingStrategy #Innovation,1639,2024,92,21,5,0,1235,59,19,Wednesday,2,0,2025-06,June,118,7.199511897498474,2.91501976284585,0.3050640634533252,131,3,Positive
TW_0176,4,Twitter,2025-10-07,07:16:17,Link,Mastering AI Workflow in under 10 minutes. Read our full step-by-step guide now! #GrowthHacking #Coding,#GrowthHacking #Coding,1743,2444,126,22,5,0,0,90,7,Tuesday,1,0,2025-10,October,153,8.777969018932874,3.6824877250409163,0.2868617326448652,103,2,Positive
TW_0177,4,Twitter,2025-10-03,15:55:26,Text,Mastering Executive Leadership in under 10 minutes. Read our full step-by-step guide now! #GrowthHacking #StartupLife,#GrowthHacking #StartupLife,1822,2769,118,29,14,0,0,101,15,Friday,4,0,2025-10,October,161,8.836443468715698,3.6475261827374506,0.7683863885839737,117,2,Positive
TW_0178,4,Twitter,2025-11-05,11:09:36,Link,Case study alert: How we boosted results by 350% using Social Media ROI. #BusinessTips #DesignThinking,#BusinessTips #DesignThinking,923,1570,64,9,6,0,0,18,11,Wednesday,2,0,2025-11,November,79,8.559046587215601,1.1464968152866242,0.6500541711809318,102,2,Positive
TW_0179,4,Twitter,2025-01-25,03:17:36,Text,Sunday motivation: Start your week with a fresh mindset on Social Media ROI. #Productivity #AI #Innovation #TechTrends,#Productivity #AI #Innovation #TechTrends,1885,2965,52,2,4,0,0,81,3,Saturday,5,1,2025-01,January,58,3.076923076923077,2.7318718381112985,0.21220159151193632,118,4,Positive
TW_0180,4,Twitter,2025-07-07,23:11:25,Text,We are excited to announce our newest breakthrough in Customer Engagement. Check out the link below! #MachineLearning #DesignThinking #BusinessTips,#MachineLearning #DesignThinking #BusinessTips,2101,3374,94,8,2,0,0,62,23,Monday,0,0,2025-07,July,104,4.950023798191337,1.8375815056312983,0.09519276534983341,147,3,Positive
TW_0181,4,Twitter,2025-11-05,07:43:25,Video,We are excited to announce our newest breakthrough in Data Analytics. Check out the link below! #DigitalMarketing #DataAnalytics,#DigitalMarketing #DataAnalytics,2461,3867,62,6,3,0,1775,63,7,Wednesday,2,0,2025-11,November,71,2.8850060950832996,1.6291698991466252,0.12190166598943519,128,2,Positive
TW_0182,4,Twitter,2025-05-26,02:23:11,Image,Case study alert: How we boosted results by 350% using Data Analytics. #Coding #DigitalMarketing,#Coding #DigitalMarketing,2939,3945,144,17,17,0,0,138,2,Monday,0,0,2025-05,May,178,6.0564817965294315,3.4980988593155895,0.5784280367471929,96,2,Positive
TW_0183,4,Twitter,2025-09-21,01:58:12,Link,Discover how Data Analytics is transforming the industry! What are your thoughts? #DigitalMarketing #Coding,#DigitalMarketing #Coding,1528,1772,113,5,9,0,0,66,1,Sunday,6,1,2025-09,September,127,8.311518324607329,3.724604966139955,0.5890052356020943,107,2,Positive
TW_0184,4,Twitter,2025-05-04,04:42:16,Link,Quick question for our community: How do you handle Executive Leadership in your daily workflow? #Leadership #BusinessTips,#Leadership #BusinessTips,938,1074,25,3,3,0,0,25,4,Sunday,6,1,2025-05,May,31,3.304904051172708,2.3277467411545625,0.31982942430703626,122,2,Neutral
TW_0185,4,Twitter,2025-02-19,06:32:36,Link,Unpopular opinion about Python Automation: Most teams are doing it wrong. Here is why... #GrowthHacking,#GrowthHacking,1547,2326,111,19,4,0,0,70,6,Wednesday,2,0,2025-02,February,134,8.661926308985132,3.0094582975064488,0.25856496444731736,103,1,Negative
TW_0186,4,Twitter,2025-11-25,03:34:34,Video,Mastering Content Marketing in under 10 minutes. Read our full step-by-step guide now! #Innovation #TechTrends,#Innovation #TechTrends,4138,6697,324,57,20,0,2029,100,3,Tuesday,1,0,2025-11,November,401,9.690671822136297,1.4932059130954158,0.4833252779120348,110,2,Positive
TW_0187,4,Twitter,2025-10-17,02:32:38,Text,Top 5 actionable strategies for Content Marketing in 2025. Save this post for later! #Coding #AI #MachineLearning #Innovation,#Coding #AI #MachineLearning #Innovation,1253,1904,67,13,4,0,0,54,2,Friday,4,0,2025-10,October,84,6.70391061452514,2.8361344537815127,0.3192338387869114,125,4,Positive
TW_0188,4,Twitter,2025-02-15,15:20:36,Image,Mastering Social Media ROI in under 10 minutes. Read our full step-by-step guide now! #Productivity,#Productivity,2833,3761,71,3,3,0,0,63,15,Saturday,5,1,2025-02,February,77,2.717966819625838,1.6750864131879821,0.10589481115425345,99,1,Positive
TW_0189,4,Twitter,2025-05-29,09:08:16,Image,We are excited to announce our newest breakthrough in User Experience. Check out the link below! #Innovation #AI #DigitalMarketing #MarketingStrategy,#Innovation #AI #DigitalMarketing #MarketingStrategy,3713,5923,214,30,8,0,0,207,9,Thursday,3,0,2025-05,May,252,6.7869647185564235,3.4948505824750975,0.21545919741448963,149,4,Positive
TW_0190,4,Twitter,2025-06-13,05:43:25,Text,Why Cloud Scale matters more than ever for modern business growth. #Coding #SocialMedia2025 #GrowthHacking #StartupLife,#Coding #SocialMedia2025 #GrowthHacking #StartupLife,1616,2024,84,10,2,0,0,19,5,Friday,4,0,2025-06,June,96,5.9405940594059405,0.9387351778656126,0.12376237623762376,119,4,Positive
TW_0191,4,Twitter,2025-11-21,05:06:57,Link,Quick question for our community: How do you handle Executive Leadership in your daily workflow? #Coding #GrowthHacking #DigitalMarketing #BusinessTips,#Coding #GrowthHacking #DigitalMarketing #BusinessTips,394,479,23,5,2,0,0,8,5,Friday,4,0,2025-11,November,30,7.614213197969544,1.6701461377870561,0.5076142131979695,151,4,Positive
TW_0192,4,Twitter,2025-04-05,10:27:03,Video,Quick question for our community: How do you handle Python Automation in your daily workflow? #Productivity #DesignThinking #AI,#Productivity #DesignThinking #AI,2959,3670,80,9,3,0,2622,141,10,Saturday,5,1,2025-04,April,92,3.109158499493072,3.841961852861035,0.1013856032443393,127,3,Neutral
TW_0193,4,Twitter,2025-09-13,14:24:49,Link,Quick question for our community: How do you handle Brand Strategy in your daily workflow? #Coding #Innovation #BusinessTips,#Coding #Innovation #BusinessTips,327,539,19,3,2,0,0,14,14,Saturday,5,1,2025-09,September,24,7.339449541284404,2.5974025974025974,0.6116207951070336,124,3,Positive
TW_0194,4,Twitter,2025-07-22,09:54:17,Image,We are excited to announce our newest breakthrough in AI Workflow. Check out the link below! #Innovation,#Innovation,3396,4510,217,25,17,0,0,133,9,Tuesday,1,0,2025-07,July,259,7.626619552414605,2.9490022172949004,0.5005889281507656,104,1,Positive
TW_0195,4,Twitter,2025-03-08,08:22:07,Link,Mastering Data Analytics in under 10 minutes. Read our full step-by-step guide now! #AI #DigitalMarketing #MarketingStrategy,#AI #DigitalMarketing #MarketingStrategy,286,438,13,2,0,0,0,9,8,Saturday,5,1,2025-03,March,15,5.244755244755245,2.054794520547945,0.0,124,3,Positive
TW_0196,4,Twitter,2025-11-14,07:17:35,Image,We are excited to announce our newest breakthrough in Customer Engagement. Check out the link below! #Innovation #MarketingStrategy,#Innovation #MarketingStrategy,1634,1896,129,23,18,0,0,62,7,Friday,4,0,2025-11,November,170,10.403916768665852,3.2700421940928273,1.101591187270502,131,2,Positive
TW_0197,4,Twitter,2025-08-10,23:32:06,Video,Case study alert: How we boosted results by 350% using Content Marketing. #Coding,#Coding,5924,9250,351,70,25,0,4404,66,23,Sunday,6,1,2025-08,August,446,7.528696826468602,0.7135135135135134,0.4220121539500338,81,1,Positive
TW_0198,4,Twitter,2025-06-05,14:32:09,Link,Mastering Python Automation in under 10 minutes. Read our full step-by-step guide now! #MachineLearning #SocialMedia2025 #DataAnalytics,#MachineLearning #SocialMedia2025 #DataAnalytics,2462,3880,132,14,11,0,0,86,14,Thursday,3,0,2025-06,June,157,6.376929325751422,2.216494845360825,0.4467912266450041,135,3,Positive
TW_0199,4,Twitter,2025-01-09,19:16:26,Image,Mastering Brand Strategy in under 10 minutes. Read our full step-by-step guide now! #MarketingStrategy #Innovation #Leadership #Coding,#MarketingStrategy #Innovation #Leadership #Coding,4561,5484,312,64,19,0,0,213,19,Thursday,3,0,2025-01,January,395,8.66038149528612,3.8840262582056897,0.4165753124314843,134,4,Positive
TW_0200,4,Twitter,2025-07-31,19:40:17,Image,Behind the scenes at our team workshop on Executive Leadership. Innovation starts here! #MachineLearning,#MachineLearning,1606,2522,55,9,7,0,0,94,19,Thursday,3,0,2025-07,July,71,4.420921544209215,3.7272006344171293,0.43586550435865506,104,1,Positive
TW_0201,4,Twitter,2025-06-02,21:49:37,Link,Case study alert: How we boosted results by 350% using AI Workflow. #BusinessTips,#BusinessTips,1622,2407,106,21,11,0,0,93,21,Monday,0,0,2025-06,June,138,8.508014796547473,3.8637307852098046,0.6781750924784217,81,1,Positive
TW_0202,4,Twitter,2025-09-05,21:59:36,Video,Sunday motivation: Start your week with a fresh mindset on Data Analytics. #StartupLife #DesignThinking,#StartupLife #DesignThinking,5567,7788,347,46,10,0,4084,131,21,Friday,4,0,2025-09,September,403,7.23908747979163,1.682074987159733,0.17962996227770792,103,2,Positive
TW_0203,4,Twitter,2025-02-12,08:34:05,Image,Mastering Cloud Scale in under 10 minutes. Read our full step-by-step guide now! #AI,#AI,1026,1465,56,11,5,0,0,50,8,Wednesday,2,0,2025-02,February,72,7.017543859649122,3.4129692832764507,0.4873294346978557,84,1,Positive
TW_0204,4,Twitter,2025-05-07,22:59:50,Text,Discover how AI Workflow is transforming the industry! What are your thoughts? #MarketingStrategy #DesignThinking,#MarketingStrategy #DesignThinking,739,1072,31,1,3,0,0,16,22,Wednesday,2,0,2025-05,May,35,4.7361299052774015,1.4925373134328357,0.40595399188092013,113,2,Positive
TW_0205,4,Twitter,2025-04-10,08:49:27,Link,Discover how Content Marketing is transforming the industry! What are your thoughts? #DigitalMarketing,#DigitalMarketing,490,596,11,1,1,0,0,27,8,Thursday,3,0,2025-04,April,13,2.6530612244897958,4.530201342281879,0.20408163265306123,102,1,Positive
TW_0206,4,Twitter,2025-11-15,12:39:31,Image,Sunday motivation: Start your week with a fresh mindset on AI Workflow. #Leadership #StartupLife #GrowthHacking #BusinessTips,#Leadership #StartupLife #GrowthHacking #BusinessTips,660,1049,40,7,4,0,0,31,12,Saturday,5,1,2025-11,November,51,7.727272727272727,2.9551954242135365,0.6060606060606061,125,4,Positive
TW_0207,4,Twitter,2025-04-19,06:20:28,Video,Case study alert: How we boosted results by 350% using Cloud Scale. #DigitalMarketing #DataAnalytics,#DigitalMarketing #DataAnalytics,3357,4568,81,8,6,0,2073,52,6,Saturday,5,1,2025-04,April,95,2.829907655644921,1.138353765323993,0.17873100983020554,100,2,Positive
TW_0208,4,Twitter,2025-12-20,20:06:50,Image,Discover how Executive Leadership is transforming the industry! What are your thoughts? #SocialMedia2025 #MarketingStrategy,#SocialMedia2025 #MarketingStrategy,869,1335,51,10,4,0,0,46,20,Saturday,5,1,2025-12,December,65,7.479861910241657,3.445692883895131,0.46029919447640966,123,2,Positive
TW_0209,4,Twitter,2025-10-18,23:21:24,Image,Discover how Social Media ROI is transforming the industry! What are your thoughts? #BusinessTips,#BusinessTips,3307,5652,108,11,3,0,0,71,23,Saturday,5,1,2025-10,October,122,3.6891442394919864,1.2561924982307147,0.09071666162685213,97,1,Positive
TW_0210,4,Twitter,2025-08-19,13:59:41,Image,Top 5 actionable strategies for Data Analytics in 2025. Save this post for later! #AI #DataAnalytics,#AI #DataAnalytics,3061,4109,114,17,15,0,0,63,13,Tuesday,1,0,2025-08,August,146,4.76968311009474,1.5332197614991483,0.4900359359686377,100,2,Positive
TW_0211,4,Twitter,2025-02-12,14:35:45,Text,Case study alert: How we boosted results by 350% using AI Workflow. #Coding #Leadership #DesignThinking #MachineLearning,#Coding #Leadership #DesignThinking #MachineLearning,870,1321,26,1,1,0,0,25,14,Wednesday,2,0,2025-02,February,28,3.218390804597701,1.8925056775170326,0.11494252873563218,120,4,Positive
TW_0212,4,Twitter,2025-01-09,06:12:45,Video,No Caption Provided,#StartupLife #DesignThinking #GrowthHacking #DataAnalytics,4449,6018,141,24,7,0,1944,192,6,Thursday,3,0,2025-01,January,172,3.8660373117554507,3.1904287138584246,0.1573387278040009,19,4,Neutral
TW_0213,4,Twitter,2025-09-28,09:26:47,Image,Discover how Cloud Scale is transforming the industry! What are your thoughts? #BusinessTips #Leadership #Productivity,#BusinessTips #Leadership #Productivity,2067,2636,97,14,11,0,0,78,9,Sunday,6,1,2025-09,September,122,5.902273826802128,2.959028831562974,0.5321722302854378,118,3,Positive
TW_0214,4,Twitter,2025-07-21,09:55:30,Text,Discover how Brand Strategy is transforming the industry! What are your thoughts? #GrowthHacking #Coding,#GrowthHacking #Coding,2299,3239,108,18,8,0,0,129,9,Monday,0,0,2025-07,July,134,5.828621139625924,3.982710713183081,0.34797738147020446,104,2,Positive
TW_0215,4,Twitter,2025-12-20,19:55:15,Image,We are excited to announce our newest breakthrough in Data Analytics. Check out the link below! #AI #Coding #DesignThinking,#AI #Coding #DesignThinking,1610,1802,118,25,10,0,0,21,19,Saturday,5,1,2025-12,December,153,9.503105590062113,1.1653718091009988,0.6211180124223602,123,3,Positive
TW_0216,4,Twitter,2025-06-05,01:30:33,Text,Top 5 actionable strategies for AI Workflow in 2025. Save this post for later! #StartupLife #MachineLearning #DigitalMarketing #Leadership,#StartupLife #MachineLearning #DigitalMarketing #Leadership,1297,2033,47,5,5,0,0,41,1,Thursday,3,0,2025-06,June,57,4.394757131842714,2.016724053123463,0.3855050115651504,138,4,Positive
TW_0217,4,Twitter,2025-04-10,22:57:54,Image,Sunday motivation: Start your week with a fresh mindset on Customer Engagement. #Leadership,#Leadership,2537,3755,62,6,9,0,0,91,22,Thursday,3,0,2025-04,April,77,3.03508080409933,2.4234354194407457,0.35474970437524633,91,1,Positive
TW_0218,4,Twitter,2025-05-21,12:12:24,Link,Quick question for our community: How do you handle Python Automation in your daily workflow? #Leadership #BusinessTips #AI #Innovation,#Leadership #BusinessTips #AI #Innovation,1787,2888,46,2,1,0,0,26,12,Wednesday,2,0,2025-05,May,49,2.7420257414661444,0.9002770083102494,0.05595970900951316,135,4,Positive
TW_0219,4,Twitter,2025-09-05,16:59:31,Text,Case study alert: How we boosted results by 350% using Social Media ROI. #StartupLife #DataAnalytics,#StartupLife #DataAnalytics,13520,17048,637,143,49,0,0,579,16,Friday,4,0,2025-09,September,829,6.131656804733727,3.3962928202721723,0.3624260355029586,100,2,Positive
TW_0220,4,Twitter,2025-11-13,12:51:49,Image,Why Cloud Scale matters more than ever for modern business growth. #SocialMedia2025 #Innovation #Coding,#SocialMedia2025 #Innovation #Coding,2497,3624,76,10,3,0,0,100,12,Thursday,3,0,2025-11,November,89,3.564277132559071,2.759381898454746,0.12014417300760913,103,3,Positive
TW_0221,4,Twitter,2025-12-25,17:12:24,Text,Unpopular opinion about Social Media ROI: Most teams are doing it wrong. Here is why... #TechTrends #Productivity #Innovation,#TechTrends #Productivity #Innovation,1161,1621,72,15,4,0,0,33,17,Thursday,3,0,2025-12,December,91,7.838070628768304,2.0357803824799507,0.34453057708871665,125,3,Negative
TW_0222,4,Twitter,2025-05-08,21:19:07,Video,Sunday motivation: Start your week with a fresh mindset on Python Automation. #MarketingStrategy #MachineLearning #DataAnalytics,#MarketingStrategy #MachineLearning #DataAnalytics,7445,10359,351,29,51,0,4739,198,21,Thursday,3,0,2025-05,May,431,5.789120214909335,1.9113814074717639,0.6850235057085292,128,3,Positive
TW_0223,4,Twitter,2025-06-09,00:06:29,Image,Mastering Data Analytics in under 10 minutes. Read our full step-by-step guide now! #BusinessTips,#BusinessTips,1297,1480,46,10,1,0,0,38,0,Monday,0,0,2025-06,June,57,4.394757131842714,2.5675675675675675,0.07710100231303006,97,1,Positive
TW_0224,4,Twitter,2025-04-01,15:07:53,Image,Why Cloud Scale matters more than ever for modern business growth. #MarketingStrategy #DataAnalytics #Productivity #GrowthHacking,#MarketingStrategy #DataAnalytics #Productivity #GrowthHacking,1316,1782,89,6,12,0,0,56,15,Tuesday,1,0,2025-04,April,107,8.130699088145898,3.1425364758698096,0.911854103343465,129,4,Positive
TW_0225,4,Twitter,2025-03-17,03:03:36,Link,Behind the scenes at our team workshop on Brand Strategy. Innovation starts here! #Coding #Innovation #DigitalMarketing,#Coding #Innovation #DigitalMarketing,754,1168,22,4,2,0,0,27,3,Monday,0,0,2025-03,March,28,3.7135278514588856,2.3116438356164384,0.2652519893899204,119,3,Positive
TW_0226,4,Twitter,2025-07-13,08:39:07,Video,Top 5 actionable strategies for AI Workflow in 2025. Save this post for later! #Innovation #AI,#Innovation #AI,2942,4785,172,14,9,0,1746,55,8,Sunday,6,1,2025-07,July,195,6.6281441196465,1.1494252873563218,0.30591434398368456,94,2,Positive
TW_0227,4,Twitter,2025-05-10,16:03:13,Video,Top 5 actionable strategies for Content Marketing in 2025. Save this post for later! #GrowthHacking #DesignThinking #StartupLife #Innovation,#GrowthHacking #DesignThinking #StartupLife #Innovation,5472,6253,213,15,14,0,4771,75,16,Saturday,5,1,2025-05,May,242,4.422514619883041,1.1994242763473533,0.25584795321637427,140,4,Positive
TW_0228,4,Twitter,2025-10-19,06:27:35,Image,We are excited to announce our newest breakthrough in Data Analytics. Check out the link below! #Leadership #Productivity #SocialMedia2025,#Leadership #Productivity #SocialMedia2025,2895,5206,62,9,2,0,0,87,6,Sunday,6,1,2025-10,October,73,2.521588946459413,1.6711486746062238,0.0690846286701209,138,3,Positive
TW_0229,4,Twitter,2025-10-01,23:17:59,Link,Top 5 actionable strategies for Social Media ROI in 2025. Save this post for later! #DataAnalytics #MachineLearning #TechTrends,#DataAnalytics #MachineLearning #TechTrends,1263,1401,57,11,4,0,0,58,23,Wednesday,2,0,2025-10,October,72,5.7007125890736345,4.139900071377587,0.3167062549485352,127,3,Positive
TW_0230,4,Twitter,2025-05-05,16:14:01,Text,Why Social Media ROI matters more than ever for modern business growth. #SocialMedia2025,#SocialMedia2025,1839,2070,74,9,9,0,0,42,16,Monday,0,0,2025-05,May,92,5.002718868950517,2.0289855072463765,0.48939641109298526,88,1,Positive
TW_0231,4,Twitter,2025-03-26,11:35:36,Image,We are excited to announce our newest breakthrough in AI Workflow. Check out the link below! #TechTrends #Coding #DigitalMarketing #Productivity,#TechTrends #Coding #DigitalMarketing #Productivity,2012,2998,138,21,16,0,0,116,11,Wednesday,2,0,2025-03,March,175,8.697813121272366,3.8692461641094065,0.7952286282306162,144,4,Positive
TW_0232,4,Twitter,2025-03-30,02:11:14,Text,Why Customer Engagement matters more than ever for modern business growth. #MarketingStrategy #GrowthHacking #TechTrends,#MarketingStrategy #GrowthHacking #TechTrends,1982,3037,136,27,10,0,0,106,2,Sunday,6,1,2025-03,March,173,8.728557013118063,3.4902864669081333,0.5045408678102926,120,3,Positive
TW_0233,4,Twitter,2025-05-27,03:05:11,Video,Why Social Media ROI matters more than ever for modern business growth. #BusinessTips #TechTrends #StartupLife,#BusinessTips #TechTrends #StartupLife,3398,4324,240,56,6,0,3023,132,3,Tuesday,1,0,2025-05,May,302,8.8875809299588,3.0527289546716005,0.17657445556209533,110,3,Positive
TW_0234,4,Twitter,2025-11-03,21:49:53,Video,Sunday motivation: Start your week with a fresh mindset on Executive Leadership. #DataAnalytics #DesignThinking #Leadership #MachineLearning,#DataAnalytics #DesignThinking #Leadership #MachineLearning,6210,6955,241,35,19,0,5032,261,21,Monday,0,0,2025-11,November,295,4.750402576489534,3.7526959022286124,0.30595813204508854,140,4,Positive
TW_0235,4,Twitter,2025-01-09,17:04:38,Text,Behind the scenes at our team workshop on Data Analytics. Innovation starts here! #Innovation #DataAnalytics #Coding,#Innovation #DataAnalytics #Coding,1466,1937,97,20,4,0,0,18,17,Thursday,3,0,2025-01,January,121,8.2537517053206,0.9292720702116675,0.2728512960436562,116,3,Positive
TW_0236,4,Twitter,2025-01-14,04:51:20,Link,Mastering User Experience in under 10 minutes. Read our full step-by-step guide now! #BusinessTips #MachineLearning #TechTrends #Innovation,#BusinessTips #MachineLearning #TechTrends #Innovation,711,1015,53,2,4,0,0,37,4,Tuesday,1,0,2025-01,January,59,8.29817158931083,3.645320197044335,0.5625879043600562,139,4,Positive
TW_0237,4,Twitter,2025-05-29,04:42:57,Image,Top 5 actionable strategies for Python Automation in 2025. Save this post for later! #Productivity #StartupLife #DigitalMarketing,#Productivity #StartupLife #DigitalMarketing,3359,4002,123,20,3,0,0,92,4,Thursday,3,0,2025-05,May,146,4.346531705864841,2.2988505747126435,0.08931229532598987,129,3,Positive
TW_0238,4,Twitter,2025-07-11,08:45:10,Video,Sunday motivation: Start your week with a fresh mindset on Content Marketing. #DesignThinking #Leadership #Coding #MachineLearning,#DesignThinking #Leadership #Coding #MachineLearning,5296,8504,238,44,15,0,4168,174,8,Friday,4,0,2025-07,July,297,5.608006042296072,2.0460959548447786,0.28323262839879154,130,4,Positive
TW_0239,4,Twitter,2025-06-30,05:37:58,Image,Behind the scenes at our team workshop on Social Media ROI. Innovation starts here! #Productivity #MachineLearning #SocialMedia2025,#Productivity #MachineLearning #SocialMedia2025,3076,5204,71,12,8,0,0,149,5,Monday,0,0,2025-06,June,91,2.9583875162548767,2.8631821675634126,0.26007802340702213,131,3,Positive
TW_0240,4,Twitter,2025-11-21,06:22:38,Link,Sunday motivation: Start your week with a fresh mindset on Brand Strategy. #DataAnalytics #DesignThinking,#DataAnalytics #DesignThinking,622,1064,47,7,1,0,0,8,6,Friday,4,0,2025-11,November,55,8.842443729903538,0.7518796992481203,0.1607717041800643,105,2,Positive
TW_0241,4,Twitter,2025-08-13,00:02:00,Video,We are excited to announce our newest breakthrough in AI Workflow. Check out the link below! #Innovation #MachineLearning #AI,#Innovation #MachineLearning #AI,2982,4824,143,16,18,0,2002,40,0,Wednesday,2,0,2025-08,August,177,5.935613682092555,0.8291873963515755,0.6036217303822937,125,3,Positive
TW_0242,4,Twitter,2025-09-04,13:39:27,Video,We are excited to announce our newest breakthrough in Social Media ROI. Check out the link below! #BusinessTips #AI #DigitalMarketing,#BusinessTips #AI #DigitalMarketing,7575,8447,178,21,4,0,6024,153,13,Thursday,3,0,2025-09,September,203,2.67986798679868,1.8112939505149757,0.0528052805280528,133,3,Positive
TW_0243,4,Twitter,2025-09-13,19:08:08,Link,Quick question for our community: How do you handle Social Media ROI in your daily workflow? #StartupLife #BusinessTips,#StartupLife #BusinessTips,2657,3273,87,13,4,0,0,121,19,Saturday,5,1,2025-09,September,104,3.9141889348889722,3.6969141460433854,0.1505457282649605,119,2,Neutral
TW_0244,4,Twitter,2025-07-16,01:45:26,Image,Quick question for our community: How do you handle Content Marketing in your daily workflow? #SocialMedia2025,#General,673,1046,23,4,3,0,0,8,1,Wednesday,2,0,2025-07,July,30,4.457652303120357,0.7648183556405354,0.44576523031203563,110,1,Neutral
TW_0245,4,Twitter,2025-04-12,03:10:24,Text,Sunday motivation: Start your week with a fresh mindset on Social Media ROI. #TechTrends,#TechTrends,1194,1919,75,9,10,0,0,58,3,Saturday,5,1,2025-04,April,94,7.872696817420436,3.0224075039082856,0.8375209380234505,88,1,Positive
TW_0246,4,Twitter,2025-08-22,13:44:36,Video,Behind the scenes at our team workshop on Customer Engagement. Innovation starts here! #Innovation #TechTrends #DataAnalytics,#Innovation #TechTrends #DataAnalytics,5427,8299,370,69,17,0,4264,250,13,Friday,4,0,2025-08,August,456,8.402432283029299,3.012411133871551,0.31324857195503963,125,3,Positive
TW_0247,4,Twitter,2025-04-15,20:54:21,Image,Sunday motivation: Start your week with a fresh mindset on Content Marketing. #SocialMedia2025,#SocialMedia2025,1303,2063,40,9,1,0,0,36,20,Tuesday,1,0,2025-04,April,50,3.837298541826554,1.74503150751333,0.07674597083653108,94,1,Positive
TW_0248,4,Twitter,2025-09-24,11:27:54,Text,Mastering Executive Leadership in under 10 minutes. Read our full step-by-step guide now! #MarketingStrategy,#MarketingStrategy,1232,2045,55,6,3,0,0,18,11,Wednesday,2,0,2025-09,September,64,5.194805194805195,0.8801955990220048,0.2435064935064935,108,1,Positive
TW_0249,4,Twitter,2025-06-06,18:27:39,Image,Behind the scenes at our team workshop on AI Workflow. Innovation starts here! #DigitalMarketing #SocialMedia2025 #DataAnalytics #MachineLearning,#DigitalMarketing #SocialMedia2025 #DataAnalytics #MachineLearning,2986,5121,219,30,5,0,0,116,18,Friday,4,0,2025-06,June,254,8.506363027461488,2.2651825815270454,0.16744809109176156,145,4,Positive
TW_0250,4,Twitter,2025-03-28,12:33:23,Text,Quick question for our community: How do you handle Social Media ROI in your daily workflow? #MachineLearning #DesignThinking,#MachineLearning #DesignThinking,1119,1592,29,3,1,0,0,25,12,Friday,4,0,2025-03,March,33,2.949061662198391,1.5703517587939697,0.08936550491510277,125,2,Neutral
TW_0251,4,Twitter,2025-10-30,21:27:42,Video,Quick question for our community: How do you handle User Experience in your daily workflow? #AI #BusinessTips #StartupLife,#AI #BusinessTips #StartupLife,1572,2507,86,9,10,0,1145,38,21,Thursday,3,0,2025-10,October,105,6.679389312977099,1.515755883526127,0.6361323155216284,122,3,Neutral
TW_0252,4,Twitter,2025-05-02,21:16:09,Video,Case study alert: How we boosted results by 350% using AI Workflow. #MarketingStrategy #DigitalMarketing #Coding,#MarketingStrategy #DigitalMarketing #Coding,5728,7624,284,14,8,0,3975,275,21,Friday,4,0,2025-05,May,306,5.342178770949721,3.6070304302203566,0.13966480446927373,112,3,Positive
TW_0253,4,Twitter,2025-12-17,10:58:06,Text,We are excited to announce our newest breakthrough in User Experience. Check out the link below! #BusinessTips #Leadership,#BusinessTips #Leadership,2413,4180,155,35,17,0,0,31,10,Wednesday,2,0,2025-12,December,207,8.578532946539577,0.7416267942583732,0.7045171985080813,122,2,Positive
TW_0254,4,Twitter,2025-12-31,01:10:53,Link,Discover how Content Marketing is transforming the industry! What are your thoughts? #MachineLearning #Productivity #BusinessTips,#MachineLearning #Productivity #BusinessTips,369,431,22,1,1,0,0,15,1,Wednesday,2,0,2025-12,December,24,6.504065040650407,3.480278422273782,0.27100271002710025,129,3,Positive
TW_0255,4,Twitter,2025-05-18,12:44:41,Image,Case study alert: How we boosted results by 350% using Executive Leadership. #DigitalMarketing #StartupLife #MarketingStrategy,#DigitalMarketing #StartupLife #MarketingStrategy,4115,5106,113,18,8,0,0,182,12,Sunday,6,1,2025-05,May,139,3.377885783718104,3.5644339992166083,0.19441069258809235,126,3,Positive
TW_0256,4,Twitter,2025-12-15,01:54:05,Link,Quick question for our community: How do you handle Cloud Scale in your daily workflow? #GrowthHacking,#GrowthHacking,375,497,26,4,0,0,0,11,1,Monday,0,0,2025-12,December,30,8.0,2.2132796780684103,0.0,102,1,Positive
TW_0257,4,Twitter,2025-01-23,20:35:43,Image,Quick question for our community: How do you handle Python Automation in your daily workflow? #BusinessTips #StartupLife #TechTrends,#BusinessTips #StartupLife #TechTrends,2548,3015,114,25,3,0,0,51,20,Thursday,3,0,2025-01,January,142,5.572998430141287,1.691542288557214,0.11773940345368916,132,3,Neutral
TW_0258,4,Twitter,2025-05-14,13:31:26,Image,We are excited to announce our newest breakthrough in Brand Strategy. Check out the link below! #Innovation #BusinessTips #AI #Coding,#Innovation #BusinessTips #AI #Coding,1357,2166,100,14,11,0,0,34,13,Wednesday,2,0,2025-05,May,125,9.211495946941783,1.569713758079409,0.8106116433308769,133,4,Positive
TW_0259,4,Twitter,2025-09-06,20:09:01,Link,Mastering User Experience in under 10 minutes. Read our full step-by-step guide now! #MachineLearning #DataAnalytics #AI #Innovation,#MachineLearning #DataAnalytics #AI #Innovation,448,543,25,2,1,0,0,17,20,Saturday,5,1,2025-09,September,28,6.25,3.1307550644567224,0.2232142857142857,132,4,Positive
TW_0260,4,Twitter,2025-10-16,02:51:39,Image,We are excited to announce our newest breakthrough in Content Marketing. Check out the link below! #AI,#AI,1757,3060,115,8,8,0,0,103,2,Thursday,3,0,2025-10,October,131,7.4558907228229945,3.366013071895425,0.4553215708594195,102,1,Positive
TW_0261,4,Twitter,2025-08-06,08:52:24,Text,Mastering Cloud Scale in under 10 minutes. Read our full step-by-step guide now! #StartupLife #GrowthHacking #DataAnalytics,#StartupLife #GrowthHacking #DataAnalytics,8733,9680,273,36,12,0,0,409,8,Wednesday,2,0,2025-08,August,321,3.6757128134661627,4.225206611570248,0.13740982480247338,123,3,Positive
TW_0262,4,Twitter,2025-05-29,06:03:04,Video,Behind the scenes at our team workshop on AI Workflow. Innovation starts here! #DesignThinking,#DesignThinking,5382,8594,177,35,14,0,2202,256,6,Thursday,3,0,2025-05,May,226,4.199182460052025,2.978822434256458,0.2601263470828688,94,1,Positive
TW_0263,4,Twitter,2025-06-05,13:52:10,Video,Mastering Social Media ROI in under 10 minutes. Read our full step-by-step guide now! #DesignThinking #GrowthHacking,#DesignThinking #GrowthHacking,5890,9325,171,41,21,0,3946,261,13,Thursday,3,0,2025-06,June,233,3.9558573853989816,2.798927613941019,0.3565365025466893,116,2,Positive
TW_0264,4,Twitter,2025-10-26,11:59:50,Link,Quick question for our community: How do you handle Social Media ROI in your daily workflow? #SocialMedia2025,#SocialMedia2025,1293,2023,30,2,3,0,0,23,11,Sunday,6,1,2025-10,October,35,2.706883217324053,1.1369253583786456,0.23201856148491878,109,1,Neutral
TW_0265,4,Twitter,2025-01-16,07:36:46,Link,Sunday motivation: Start your week with a fresh mindset on Python Automation. #DataAnalytics #BusinessTips #StartupLife #MachineLearning,#General,486,559,16,2,2,0,0,18,7,Thursday,3,0,2025-01,January,20,4.11522633744856,3.2200357781753133,0.411522633744856,136,1,Positive
TW_0266,4,Twitter,2025-12-17,17:53:20,Image,Why User Experience matters more than ever for modern business growth. #TechTrends #Productivity #DataAnalytics,#TechTrends #Productivity #DataAnalytics,1551,2453,93,6,4,0,0,70,17,Wednesday,2,0,2025-12,December,103,6.640876853642812,2.8536485935589075,0.2578981302385558,111,3,Positive
TW_0267,4,Twitter,2025-12-19,12:00:56,Text,Unpopular opinion about User Experience: Most teams are doing it wrong. Here is why... #TechTrends #Productivity #DesignThinking,#TechTrends #Productivity #DesignThinking,1813,2571,42,8,1,0,0,95,12,Friday,4,0,2025-12,December,51,2.8130170987313843,3.695060287825749,0.05515719801434087,128,3,Negative
TW_0268,4,Twitter,2025-11-15,10:38:07,Text,Sunday motivation: Start your week with a fresh mindset on Cloud Scale. #MarketingStrategy #DesignThinking #MachineLearning,#MarketingStrategy #DesignThinking #MachineLearning,791,1148,23,1,2,0,0,20,10,Saturday,5,1,2025-11,November,26,3.286978508217446,1.7421602787456445,0.2528445006321113,123,3,Positive
TW_0269,4,Twitter,2025-05-18,20:54:40,Link,Quick question for our community: How do you handle AI Workflow in your daily workflow? #Productivity #GrowthHacking #Leadership #BusinessTips,#Productivity #GrowthHacking #Leadership #BusinessTips,2681,3261,75,17,8,0,0,41,20,Sunday,6,1,2025-05,May,100,3.729951510630362,1.2572830420116528,0.29839612085042894,142,4,Positive
TW_0270,4,Twitter,2025-10-16,00:51:46,Image,Sunday motivation: Start your week with a fresh mindset on User Experience. #SocialMedia2025 #Productivity #DigitalMarketing,#SocialMedia2025 #Productivity #DigitalMarketing,1023,1735,70,13,4,0,0,34,0,Thursday,3,0,2025-10,October,87,8.504398826979472,1.9596541786743515,0.39100684261974583,124,3,Positive
TW_0271,4,Twitter,2025-05-02,19:44:44,Link,Discover how Brand Strategy is transforming the industry! What are your thoughts? #TechTrends #DesignThinking #MachineLearning,#TechTrends #DesignThinking #MachineLearning,1835,2134,77,9,5,0,0,59,19,Friday,4,0,2025-05,May,91,4.959128065395095,2.7647610121836927,0.2724795640326975,126,3,Positive
TW_0272,4,Twitter,2025-11-30,13:16:28,Image,Top 5 actionable strategies for Python Automation in 2025. Save this post for later! #Coding,#Coding,2095,2530,99,13,3,0,0,102,13,Sunday,6,1,2025-11,November,115,5.4892601431980905,4.0316205533596845,0.1431980906921241,92,1,Positive
TW_0273,4,Twitter,2025-09-10,19:28:31,Link,We are excited to announce our newest breakthrough in Social Media ROI. Check out the link below! #StartupLife,#General,2564,3221,148,13,21,0,0,38,19,Wednesday,2,0,2025-09,September,182,7.098283931357255,1.1797578391803787,0.8190327613104524,110,1,Positive
TW_0274,4,Twitter,2025-11-13,15:32:37,Link,Discover how Python Automation is transforming the industry! What are your thoughts? #Leadership #MarketingStrategy,#Leadership #MarketingStrategy,943,1232,33,3,4,0,0,26,15,Thursday,3,0,2025-11,November,40,4.241781548250265,2.1103896103896105,0.4241781548250266,115,2,Positive
TW_0275,4,Twitter,2025-11-19,00:05:29,Video,Sunday motivation: Start your week with a fresh mindset on Executive Leadership. #Productivity #Coding #DataAnalytics,#Productivity #Coding #DataAnalytics,3342,4419,145,20,14,0,1463,75,0,Wednesday,2,0,2025-11,November,179,5.356074207061639,1.6972165648336728,0.41891083183722316,117,3,Positive
TW_0276,4,Twitter,2025-06-24,09:51:01,Link,Quick question for our community: How do you handle Content Marketing in your daily workflow? #DesignThinking,#DesignThinking,1043,1537,24,1,1,0,0,15,9,Tuesday,1,0,2025-06,June,26,2.4928092042186005,0.9759271307742355,0.09587727708533077,109,1,Neutral
TW_0277,4,Twitter,2025-08-03,04:39:08,Link,Discover how Cloud Scale is transforming the industry! What are your thoughts? #StartupLife,#StartupLife,1066,1400,75,15,5,0,0,55,4,Sunday,6,1,2025-08,August,95,8.911819887429644,3.9285714285714284,0.46904315196998125,91,1,Positive
TW_0278,4,Twitter,2025-01-21,00:55:52,Text,Behind the scenes at our team workshop on Data Analytics. Innovation starts here! #DataAnalytics #SocialMedia2025 #Productivity #GrowthHacking,#DataAnalytics #SocialMedia2025 #Productivity #GrowthHacking,2333,3724,134,26,7,0,0,121,0,Tuesday,1,0,2025-01,January,167,7.1581654522074585,3.2491944146079486,0.30004286326618085,142,4,Positive
TW_0279,4,Twitter,2025-01-17,20:11:15,Text,Case study alert: How we boosted results by 350% using Content Marketing. #Innovation,#Innovation,2421,3506,124,9,5,0,0,25,20,Friday,4,0,2025-01,January,138,5.700123915737299,0.713063320022818,0.20652622883106153,85,1,Positive
TW_0280,4,Twitter,2025-05-10,23:50:18,Image,Top 5 actionable strategies for Brand Strategy in 2025. Save this post for later! #AI,#AI,2361,2666,154,26,20,0,0,25,23,Saturday,5,1,2025-05,May,200,8.470986869970352,0.9377344336084021,0.847098686997035,85,1,Positive
TW_0281,4,Twitter,2025-04-03,11:24:52,Text,Case study alert: How we boosted results by 350% using Content Marketing. #DataAnalytics #SocialMedia2025,#DataAnalytics #SocialMedia2025,1792,3209,77,10,11,0,0,52,11,Thursday,3,0,2025-04,April,98,5.46875,1.6204425054534122,0.6138392857142857,105,2,Positive
TW_0282,4,Twitter,2025-06-13,02:35:10,Video,Why Data Analytics matters more than ever for modern business growth. #Innovation #Coding,#Innovation #Coding,3656,4755,219,39,4,0,1645,72,2,Friday,4,0,2025-06,June,262,7.166301969365427,1.5141955835962144,0.10940919037199125,89,2,Positive
TW_0283,4,Twitter,2025-04-15,23:04:12,Link,Mastering Data Analytics in under 10 minutes. Read our full step-by-step guide now! #BusinessTips #DesignThinking,#BusinessTips #DesignThinking,472,520,12,2,1,0,0,17,23,Tuesday,1,0,2025-04,April,15,3.1779661016949152,3.2692307692307696,0.211864406779661,113,2,Positive
TW_0284,4,Twitter,2025-02-09,17:06:31,Text,Why Brand Strategy matters more than ever for modern business growth. #Productivity #Leadership #BusinessTips #Coding,#Productivity #Leadership #BusinessTips #Coding,561,893,40,7,3,0,0,9,17,Sunday,6,1,2025-02,February,50,8.9126559714795,1.007838745800672,0.53475935828877,117,4,Positive
TW_0285,4,Twitter,2025-09-29,16:09:44,Link,Case study alert: How we boosted results by 350% using Customer Engagement. #GrowthHacking,#GrowthHacking,1733,2195,121,11,2,0,0,55,16,Monday,0,0,2025-09,September,134,7.732256203115984,2.5056947608200453,0.1154068090017311,90,1,Positive
TW_0286,4,Twitter,2025-03-28,09:41:42,Link,Top 5 actionable strategies for Social Media ROI in 2025. Save this post for later! #GrowthHacking #Coding #DesignThinking #Leadership,#GrowthHacking #Coding #DesignThinking #Leadership,877,1318,39,9,4,0,0,12,9,Friday,4,0,2025-03,March,52,5.929304446978335,0.9104704097116844,0.45610034207525657,134,4,Positive
TW_0287,4,Twitter,2025-04-01,12:56:28,Video,We are excited to announce our newest breakthrough in Customer Engagement. Check out the link below! #Productivity #GrowthHacking,#Productivity #GrowthHacking,6754,11912,367,21,12,0,4459,387,12,Tuesday,1,0,2025-04,April,400,5.922416345869115,3.2488247145735394,0.17767249037607344,129,2,Positive
TW_0288,4,Twitter,2025-10-08,17:20:32,Image,Mastering Cloud Scale in under 10 minutes. Read our full step-by-step guide now! #AI #GrowthHacking #Leadership,#General,1808,3245,106,6,7,0,0,96,17,Wednesday,2,0,2025-10,October,119,6.581858407079647,2.958397534668721,0.38716814159292035,111,1,Positive
TW_0289,4,Twitter,2025-04-14,18:21:00,Text,Quick question for our community: How do you handle User Experience in your daily workflow? #DigitalMarketing #BusinessTips,#DigitalMarketing #BusinessTips,1018,1465,51,6,2,0,0,42,18,Monday,0,0,2025-04,April,59,5.7956777996070725,2.8668941979522184,0.19646365422396855,123,2,Neutral
TW_0290,4,Twitter,2025-12-19,08:46:34,Image,Behind the scenes at our team workshop on Content Marketing. Innovation starts here! #Innovation #GrowthHacking #MarketingStrategy,#Innovation #GrowthHacking #MarketingStrategy,1915,2560,74,16,4,0,0,64,8,Friday,4,0,2025-12,December,94,4.908616187989557,2.5,0.20887728459530025,130,3,Positive
TW_0291,4,Twitter,2025-04-09,19:29:37,Image,Why Social Media ROI matters more than ever for modern business growth. #StartupLife #MachineLearning #MarketingStrategy,#StartupLife #MachineLearning #MarketingStrategy,1170,1717,70,14,7,0,0,51,19,Wednesday,2,0,2025-04,April,91,7.777777777777778,2.9702970297029703,0.5982905982905984,120,3,Positive
TW_0292,4,Twitter,2025-05-09,17:31:38,Image,Quick question for our community: How do you handle Content Marketing in your daily workflow? #TechTrends #DataAnalytics #StartupLife #SocialMedia2025,#TechTrends #DataAnalytics #StartupLife #SocialMedia2025,1327,1980,61,13,2,0,0,48,17,Friday,4,0,2025-05,May,76,5.727204220045215,2.4242424242424243,0.15071590052750566,150,4,Neutral
TW_0293,4,Twitter,2025-11-09,05:38:38,Video,Unpopular opinion about AI Workflow: Most teams are doing it wrong. Here is why... #Coding #MachineLearning,#Coding #MachineLearning,4903,5396,374,93,26,0,2815,217,5,Sunday,6,1,2025-11,November,493,10.05506832551499,4.021497405485545,0.5302875790332449,107,2,Negative
TW_0294,4,Twitter,2025-07-04,09:59:49,Video,Case study alert: How we boosted results by 350% using AI Workflow. #GrowthHacking #SocialMedia2025,#GrowthHacking #SocialMedia2025,5825,6756,384,23,19,0,3501,66,9,Friday,4,0,2025-07,July,426,7.313304721030042,0.9769094138543518,0.32618025751072965,99,2,Positive
TW_0295,4,Twitter,2025-09-01,06:56:46,Video,Why User Experience matters more than ever for modern business growth. #DigitalMarketing,#DigitalMarketing,4910,8670,204,14,26,0,3200,224,6,Monday,0,0,2025-09,September,244,4.969450101832994,2.583621683967705,0.5295315682281059,88,1,Positive
TW_0296,4,Twitter,2025-07-07,02:10:22,Image,Behind the scenes at our team workshop on Cloud Scale. Innovation starts here! #Coding #SocialMedia2025 #GrowthHacking #BusinessTips,#Coding #SocialMedia2025 #GrowthHacking #BusinessTips,1093,1537,25,4,3,0,0,62,2,Monday,0,0,2025-07,July,32,2.92772186642269,4.033832140533507,0.2744739249771272,132,4,Positive
TW_0297,4,Twitter,2025-07-05,19:49:12,Video,Unpopular opinion about Python Automation: Most teams are doing it wrong. Here is why... #Coding #StartupLife #DataAnalytics #BusinessTips,#Coding #StartupLife #DataAnalytics #BusinessTips,2764,3072,147,18,4,0,1323,82,19,Saturday,5,1,2025-07,July,169,6.1143270622286545,2.669270833333333,0.1447178002894356,138,4,Negative
TW_0298,4,Twitter,2025-04-17,14:45:13,Text,Behind the scenes at our team workshop on Cloud Scale. Innovation starts here! #DesignThinking #StartupLife #Leadership,#DesignThinking #StartupLife #Leadership,2620,3676,209,21,21,0,0,55,14,Thursday,3,0,2025-04,April,251,9.580152671755725,1.4961915125136016,0.8015267175572519,119,3,Positive
TW_0299,4,Twitter,2025-02-01,03:33:54,Image,Behind the scenes at our team workshop on Python Automation. Innovation starts here! #MarketingStrategy #DesignThinking #Coding #SocialMedia2025,#MarketingStrategy #DesignThinking #Coding #SocialMedia2025,1460,1679,94,14,5,0,0,59,3,Saturday,5,1,2025-02,February,113,7.739726027397261,3.5139964264443124,0.3424657534246575,144,4,Positive
TW_0300,4,Twitter,2025-10-22,12:48:56,Text,Discover how Data Analytics is transforming the industry! What are your thoughts? #SocialMedia2025 #BusinessTips #AI,#SocialMedia2025 #BusinessTips #AI,3858,5363,87,15,2,0,0,205,12,Wednesday,2,0,2025-10,October,104,2.695697252462416,3.8224874137609546,0.05184033177812338,116,3,Positive
TW_0301,4,Twitter,2025-11-23,03:46:58,Video,Mastering Content Marketing in under 10 minutes. Read our full step-by-step guide now! #Coding,#Coding,1390,1832,33,1,2,0,897,51,3,Sunday,6,1,2025-11,November,36,2.5899280575539567,2.7838427947598254,0.14388489208633093,94,1,Positive
TW_0302,4,Twitter,2025-03-17,02:46:21,Text,Case study alert: How we boosted results by 350% using Social Media ROI. #MarketingStrategy #DataAnalytics #DesignThinking,#MarketingStrategy #DataAnalytics #DesignThinking,1037,1679,73,3,2,0,0,13,2,Monday,0,0,2025-03,March,78,7.521697203471553,0.7742703990470519,0.19286403085824494,122,3,Positive
TW_0303,4,Twitter,2025-11-12,18:46:48,Image,Discover how Content Marketing is transforming the industry! What are your thoughts? #GrowthHacking,#GrowthHacking,2883,3361,151,14,7,0,0,57,18,Wednesday,2,0,2025-11,November,172,5.966007630939993,1.6959238321927996,0.2428026361429067,99,1,Positive
TW_0304,4,Twitter,2025-10-22,11:32:02,Text,Sunday motivation: Start your week with a fresh mindset on Social Media ROI. #DigitalMarketing #DesignThinking,#DigitalMarketing #DesignThinking,265,436,13,2,1,0,0,7,11,Wednesday,2,0,2025-10,October,16,6.037735849056604,1.6055045871559634,0.37735849056603776,110,2,Positive
TW_0305,4,Twitter,2025-12-15,12:53:47,Link,We are excited to announce our newest breakthrough in Python Automation. Check out the link below! #AI,#AI,1432,1910,32,3,0,0,0,67,12,Monday,0,0,2025-12,December,35,2.4441340782122905,3.507853403141361,0.0,102,1,Positive
TW_0306,4,Twitter,2025-11-04,02:18:24,Video,We are excited to announce our newest breakthrough in Content Marketing. Check out the link below! #DataAnalytics,#DataAnalytics,4836,5889,169,21,6,0,4287,184,2,Tuesday,1,0,2025-11,November,196,4.052936311000828,3.1244693496349125,0.12406947890818859,113,1,Positive
TW_0307,4,Twitter,2025-12-14,08:26:44,Link,Sunday motivation: Start your week with a fresh mindset on Brand Strategy. #DataAnalytics #Innovation #Productivity,#DataAnalytics #Innovation #Productivity,1622,2422,67,10,3,0,0,96,8,Sunday,6,1,2025-12,December,80,4.932182490752158,3.963666391412056,0.18495684340320592,115,3,Positive
TW_0308,4,Twitter,2025-05-28,20:15:57,Image,Quick question for our community: How do you handle Social Media ROI in your daily workflow? #SocialMedia2025,#SocialMedia2025,2348,2676,163,38,14,0,0,81,20,Wednesday,2,0,2025-05,May,215,9.156729131175469,3.0269058295964126,0.596252129471891,109,1,Neutral
TW_0309,4,Twitter,2025-03-02,20:16:59,Image,Discover how Executive Leadership is transforming the industry! What are your thoughts? #MarketingStrategy #AI #TechTrends #Innovation,#MarketingStrategy #AI #TechTrends #Innovation,2117,3025,130,21,14,0,0,71,20,Sunday,6,1,2025-03,March,165,7.794048181388757,2.347107438016529,0.6613131790269249,134,4,Positive
TW_0310,4,Twitter,2025-01-16,07:17:48,Video,Quick question for our community: How do you handle Python Automation in your daily workflow? #Coding #SocialMedia2025 #BusinessTips,#Coding #SocialMedia2025 #BusinessTips,3389,4221,127,13,8,0,1994,34,7,Thursday,3,0,2025-01,January,148,4.367069932133372,0.8054963278843875,0.23605783416937148,132,3,Neutral
TW_0311,4,Twitter,2025-05-30,17:06:39,Image,Discover how Data Analytics is transforming the industry! What are your thoughts? #SocialMedia2025,#SocialMedia2025,2136,2664,124,15,16,0,0,105,17,Friday,4,0,2025-05,May,155,7.2565543071161045,3.9414414414414414,0.7490636704119851,98,1,Positive
TW_0312,4,Twitter,2025-06-06,07:51:44,Video,Quick question for our community: How do you handle AI Workflow in your daily workflow? #TechTrends #MarketingStrategy #BusinessTips #Innovation,#TechTrends #MarketingStrategy #BusinessTips #Innovation,3131,3734,235,31,13,0,2127,39,7,Friday,4,0,2025-06,June,279,8.91089108910891,1.0444563470808785,0.415202810603641,144,4,Positive
TW_0313,4,Twitter,2025-08-29,19:03:02,Video,Top 5 actionable strategies for Social Media ROI in 2025. Save this post for later! #Productivity #StartupLife #SocialMedia2025,#Productivity #StartupLife #SocialMedia2025,3133,4291,112,19,15,0,2060,149,19,Friday,4,0,2025-08,August,146,4.660070220236196,3.4723840596597526,0.47877433769549954,127,3,Positive
TW_0314,4,Twitter,2025-07-03,08:45:00,Image,Case study alert: How we boosted results by 350% using Python Automation. #SocialMedia2025,#SocialMedia2025,1018,1547,54,7,2,0,0,46,8,Thursday,3,0,2025-07,July,63,6.18860510805501,2.9734970911441496,0.19646365422396855,90,1,Positive
TW_0315,4,Twitter,2025-11-05,17:47:52,Video,Unpopular opinion about Executive Leadership: Most teams are doing it wrong. Here is why... #DigitalMarketing #MachineLearning #Leadership,#DigitalMarketing #MachineLearning #Leadership,4339,7373,96,19,13,0,1822,256,17,Wednesday,2,0,2025-11,November,128,2.9499884766075133,3.47212803472128,0.29960820465545057,138,3,Negative
TW_0316,4,Twitter,2025-07-19,12:14:51,Link,Unpopular opinion about Content Marketing: Most teams are doing it wrong. Here is why... #AI #DesignThinking #TechTrends #StartupLife,#AI #DesignThinking #TechTrends #StartupLife,957,1282,30,6,2,0,0,50,12,Saturday,5,1,2025-07,July,38,3.9707419017763845,3.9001560062402496,0.20898641588296762,133,4,Negative
TW_0317,4,Twitter,2025-01-11,10:40:48,Link,Discover how Brand Strategy is transforming the industry! What are your thoughts? #Innovation #StartupLife #DigitalMarketing #DataAnalytics,#Innovation #StartupLife #DigitalMarketing #DataAnalytics,1402,1700,36,6,3,0,0,49,10,Saturday,5,1,2025-01,January,45,3.209700427960057,2.8823529411764706,0.21398002853067047,139,4,Positive
TW_0318,4,Twitter,2025-08-06,20:58:40,Link,Behind the scenes at our team workshop on Brand Strategy. Innovation starts here! #MarketingStrategy #DataAnalytics #BusinessTips #Productivity,#MarketingStrategy #DataAnalytics #BusinessTips #Productivity,608,781,43,5,3,0,0,27,20,Wednesday,2,0,2025-08,August,51,8.388157894736842,3.4571062740076828,0.4934210526315789,143,4,Positive
TW_0319,4,Twitter,2025-07-17,11:55:51,Image,We are excited to announce our newest breakthrough in Cloud Scale. Check out the link below! #SocialMedia2025,#SocialMedia2025,2374,2806,168,33,16,0,0,124,11,Thursday,3,0,2025-07,July,217,9.140690817186185,4.419101924447612,0.6739679865206403,109,1,Positive
TW_0320,4,Twitter,2025-10-23,21:12:29,Link,Quick question for our community: How do you handle Data Analytics in your daily workflow? #AI #MachineLearning #Productivity,#AI #MachineLearning #Productivity,1776,2369,74,10,3,0,0,80,21,Thursday,3,0,2025-10,October,87,4.898648648648648,3.376952300548755,0.16891891891891891,125,3,Neutral
TW_0321,4,Twitter,2025-03-05,19:16:57,Link,No Caption Provided,#Leadership,1940,2480,102,23,3,0,0,92,19,Wednesday,2,0,2025-03,March,128,6.5979381443298974,3.7096774193548385,0.15463917525773196,19,1,Neutral
TW_0322,4,Twitter,2025-01-19,16:11:09,Text,Top 5 actionable strategies for Social Media ROI in 2025. Save this post for later! #DesignThinking #Productivity,#DesignThinking #Productivity,1210,2151,27,5,2,0,0,21,16,Sunday,6,1,2025-01,January,34,2.809917355371901,0.9762900976290098,0.1652892561983471,113,2,Positive
TW_0323,4,Twitter,2025-10-15,18:19:28,Video,Behind the scenes at our team workshop on Customer Engagement. Innovation starts here! #Leadership #DataAnalytics,#Leadership #DataAnalytics,6172,8886,428,72,58,0,3625,307,18,Wednesday,2,0,2025-10,October,558,9.040829552819183,3.4548728336709433,0.9397278029812054,113,2,Positive
TW_0324,4,Twitter,2025-07-30,14:50:59,Video,Case study alert: How we boosted results by 350% using Customer Engagement. #MachineLearning #GrowthHacking #SocialMedia2025 #Leadership,#MachineLearning #GrowthHacking #SocialMedia2025 #Leadership,9270,16475,320,58,44,0,7927,481,14,Wednesday,2,0,2025-07,July,422,4.552319309600863,2.919575113808801,0.4746494066882417,136,4,Positive
TW_0325,4,Twitter,2025-03-15,12:54:38,Text,Unpopular opinion about Python Automation: Most teams are doing it wrong. Here is why... #Leadership #AI #SocialMedia2025 #GrowthHacking,#Leadership #AI #SocialMedia2025 #GrowthHacking,399,616,19,4,2,0,0,9,12,Saturday,5,1,2025-03,March,25,6.265664160401002,1.461038961038961,0.5012531328320802,136,4,Negative
TW_0326,4,Twitter,2025-01-31,01:42:06,Image,Quick question for our community: How do you handle AI Workflow in your daily workflow? #StartupLife #BusinessTips #Leadership #DesignThinking,#StartupLife #BusinessTips #Leadership #DesignThinking,3019,3322,80,6,6,0,0,180,1,Friday,4,0,2025-01,January,92,3.04736667770785,5.418422636965683,0.1987413050679033,142,4,Neutral
TW_0327,4,Twitter,2025-04-20,11:51:42,Video,Discover how Social Media ROI is transforming the industry! What are your thoughts? #MarketingStrategy #Innovation #MachineLearning #Productivity,#MarketingStrategy #Innovation #MachineLearning #Productivity,1824,2705,47,10,3,0,1092,103,11,Sunday,6,1,2025-04,April,60,3.289473684210526,3.807763401109057,0.1644736842105263,145,4,Positive
TW_0328,4,Twitter,2025-06-28,11:21:35,Text,Quick question for our community: How do you handle Python Automation in your daily workflow? #Innovation #AI,#Innovation #AI,2510,3240,122,14,3,0,0,60,11,Saturday,5,1,2025-06,June,139,5.53784860557769,1.8518518518518516,0.1195219123505976,109,2,Positive
TW_0329,4,Twitter,2025-12-01,01:37:52,Link,No Caption Provided,#BusinessTips,1542,2074,92,8,12,0,0,33,1,Monday,0,0,2025-12,December,112,7.263294422827498,1.591128254580521,0.7782101167315175,19,1,Neutral
TW_0330,4,Twitter,2025-04-26,03:24:27,Image,Quick question for our community: How do you handle Data Analytics in your daily workflow? #BusinessTips #Leadership #Coding #DesignThinking,#BusinessTips #Leadership #Coding #DesignThinking,392,495,22,2,2,0,0,16,3,Saturday,5,1,2025-04,April,26,6.63265306122449,3.2323232323232323,0.5102040816326531,140,4,Neutral
TW_0331,4,Twitter,2025-04-24,12:11:41,Image,Discover how Cloud Scale is transforming the industry! What are your thoughts? #Coding #AI #Leadership #SocialMedia2025,#Coding #AI #Leadership #SocialMedia2025,5295,6713,413,23,26,0,0,112,12,Thursday,3,0,2025-04,April,462,8.725212464589235,1.6684045881126173,0.49102927289896126,119,4,Positive
TW_0332,4,Twitter,2025-10-13,23:47:37,Video,Mastering Brand Strategy in under 10 minutes. Read our full step-by-step guide now! #Productivity #GrowthHacking #MarketingStrategy,#Productivity #GrowthHacking #MarketingStrategy,1305,1837,103,12,6,0,846,36,23,Monday,0,0,2025-10,October,121,9.272030651340996,1.95971692977681,0.45977011494252873,131,3,Positive
TW_0333,4,Twitter,2025-10-15,14:30:29,Video,Unpopular opinion about Customer Engagement: Most teams are doing it wrong. Here is why... #MarketingStrategy,#MarketingStrategy,6921,10435,491,93,47,0,5037,391,14,Wednesday,2,0,2025-10,October,631,9.117179598323942,3.747005270723527,0.6790926166738911,109,1,Negative
TW_0334,4,Twitter,2025-07-24,08:58:30,Text,Quick question for our community: How do you handle Data Analytics in your daily workflow? #StartupLife #MarketingStrategy #GrowthHacking #Coding,#StartupLife #MarketingStrategy #GrowthHacking #Coding,450,747,34,7,2,0,0,25,8,Thursday,3,0,2025-07,July,43,9.555555555555555,3.3467202141900936,0.4444444444444444,145,4,Positive
TW_0335,4,Twitter,2025-09-24,09:07:08,Image,Unpopular opinion about AI Workflow: Most teams are doing it wrong. Here is why... #Leadership #DesignThinking,#Leadership #DesignThinking,3331,5546,133,23,14,0,0,137,9,Wednesday,2,0,2025-09,September,170,5.103572500750525,2.470248827984133,0.4202942059441609,110,2,Negative
TW_0336,4,Twitter,2025-05-18,15:10:40,Link,Mastering Customer Engagement in under 10 minutes. Read our full step-by-step guide now! #AI #GrowthHacking #MarketingStrategy #MachineLearning,#AI #GrowthHacking #MarketingStrategy #MachineLearning,611,1019,16,2,0,0,0,32,15,Sunday,6,1,2025-05,May,18,2.9459901800327333,3.140333660451423,0.0,143,4,Positive
TW_0337,4,Twitter,2025-01-02,03:54:12,Text,Behind the scenes at our team workshop on Social Media ROI. Innovation starts here! #AI #Innovation #SocialMedia2025 #DesignThinking,#AI #Innovation #SocialMedia2025 #DesignThinking,2157,3280,168,16,13,0,0,106,3,Thursday,3,0,2025-01,January,197,9.133055169216505,3.231707317073171,0.602688919796013,132,4,Positive
TW_0338,4,Twitter,2025-11-28,04:20:48,Link,No Caption Provided,#Leadership,1427,2090,30,4,3,0,0,57,4,Friday,4,0,2025-11,November,37,2.592852137351086,2.727272727272727,0.21023125437981782,19,1,Neutral
TW_0339,4,Twitter,2025-09-18,01:31:18,Video,Discover how Data Analytics is transforming the industry! What are your thoughts? #DataAnalytics #DigitalMarketing,#DataAnalytics #DigitalMarketing,818,1380,21,4,0,0,481,46,1,Thursday,3,0,2025-09,September,25,3.056234718826406,3.3333333333333335,0.0,114,2,Positive
TW_0340,4,Twitter,2025-12-03,15:43:58,Text,Unpopular opinion about Social Media ROI: Most teams are doing it wrong. Here is why... #DesignThinking,#DesignThinking,472,751,25,3,3,0,0,27,15,Wednesday,2,0,2025-12,December,31,6.567796610169492,3.5952063914780292,0.6355932203389831,103,1,Negative
TW_0341,4,Twitter,2025-08-09,16:18:42,Video,Quick question for our community: How do you handle Social Media ROI in your daily workflow? #MarketingStrategy,#MarketingStrategy,5528,7615,163,23,20,0,3930,282,16,Saturday,5,1,2025-08,August,206,3.7264833574529663,3.7032173342087984,0.361794500723589,111,1,Neutral
TW_0342,4,Twitter,2025-06-14,21:48:08,Image,Sunday motivation: Start your week with a fresh mindset on Python Automation. #Productivity,#Productivity,1882,2174,132,26,8,0,0,109,21,Saturday,5,1,2025-06,June,166,8.820403825717323,5.0137994480220796,0.4250797024442083,91,1,Positive
TW_0343,4,Twitter,2025-08-03,14:13:35,Text,Sunday motivation: Start your week with a fresh mindset on Content Marketing. #DigitalMarketing,#DigitalMarketing,3388,4445,256,41,30,0,0,83,14,Sunday,6,1,2025-08,August,327,9.651711924439198,1.8672665916760405,0.885478158205431,95,1,Positive
TW_0344,4,Twitter,2025-07-17,05:14:56,Video,Unpopular opinion about Content Marketing: Most teams are doing it wrong. Here is why... #DesignThinking #MarketingStrategy,#DesignThinking #MarketingStrategy,6278,11270,462,113,42,0,4046,142,5,Thursday,3,0,2025-07,July,617,9.827970691302964,1.2599822537710736,0.669002867155145,123,2,Negative
TW_0345,4,Twitter,2025-12-09,20:41:55,Video,Top 5 actionable strategies for Executive Leadership in 2025. Save this post for later! #GrowthHacking #SocialMedia2025 #BusinessTips,#GrowthHacking #SocialMedia2025 #BusinessTips,1097,1454,55,9,3,0,967,39,20,Tuesday,1,0,2025-12,December,67,6.107566089334549,2.6822558459422283,0.27347310847766637,133,3,Positive
TW_0346,4,Twitter,2025-03-14,23:16:03,Video,We are excited to announce our newest breakthrough in User Experience. Check out the link below! #Innovation,#Innovation,4099,5578,232,19,24,0,2865,207,23,Friday,4,0,2025-03,March,275,6.708953403269089,3.711007529580495,0.5855086606489388,108,1,Positive
TW_0347,4,Twitter,2025-05-03,15:05:05,Text,Case study alert: How we boosted results by 350% using Social Media ROI. #GrowthHacking #DataAnalytics #DigitalMarketing #AI,#GrowthHacking #DataAnalytics #DigitalMarketing #AI,1929,3072,154,37,15,0,0,64,15,Saturday,5,1,2025-05,May,206,10.679108346293416,2.083333333333333,0.7776049766718507,124,4,Positive
TW_0348,4,Twitter,2025-03-24,04:53:10,Text,Mastering AI Workflow in under 10 minutes. Read our full step-by-step guide now! #Leadership #AI #StartupLife #TechTrends,#Leadership #AI #StartupLife #TechTrends,923,1575,19,3,2,0,0,35,4,Monday,0,0,2025-03,March,24,2.600216684723727,2.2222222222222223,0.21668472372697722,121,4,Positive
TW_0349,4,Twitter,2025-04-20,10:06:22,Video,Unpopular opinion about Content Marketing: Most teams are doing it wrong. Here is why... #TechTrends,#TechTrends,1981,3150,137,18,14,0,1215,66,10,Sunday,6,1,2025-04,April,169,8.531044926804645,2.0952380952380953,0.7067137809187279,100,1,Negative
TW_0350,4,Twitter,2025-11-24,17:42:27,Video,Top 5 actionable strategies for Executive Leadership in 2025. Save this post for later! #StartupLife #Coding #MarketingStrategy #TechTrends,#StartupLife #Coding #MarketingStrategy #TechTrends,5576,7286,295,44,15,0,3535,211,17,Monday,0,0,2025-11,November,354,6.348637015781923,2.8959648641229756,0.2690100430416069,139,4,Positive
TW_0351,4,Twitter,2025-08-17,17:04:03,Video,Behind the scenes at our team workshop on Content Marketing. Innovation starts here! #Productivity #MachineLearning,#Productivity #MachineLearning,2469,3738,188,14,10,0,1432,119,17,Sunday,6,1,2025-08,August,212,8.586472255974078,3.1835205992509366,0.4050222762251924,115,2,Positive
TW_0352,4,Twitter,2025-05-10,13:11:02,Video,Case study alert: How we boosted results by 350% using Data Analytics. #AI #StartupLife,#AI #StartupLife,4016,4679,305,32,18,0,3604,85,13,Saturday,5,1,2025-05,May,355,8.83964143426295,1.8166274845052361,0.4482071713147411,87,2,Positive
TW_0353,4,Twitter,2025-07-22,19:27:02,Video,Behind the scenes at our team workshop on Social Media ROI. Innovation starts here! #DesignThinking,#DesignThinking,8919,13718,651,133,33,0,6525,442,19,Tuesday,1,0,2025-07,July,817,9.160219755577979,3.222044029741945,0.3699966363942146,99,1,Positive
TW_0354,4,Twitter,2025-07-16,20:58:47,Image,Unpopular opinion about User Experience: Most teams are doing it wrong. Here is why... #SocialMedia2025 #GrowthHacking,#SocialMedia2025 #GrowthHacking,3969,4783,311,35,22,0,0,208,20,Wednesday,2,0,2025-07,July,368,9.27185689090451,4.348735103491533,0.5542957923910304,118,2,Negative
TW_0355,4,Twitter,2025-05-29,14:58:57,Link,Sunday motivation: Start your week with a fresh mindset on Executive Leadership. #SocialMedia2025,#SocialMedia2025,1443,2312,93,6,4,0,0,55,14,Thursday,3,0,2025-05,May,103,7.1379071379071375,2.378892733564014,0.2772002772002772,97,1,Positive
TW_0356,4,Twitter,2025-10-27,04:55:03,Text,Unpopular opinion about AI Workflow: Most teams are doing it wrong. Here is why... #MachineLearning #Leadership #MarketingStrategy,#MachineLearning #Leadership #MarketingStrategy,1005,1548,25,2,1,0,0,34,4,Monday,0,0,2025-10,October,28,2.7860696517412937,2.1963824289405682,0.09950248756218905,130,3,Negative
TW_0357,4,Twitter,2025-10-26,13:48:05,Video,Why Customer Engagement matters more than ever for modern business growth. #StartupLife #Leadership #Innovation #AI,#StartupLife #Leadership #Innovation #AI,6551,10920,443,23,40,0,4732,73,13,Sunday,6,1,2025-10,October,506,7.724011601282248,0.6684981684981685,0.6105938024729048,115,4,Positive
TW_0358,4,Twitter,2025-07-28,15:09:14,Link,Quick question for our community: How do you handle Social Media ROI in your daily workflow? #AI #GrowthHacking #Leadership,#AI #GrowthHacking #Leadership,372,634,24,4,2,0,0,11,15,Monday,0,0,2025-07,July,30,8.064516129032258,1.7350157728706623,0.5376344086021506,123,3,Positive
TW_0359,4,Twitter,2025-01-08,18:36:50,Video,We are excited to announce our newest breakthrough in Brand Strategy. Check out the link below! #Coding #MarketingStrategy #DigitalMarketing #Productivity,#Coding #MarketingStrategy #DigitalMarketing #Productivity,6919,10715,502,97,48,0,4130,190,18,Wednesday,2,0,2025-01,January,647,9.351062292238762,1.773215118992067,0.6937418702124584,154,4,Positive
TW_0360,4,Twitter,2025-04-12,01:38:01,Video,Quick question for our community: How do you handle AI Workflow in your daily workflow? #AI #Innovation #Leadership #MarketingStrategy,#AI #Innovation #Leadership #MarketingStrategy,4329,7382,153,30,7,0,2233,136,1,Saturday,5,1,2025-04,April,190,4.389004389004389,1.842319154700623,0.1617001617001617,134,4,Positive
TW_0361,4,Twitter,2025-08-16,07:44:35,Image,Quick question for our community: How do you handle Python Automation in your daily workflow? #SocialMedia2025 #Productivity #Leadership,#SocialMedia2025 #Productivity #Leadership,2642,2922,165,27,16,0,0,60,7,Saturday,5,1,2025-08,August,208,7.872823618470856,2.0533880903490758,0.6056018168054504,136,3,Neutral
TW_0362,4,Twitter,2025-12-18,22:51:20,Text,Sunday motivation: Start your week with a fresh mindset on Python Automation. #StartupLife,#StartupLife,1343,1725,58,13,8,0,0,54,22,Thursday,3,0,2025-12,December,79,5.88235294117647,3.130434782608696,0.5956813104988831,90,1,Positive
TW_0363,4,Twitter,2025-02-16,16:43:42,Image,Mastering Customer Engagement in under 10 minutes. Read our full step-by-step guide now! #GrowthHacking #BusinessTips,#GrowthHacking #BusinessTips,3132,5161,200,18,13,0,0,62,16,Sunday,6,1,2025-02,February,231,7.375478927203065,1.2013175741135438,0.41507024265644954,117,2,Positive
TW_0364,4,Twitter,2025-03-15,13:11:41,Link,Why Python Automation matters more than ever for modern business growth. #DataAnalytics #GrowthHacking #MachineLearning #TechTrends,#DataAnalytics #GrowthHacking #MachineLearning #TechTrends,2303,3736,137,11,15,0,0,98,13,Saturday,5,1,2025-03,March,163,7.077724706904038,2.6231263383297643,0.6513243595310464,131,4,Positive
TW_0365,4,Twitter,2025-08-01,02:37:14,Link,Sunday motivation: Start your week with a fresh mindset on AI Workflow. #Innovation #MachineLearning #StartupLife,#Innovation #MachineLearning #StartupLife,877,1536,23,3,0,0,0,50,2,Friday,4,0,2025-08,August,26,2.9646522234891677,3.2552083333333335,0.0,113,3,Positive
TW_0366,4,Twitter,2025-04-25,21:07:14,Text,Quick question for our community: How do you handle User Experience in your daily workflow? #AI #StartupLife #Innovation,#AI #StartupLife #Innovation,3892,4874,81,14,3,0,0,67,21,Friday,4,0,2025-04,April,98,2.5179856115107913,1.374640951990152,0.07708119218910585,120,3,Positive
TW_0367,4,Twitter,2025-12-14,02:48:41,Text,Discover how Executive Leadership is transforming the industry! What are your thoughts? #Productivity #MachineLearning #DesignThinking #Coding,#Productivity #MachineLearning #DesignThinking #Coding,2155,3126,54,10,3,0,0,114,2,Sunday,6,1,2025-12,December,67,3.109048723897912,3.6468330134357005,0.13921113689095127,142,4,Positive
TW_0368,4,Twitter,2025-09-01,23:00:10,Image,We are excited to announce our newest breakthrough in User Experience. Check out the link below! #GrowthHacking #MarketingStrategy #Leadership #StartupLife,#GrowthHacking #MarketingStrategy #Leadership #StartupLife,2404,3621,126,17,10,0,0,31,23,Monday,0,0,2025-09,September,153,6.364392678868552,0.8561170947252139,0.4159733777038269,155,4,Positive
TW_0369,4,Twitter,2025-01-19,17:15:54,Image,Quick question for our community: How do you handle User Experience in your daily workflow? #Innovation #DesignThinking #Coding #AI,#Innovation #DesignThinking #Coding #AI,2246,4001,171,8,18,0,0,86,17,Sunday,6,1,2025-01,January,197,8.771148708815673,2.1494626343414147,0.8014247551202136,131,4,Positive
TW_0370,4,Twitter,2025-03-07,14:14:21,Image,Top 5 actionable strategies for Executive Leadership in 2025. Save this post for later! #BusinessTips #TechTrends #MarketingStrategy,#BusinessTips #TechTrends #MarketingStrategy,4598,7775,171,20,14,0,0,205,14,Friday,4,0,2025-03,March,205,4.458460200086995,2.636655948553055,0.3044802087864289,132,3,Positive
TW_0371,4,Twitter,2025-03-30,22:46:12,Text,Top 5 actionable strategies for User Experience in 2025. Save this post for later! #DesignThinking #BusinessTips #Coding,#DesignThinking #BusinessTips #Coding,1763,3058,70,11,2,0,0,78,22,Sunday,6,1,2025-03,March,83,4.707884288145207,2.5506867233485937,0.11344299489506524,120,3,Positive
TW_0372,4,Twitter,2025-10-12,17:50:57,Link,We are excited to announce our newest breakthrough in Content Marketing. Check out the link below! #DesignThinking,#DesignThinking,1119,1912,34,8,4,0,0,31,17,Sunday,6,1,2025-10,October,46,4.110813226094727,1.6213389121338913,0.3574620196604111,114,1,Positive
TW_0373,4,Twitter,2025-09-12,03:46:54,Image,Case study alert: How we boosted results by 350% using Brand Strategy. #DigitalMarketing #Leadership #MarketingStrategy #BusinessTips,#DigitalMarketing #Leadership #MarketingStrategy #BusinessTips,3271,4740,146,27,9,0,0,107,3,Friday,4,0,2025-09,September,182,5.5640476918373585,2.257383966244726,0.2751452155304189,133,4,Positive
TW_0374,4,Twitter,2025-01-06,04:28:29,Video,Case study alert: How we boosted results by 350% using Data Analytics. #Coding,#Coding,2915,3840,221,26,5,0,2153,108,4,Monday,0,0,2025-01,January,252,8.644939965694682,2.8125,0.17152658662092624,78,1,Positive
TW_0375,4,Twitter,2025-01-01,20:27:44,Link,Mastering Executive Leadership in under 10 minutes. Read our full step-by-step guide now! #DesignThinking #DigitalMarketing #Productivity #Leadership,#DesignThinking #DigitalMarketing #Productivity #Leadership,855,1258,56,8,4,0,0,16,20,Wednesday,2,0,2025-01,January,68,7.953216374269006,1.2718600953895072,0.46783625730994155,149,4,Positive
TW_0376,4,Twitter,2025-06-19,08:49:10,Image,Mastering Customer Engagement in under 10 minutes. Read our full step-by-step guide now! #Leadership #DigitalMarketing #MachineLearning #Innovation,#Leadership #DigitalMarketing #MachineLearning #Innovation,1053,1511,77,6,9,0,0,59,8,Thursday,3,0,2025-06,June,92,8.736942070275404,3.9046988749172735,0.8547008547008548,147,4,Positive
TW_0377,4,Twitter,2025-11-12,02:42:14,Image,Why Content Marketing matters more than ever for modern business growth. #DigitalMarketing #DataAnalytics #SocialMedia2025 #StartupLife,#DigitalMarketing #DataAnalytics #SocialMedia2025 #StartupLife,3735,4239,290,21,16,0,0,97,2,Wednesday,2,0,2025-11,November,327,8.755020080321286,2.2882755366831797,0.428380187416332,135,4,Positive
TW_0378,4,Twitter,2025-08-02,00:57:43,Link,Quick question for our community: How do you handle Social Media ROI in your daily workflow? #DigitalMarketing,#DigitalMarketing,1017,1286,79,9,7,0,0,48,0,Saturday,5,1,2025-08,August,95,9.341199606686331,3.7325038880248838,0.688298918387414,110,1,Neutral
TW_0379,4,Twitter,2025-02-17,15:59:11,Link,Why Content Marketing matters more than ever for modern business growth. #BusinessTips #GrowthHacking #DataAnalytics #Innovation,#BusinessTips #GrowthHacking #DataAnalytics #Innovation,1085,1591,74,11,7,0,0,47,15,Monday,0,0,2025-02,February,92,8.479262672811059,2.95411690760528,0.6451612903225806,128,4,Positive
TW_0380,4,Twitter,2025-05-06,04:07:21,Video,Mastering Customer Engagement in under 10 minutes. Read our full step-by-step guide now! #DesignThinking #MachineLearning #Innovation,#DesignThinking #MachineLearning #Innovation,3097,5236,121,14,6,0,1977,73,4,Tuesday,1,0,2025-05,May,141,4.5527930255085565,1.3941940412528648,0.19373587342589602,133,3,Positive
TW_0381,4,Twitter,2025-09-17,09:58:55,Link,Top 5 actionable strategies for Brand Strategy in 2025. Save this post for later! #Coding #Productivity #AI #Innovation,#Coding #Productivity #AI #Innovation,1474,2480,70,8,6,0,0,64,9,Wednesday,2,0,2025-09,September,84,5.698778833107191,2.5806451612903225,0.40705563093622793,119,4,Positive
TW_0382,4,Twitter,2025-11-01,01:28:27,Text,Behind the scenes at our team workshop on Data Analytics. Innovation starts here! #Innovation #TechTrends #GrowthHacking,#Innovation #TechTrends #GrowthHacking,508,640,19,2,0,0,0,23,1,Saturday,5,1,2025-11,November,21,4.133858267716536,3.5937499999999996,0.0,120,3,Positive
TW_0383,4,Twitter,2025-04-05,10:34:29,Link,Unpopular opinion about AI Workflow: Most teams are doing it wrong. Here is why... #DataAnalytics #Innovation,#DataAnalytics #Innovation,1691,1925,133,17,6,0,0,48,10,Saturday,5,1,2025-04,April,156,9.225310467179183,2.4935064935064934,0.35481963335304556,109,2,Negative
TW_0384,4,Twitter,2025-08-30,11:25:26,Text,Top 5 actionable strategies for User Experience in 2025. Save this post for later! #DesignThinking #MarketingStrategy #SocialMedia2025 #Productivity,#DesignThinking #MarketingStrategy #SocialMedia2025 #Productivity,2330,3419,124,25,7,0,0,78,11,Saturday,5,1,2025-08,August,156,6.695278969957082,2.2813688212927756,0.30042918454935624,148,4,Positive
TW_0385,4,Twitter,2025-09-01,06:55:48,Link,Why Content Marketing matters more than ever for modern business growth. #Innovation,#Innovation,1177,1964,74,16,9,0,0,36,6,Monday,0,0,2025-09,September,99,8.411214953271028,1.8329938900203666,0.7646559048428208,84,1,Positive
TW_0386,4,Twitter,2025-09-15,11:51:56,Text,Discover how Data Analytics is transforming the industry! What are your thoughts? #DigitalMarketing #GrowthHacking #StartupLife,#DigitalMarketing #GrowthHacking #StartupLife,570,786,43,9,4,0,0,33,11,Monday,0,0,2025-09,September,56,9.824561403508772,4.198473282442748,0.7017543859649122,127,3,Positive
TW_0387,4,Twitter,2025-08-15,22:17:16,Image,We are excited to announce our newest breakthrough in Social Media ROI. Check out the link below! #GrowthHacking #MarketingStrategy #Leadership #SocialMedia2025,#GrowthHacking #MarketingStrategy #Leadership #SocialMedia2025,1690,1877,96,17,11,0,0,52,22,Friday,4,0,2025-08,August,124,7.337278106508875,2.770378263185935,0.650887573964497,160,4,Positive
TW_0388,4,Twitter,2025-10-27,20:03:59,Link,Case study alert: How we boosted results by 350% using Social Media ROI. #DesignThinking #StartupLife #GrowthHacking,#General,2620,4324,185,26,4,0,0,92,20,Monday,0,0,2025-10,October,215,8.206106870229007,2.127659574468085,0.15267175572519084,116,1,Positive
TW_0389,4,Twitter,2025-06-11,07:17:57,Text,Quick question for our community: How do you handle Brand Strategy in your daily workflow? #MachineLearning #BusinessTips,#MachineLearning #BusinessTips,1334,1875,44,7,3,0,0,64,7,Wednesday,2,0,2025-06,June,54,4.0479760119940025,3.4133333333333336,0.22488755622188905,121,2,Neutral
TW_0390,4,Twitter,2025-04-08,01:39:16,Link,We are excited to announce our newest breakthrough in Executive Leadership. Check out the link below! #AI #DesignThinking,#AI #DesignThinking,729,1081,38,7,4,0,0,13,1,Tuesday,1,0,2025-04,April,49,6.721536351165981,1.2025901942645698,0.5486968449931412,121,2,Positive
TW_0391,4,Twitter,2025-08-19,20:43:21,Image,Behind the scenes at our team workshop on AI Workflow. Innovation starts here! #MachineLearning #Innovation #MarketingStrategy,#MachineLearning #Innovation #MarketingStrategy,3091,4437,62,14,6,0,0,118,20,Tuesday,1,0,2025-08,August,82,2.6528631510837917,2.659454586432274,0.19411193788417988,126,3,Positive
TW_0392,4,Twitter,2025-01-18,14:51:16,Image,Why Python Automation matters more than ever for modern business growth. #BusinessTips,#BusinessTips,3423,4785,205,12,14,0,0,116,14,Saturday,5,1,2025-01,January,231,6.748466257668712,2.4242424242424243,0.408997955010225,86,1,Positive
TW_0393,4,Twitter,2025-05-05,11:54:39,Text,Discover how Brand Strategy is transforming the industry! What are your thoughts? #Leadership #StartupLife #MarketingStrategy #GrowthHacking,#Leadership #StartupLife #MarketingStrategy #GrowthHacking,657,1039,44,6,4,0,0,23,11,Monday,0,0,2025-05,May,54,8.21917808219178,2.213666987487969,0.60882800608828,140,4,Positive
TW_0394,4,Twitter,2025-06-16,19:14:44,Image,Why Brand Strategy matters more than ever for modern business growth. #SocialMedia2025 #DigitalMarketing #DesignThinking #GrowthHacking,#SocialMedia2025 #DigitalMarketing #DesignThinking #GrowthHacking,833,928,31,2,3,0,0,11,19,Monday,0,0,2025-06,June,36,4.321728691476591,1.1853448275862069,0.36014405762304924,135,4,Positive
TW_0395,4,Twitter,2025-06-05,21:06:42,Link,Top 5 actionable strategies for Python Automation in 2025. Save this post for later! #SocialMedia2025,#SocialMedia2025,2094,2471,85,10,5,0,0,66,21,Thursday,3,0,2025-06,June,100,4.775549188156638,2.670983407527317,0.2387774594078319,101,1,Positive
TW_0396,4,Twitter,2025-08-14,23:49:34,Text,Discover how Data Analytics is transforming the industry! What are your thoughts? #GrowthHacking #SocialMedia2025 #DigitalMarketing,#GrowthHacking #SocialMedia2025 #DigitalMarketing,1507,1803,86,4,11,0,0,58,23,Thursday,3,0,2025-08,August,101,6.702057067020571,3.2168607875762616,0.7299270072992701,131,3,Positive
TW_0397,4,Twitter,2025-11-07,11:12:17,Video,Case study alert: How we boosted results by 350% using Python Automation. #MachineLearning #Coding #StartupLife,#MachineLearning #Coding #StartupLife,5848,7354,346,31,16,0,3195,99,11,Friday,4,0,2025-11,November,393,6.7202462380300965,1.3462061463149306,0.27359781121751026,111,3,Positive
TW_0398,4,Twitter,2025-02-19,17:38:26,Image,Behind the scenes at our team workshop on Content Marketing. Innovation starts here! #AI #DesignThinking #Productivity,#AI #DesignThinking #Productivity,2650,3398,155,34,15,0,0,136,17,Wednesday,2,0,2025-02,February,204,7.698113207547169,4.002354326074161,0.5660377358490566,118,3,Positive
TW_0399,4,Twitter,2025-01-19,01:28:45,Video,Case study alert: How we boosted results by 350% using Brand Strategy. #Innovation #MachineLearning,#Innovation #MachineLearning,4607,7882,292,65,26,0,3539,160,1,Sunday,6,1,2025-01,January,383,8.313436075537226,2.0299416391778733,0.5643585847623183,99,2,Positive
TW_0400,4,Twitter,2025-12-18,20:56:52,Link,No Caption Provided,#DataAnalytics #AI #Leadership #TechTrends,600,827,26,4,2,0,0,12,20,Thursday,3,0,2025-12,December,32,5.333333333333334,1.4510278113663846,0.33333333333333337,19,4,Neutral
TW_0401,4,Twitter,2025-07-14,21:56:42,Image,Discover how Cloud Scale is transforming the industry! What are your thoughts? #GrowthHacking,#GrowthHacking,1923,2466,85,21,5,0,0,41,21,Monday,0,0,2025-07,July,111,5.77223088923557,1.662611516626115,0.26001040041601664,93,1,Positive
TW_0402,4,Twitter,2025-03-07,16:04:11,Link,We are excited to announce our newest breakthrough in Python Automation. Check out the link below! #DesignThinking #Productivity,#DesignThinking #Productivity,1794,2706,135,28,13,0,0,102,16,Friday,4,0,2025-03,March,176,9.810479375696767,3.7694013303769403,0.7246376811594203,128,2,Positive
TW_0403,4,Twitter,2025-11-20,20:32:13,Link,Top 5 actionable strategies for AI Workflow in 2025. Save this post for later! #Coding #DataAnalytics #StartupLife #Productivity,#Coding #DataAnalytics #StartupLife #Productivity,2342,2730,106,24,4,0,0,133,20,Thursday,3,0,2025-11,November,134,5.721605465414176,4.871794871794872,0.1707941929974381,128,4,Positive
TW_0404,4,Twitter,2025-05-10,16:18:13,Link,Behind the scenes at our team workshop on Brand Strategy. Innovation starts here! #Productivity,#Productivity,367,451,13,3,1,0,0,12,16,Saturday,5,1,2025-05,May,17,4.632152588555858,2.6607538802660753,0.2724795640326975,95,1,Positive
TW_0405,4,Twitter,2025-11-02,10:24:21,Video,Sunday motivation: Start your week with a fresh mindset on Customer Engagement. #StartupLife,#StartupLife,1279,1603,81,11,2,0,892,43,10,Sunday,6,1,2025-11,November,94,7.349491790461298,2.682470368059888,0.1563721657544957,92,1,Positive
TW_0406,4,Twitter,2025-10-08,07:00:09,Link,Why Brand Strategy matters more than ever for modern business growth. #DigitalMarketing #MarketingStrategy,#DigitalMarketing #MarketingStrategy,193,320,7,1,0,0,0,4,7,Wednesday,2,0,2025-10,October,8,4.145077720207254,1.25,0.0,106,2,Positive
TW_0407,4,Twitter,2025-08-11,04:30:49,Image,Quick question for our community: How do you handle Customer Engagement in your daily workflow? #GrowthHacking #Coding,#GrowthHacking #Coding,2272,2727,174,33,22,0,0,46,4,Monday,0,0,2025-08,August,229,10.079225352112676,1.6868353502016868,0.9683098591549295,118,2,Positive
TW_0408,4,Twitter,2025-06-26,02:38:08,Video,Quick question for our community: How do you handle Customer Engagement in your daily workflow? #Productivity #StartupLife,#Productivity #StartupLife,5541,7411,233,53,19,0,2387,306,2,Thursday,3,0,2025-06,June,305,5.504421584551525,4.128997436243422,0.34289839379173437,122,2,Neutral
TW_0409,4,Twitter,2025-01-07,15:58:08,Text,We are excited to announce our newest breakthrough in Social Media ROI. Check out the link below! #DataAnalytics #Coding #DigitalMarketing #TechTrends,#DataAnalytics #Coding #DigitalMarketing #TechTrends,732,1076,19,3,0,0,0,24,15,Tuesday,1,0,2025-01,January,22,3.0054644808743167,2.2304832713754648,0.0,150,4,Positive
TW_0410,4,Twitter,2025-03-06,16:20:28,Link,Case study alert: How we boosted results by 350% using Executive Leadership. #BusinessTips #Innovation #GrowthHacking,#BusinessTips #Innovation #GrowthHacking,1651,2487,116,23,10,0,0,53,16,Thursday,3,0,2025-03,March,149,9.024833434282254,2.131081624447125,0.6056935190793459,117,3,Positive
TW_0411,4,Twitter,2025-03-19,20:56:29,Image,Quick question for our community: How do you handle AI Workflow in your daily workflow? #BusinessTips #Leadership,#BusinessTips #Leadership,3207,5746,223,44,16,0,0,112,20,Wednesday,2,0,2025-03,March,283,8.824446523230433,1.9491820396797772,0.4989086373557842,113,2,Neutral
TW_0412,4,Twitter,2025-12-18,12:01:37,Link,No Caption Provided,#DesignThinking #MarketingStrategy,1344,2326,84,7,2,0,0,43,12,Thursday,3,0,2025-12,December,93,6.919642857142858,1.8486672398968185,0.1488095238095238,19,2,Neutral
TW_0413,4,Twitter,2025-04-17,20:11:29,Image,Quick question for our community: How do you handle Content Marketing in your daily workflow? #AI #StartupLife,#AI #StartupLife,4105,7064,105,5,7,0,0,98,20,Thursday,3,0,2025-04,April,117,2.8501827040194883,1.3873159682899208,0.1705237515225335,110,2,Neutral
TW_0414,4,Twitter,2025-03-10,02:07:24,Image,Quick question for our community: How do you handle Cloud Scale in your daily workflow? #DataAnalytics #AI #Productivity,#DataAnalytics #AI #Productivity,3389,5848,182,28,5,0,0,116,2,Monday,0,0,2025-03,March,215,6.344054293301859,1.9835841313269493,0.14753614635585718,120,3,Neutral
TW_0415,4,Twitter,2025-02-13,00:46:56,Link,Mastering Data Analytics in under 10 minutes. Read our full step-by-step guide now! #Productivity #MarketingStrategy #DataAnalytics #MachineLearning,#Productivity #MarketingStrategy #DataAnalytics #MachineLearning,681,767,19,4,1,0,0,34,0,Thursday,3,0,2025-02,February,24,3.524229074889868,4.432855280312908,0.14684287812041116,148,4,Positive
TW_0416,4,Twitter,2025-11-06,04:47:58,Video,Top 5 actionable strategies for AI Workflow in 2025. Save this post for later! #Productivity #BusinessTips,#Productivity #BusinessTips,5031,6722,389,29,10,0,2739,69,4,Thursday,3,0,2025-11,November,428,8.507255018882926,1.0264802142219578,0.19876764062810573,106,2,Positive
TW_0417,4,Twitter,2025-09-12,23:43:27,Image,Sunday motivation: Start your week with a fresh mindset on User Experience. #TechTrends,#TechTrends,2002,2698,144,19,10,0,0,113,23,Friday,4,0,2025-09,September,173,8.641358641358641,4.1882876204596,0.4995004995004995,87,1,Positive
TW_0418,4,Twitter,2025-02-17,14:14:52,Image,Why AI Workflow matters more than ever for modern business growth. #TechTrends #Leadership #DataAnalytics,#General,873,1379,41,9,4,0,0,33,14,Monday,0,0,2025-02,February,54,6.185567010309279,2.393038433647571,0.45819014891179843,105,1,Positive
TW_0419,4,Twitter,2025-03-21,00:57:09,Video,Discover how Python Automation is transforming the industry! What are your thoughts? #BusinessTips #DesignThinking,#BusinessTips #DesignThinking,4216,7544,321,47,27,0,2374,179,0,Friday,4,0,2025-03,March,395,9.369070208728653,2.372746553552492,0.6404174573055028,114,2,Positive
TW_0420,4,Twitter,2025-11-12,06:15:16,Image,Quick question for our community: How do you handle Executive Leadership in your daily workflow? #SocialMedia2025 #AI,#SocialMedia2025 #AI,897,1479,29,2,2,0,0,39,6,Wednesday,2,0,2025-11,November,33,3.678929765886288,2.636916835699797,0.2229654403567447,117,2,Neutral
TW_0421,4,Twitter,2025-06-01,21:34:40,Image,Behind the scenes at our team workshop on Cloud Scale. Innovation starts here! #Leadership #DesignThinking #GrowthHacking,#Leadership #DesignThinking #GrowthHacking,1039,1533,69,8,3,0,0,38,21,Sunday,6,1,2025-06,June,80,7.699711260827718,2.4787997390737115,0.28873917228103946,121,3,Positive
TW_0422,4,Twitter,2025-10-21,06:19:27,Video,Sunday motivation: Start your week with a fresh mindset on Python Automation. #BusinessTips #Coding,#BusinessTips #Coding,2003,3384,83,14,5,0,818,103,6,Tuesday,1,0,2025-10,October,102,5.09236145781328,3.043735224586288,0.24962556165751376,99,2,Positive
TW_0423,4,Twitter,2025-01-20,00:29:44,Link,Sunday motivation: Start your week with a fresh mindset on Executive Leadership. #Innovation,#Innovation,509,718,14,2,0,0,0,10,0,Monday,0,0,2025-01,January,16,3.143418467583497,1.392757660167131,0.0,92,1,Positive
TW_0424,4,Twitter,2025-05-25,07:01:29,Text,Top 5 actionable strategies for Brand Strategy in 2025. Save this post for later! #Innovation #BusinessTips #DigitalMarketing #TechTrends,#General,960,1076,70,12,10,0,0,53,7,Sunday,6,1,2025-05,May,92,9.583333333333334,4.925650557620818,1.0416666666666665,137,1,Positive
TW_0425,4,Twitter,2025-03-27,06:20:26,Link,Behind the scenes at our team workshop on Data Analytics. Innovation starts here! #AI #BusinessTips,#AI #BusinessTips,846,1426,28,2,0,0,0,10,6,Thursday,3,0,2025-03,March,30,3.546099290780142,0.7012622720897616,0.0,99,2,Positive
TW_0426,4,Twitter,2025-02-02,17:18:26,Link,Behind the scenes at our team workshop on AI Workflow. Innovation starts here! #GrowthHacking #Leadership #MachineLearning,#General,1485,2261,86,10,7,0,0,59,17,Sunday,6,1,2025-02,February,103,6.936026936026936,2.6094648385670056,0.47138047138047134,122,1,Positive
TW_0427,4,Twitter,2025-06-20,15:02:21,Image,Unpopular opinion about Brand Strategy: Most teams are doing it wrong. Here is why... #DesignThinking #BusinessTips,#DesignThinking #BusinessTips,1633,2335,75,9,4,0,0,35,15,Friday,4,0,2025-06,June,88,5.388854868340478,1.4989293361884368,0.2449479485609308,115,2,Negative
TW_0428,4,Twitter,2025-09-27,13:42:11,Text,Discover how Data Analytics is transforming the industry! What are your thoughts? #BusinessTips #GrowthHacking #MachineLearning #Coding,#BusinessTips #GrowthHacking #MachineLearning #Coding,2442,4338,102,14,7,0,0,34,13,Saturday,5,1,2025-09,September,123,5.036855036855037,0.7837713231904103,0.28665028665028663,135,4,Positive
TW_0429,4,Twitter,2025-09-13,12:16:28,Image,We are excited to announce our newest breakthrough in Executive Leadership. Check out the link below! #MachineLearning #DesignThinking #StartupLife #GrowthHacking,#MachineLearning #DesignThinking #StartupLife #GrowthHacking,1233,1811,94,14,10,0,0,64,12,Saturday,5,1,2025-09,September,118,9.570154095701541,3.5339591385974605,0.8110300081103,162,4,Positive
TW_0430,4,Twitter,2025-10-11,09:04:32,Text,Top 5 actionable strategies for Brand Strategy in 2025. Save this post for later! #AI,#AI,1892,2234,71,14,4,0,0,53,9,Saturday,5,1,2025-10,October,89,4.704016913319239,2.372426141450313,0.21141649048625794,85,1,Positive
TW_0431,4,Twitter,2025-12-11,07:25:24,Link,Discover how Customer Engagement is transforming the industry! What are your thoughts? #Innovation,#General,873,1156,64,7,1,0,0,24,7,Thursday,3,0,2025-12,December,72,8.24742268041237,2.0761245674740483,0.11454753722794961,98,1,Positive
TW_0432,4,Twitter,2025-03-04,23:38:55,Text,Mastering Executive Leadership in under 10 minutes. Read our full step-by-step guide now! #Coding #AI #Leadership #TechTrends,#Coding #AI #Leadership #TechTrends,1726,1943,45,3,2,0,0,36,23,Tuesday,1,0,2025-03,March,50,2.8968713789107765,1.8528049408131755,0.11587485515643105,125,4,Positive
TW_0433,4,Twitter,2025-11-29,03:11:54,Text,Quick question for our community: How do you handle Content Marketing in your daily workflow? #Leadership #Innovation #BusinessTips,#Leadership #Innovation #BusinessTips,1208,1339,28,1,3,0,0,51,3,Saturday,5,1,2025-11,November,32,2.6490066225165565,3.8088125466766245,0.24834437086092717,131,3,Positive
TW_0434,4,Twitter,2025-07-24,02:05:03,Link,Top 5 actionable strategies for Cloud Scale in 2025. Save this post for later! #Productivity #DigitalMarketing,#Productivity #DigitalMarketing,1668,2075,109,9,15,0,0,75,2,Thursday,3,0,2025-07,July,133,7.973621103117506,3.614457831325301,0.8992805755395683,110,2,Positive
TW_0435,4,Twitter,2025-08-31,11:32:43,Link,Case study alert: How we boosted results by 350% using Python Automation. #DigitalMarketing #DesignThinking,#DigitalMarketing #DesignThinking,578,976,33,7,4,0,0,9,11,Sunday,6,1,2025-08,August,44,7.612456747404845,0.9221311475409836,0.6920415224913495,107,2,Positive
TW_0436,4,Twitter,2025-05-14,14:34:32,Video,Behind the scenes at our team workshop on AI Workflow. Innovation starts here! #Innovation #MarketingStrategy #DataAnalytics,#Innovation #MarketingStrategy #DataAnalytics,4707,6227,112,22,6,0,2487,91,14,Wednesday,2,0,2025-05,May,140,2.9742936052687488,1.4613778705636742,0.12746972594008923,124,3,Positive
TW_0437,4,Twitter,2025-05-19,21:08:05,Text,Quick question for our community: How do you handle Python Automation in your daily workflow? #DesignThinking,#DesignThinking,1408,1643,102,14,15,0,0,60,21,Monday,0,0,2025-05,May,131,9.303977272727272,3.6518563603164944,1.065340909090909,109,1,Neutral
TW_0438,4,Twitter,2025-08-06,08:48:52,Text,Why Executive Leadership matters more than ever for modern business growth. #StartupLife,#StartupLife,1559,2461,61,12,1,0,0,59,8,Wednesday,2,0,2025-08,August,74,4.746632456703015,2.3973994311255584,0.06414368184733803,88,1,Positive
TW_0439,4,Twitter,2025-02-24,11:44:58,Video,Unpopular opinion about Customer Engagement: Most teams are doing it wrong. Here is why... #DigitalMarketing #Productivity #Leadership #DataAnalytics,#DigitalMarketing #Productivity #Leadership #DataAnalytics,1893,3388,132,29,10,0,1166,76,11,Monday,0,0,2025-02,February,171,9.033280507131538,2.2432113341204247,0.5282620179609087,149,4,Negative
TW_0440,4,Twitter,2025-07-04,05:41:18,Video,Why Content Marketing matters more than ever for modern business growth. #StartupLife,#StartupLife,2443,3121,49,7,3,0,1078,115,5,Friday,4,0,2025-07,July,59,2.4150634465820713,3.6847164370394108,0.12279983626688497,85,1,Positive
TW_0441,4,Twitter,2025-12-23,16:17:59,Text,Quick question for our community: How do you handle User Experience in your daily workflow? #MarketingStrategy #Innovation #TechTrends,#MarketingStrategy #Innovation #TechTrends,1742,2348,97,14,9,0,0,61,16,Tuesday,1,0,2025-12,December,120,6.8886337543053955,2.597955706984668,0.5166475315729048,134,3,Positive
TW_0442,4,Twitter,2025-07-23,18:23:54,Image,Mastering User Experience in under 10 minutes. Read our full step-by-step guide now! #DigitalMarketing #AI,#DigitalMarketing #AI,1089,1652,78,4,8,0,0,50,18,Wednesday,2,0,2025-07,July,90,8.264462809917356,3.026634382566586,0.7346189164370982,106,2,Positive
TW_0443,4,Twitter,2025-04-01,17:45:58,Text,Case study alert: How we boosted results by 350% using Cloud Scale. #BusinessTips,#BusinessTips,453,537,35,7,2,0,0,17,17,Tuesday,1,0,2025-04,April,44,9.713024282560706,3.165735567970205,0.44150110375275936,81,1,Positive
TW_0444,4,Twitter,2025-03-24,07:38:01,Text,We are excited to announce our newest breakthrough in Social Media ROI. Check out the link below! #BusinessTips #Leadership #Productivity,#BusinessTips #Leadership #Productivity,2122,3386,69,15,9,0,0,115,7,Monday,0,0,2025-03,March,93,4.382657869934024,3.396337861783816,0.4241281809613572,137,3,Positive
TW_0445,4,Twitter,2025-03-01,09:30:36,Video,We are excited to announce our newest breakthrough in Social Media ROI. Check out the link below! #StartupLife #MachineLearning #Leadership #DataAnalytics,#General,4318,5452,213,21,29,0,1945,236,9,Saturday,5,1,2025-03,March,263,6.090782769800834,4.328686720469553,0.6716072255673923,154,1,Positive
TW_0446,4,Twitter,2025-01-18,15:59:38,Link,Case study alert: How we boosted results by 350% using Customer Engagement. #GrowthHacking,#GrowthHacking,1239,1897,35,2,4,0,0,32,15,Saturday,5,1,2025-01,January,41,3.3091202582728005,1.686874011597259,0.3228410008071025,90,1,Positive
TW_0447,4,Twitter,2025-06-18,08:14:11,Text,Case study alert: How we boosted results by 350% using User Experience. #GrowthHacking #MachineLearning #Productivity,#GrowthHacking #MachineLearning #Productivity,1630,2897,91,11,9,0,0,31,8,Wednesday,2,0,2025-06,June,111,6.809815950920245,1.070072488781498,0.5521472392638037,117,3,Positive
TW_0448,4,Twitter,2025-04-24,18:57:12,Text,Sunday motivation: Start your week with a fresh mindset on Python Automation. #MarketingStrategy,#MarketingStrategy,1236,1449,73,12,3,0,0,25,18,Thursday,3,0,2025-04,April,88,7.119741100323624,1.725327812284334,0.24271844660194172,96,1,Positive
TW_0449,4,Twitter,2025-12-13,01:36:53,Video,Behind the scenes at our team workshop on Python Automation. Innovation starts here! #SocialMedia2025 #Productivity #DesignThinking,#SocialMedia2025 #Productivity #DesignThinking,5601,6829,158,30,6,0,4637,309,1,Saturday,5,1,2025-12,December,194,3.463667202285306,4.524820617952848,0.10712372790573112,131,3,Positive
TW_0450,4,Twitter,2025-06-14,17:16:35,Video,Why Content Marketing matters more than ever for modern business growth. #DataAnalytics,#DataAnalytics,30772,52761,2385,217,239,0,14215,1769,17,Saturday,5,1,2025-06,June,2841,9.232419082282595,3.352855328746612,0.7766800987911088,87,1,Positive
TW_0451,4,Twitter,2025-04-06,05:07:03,Text,Sunday motivation: Start your week with a fresh mindset on Cloud Scale. #Innovation,#Innovation,405,475,13,3,1,0,0,10,5,Sunday,6,1,2025-04,April,17,4.197530864197531,2.1052631578947367,0.24691358024691357,83,1,Positive
TW_0452,4,Twitter,2025-05-07,19:40:19,Link,Case study alert: How we boosted results by 350% using Customer Engagement. #Coding #MachineLearning #DesignThinking #DataAnalytics,#Coding #MachineLearning #DesignThinking #DataAnalytics,884,1101,20,2,1,0,0,16,19,Wednesday,2,0,2025-05,May,23,2.6018099547511313,1.4532243415077202,0.11312217194570137,131,4,Positive
TW_0453,4,Twitter,2025-09-07,00:33:19,Image,We are excited to announce our newest breakthrough in Brand Strategy. Check out the link below! #StartupLife #SocialMedia2025 #Productivity,#StartupLife #SocialMedia2025 #Productivity,3498,5198,91,6,7,0,0,151,0,Sunday,6,1,2025-09,September,104,2.9731275014293885,2.9049634474798003,0.2001143510577473,139,3,Positive
TW_0454,4,Twitter,2025-09-22,11:43:26,Image,Case study alert: How we boosted results by 350% using Cloud Scale. #Leadership #Coding #Innovation,#Leadership #Coding #Innovation,3649,5330,234,21,6,0,0,104,11,Monday,0,0,2025-09,September,261,7.152644560153466,1.951219512195122,0.1644286105782406,99,3,Positive
TW_0455,4,Twitter,2025-05-01,07:52:39,Link,Discover how Data Analytics is transforming the industry! What are your thoughts? #BusinessTips #Coding #StartupLife #Leadership,#BusinessTips #Coding #StartupLife #Leadership,1315,1816,86,8,2,0,0,65,7,Thursday,3,0,2025-05,May,96,7.300380228136882,3.579295154185022,0.1520912547528517,128,4,Positive
TW_0456,4,Twitter,2025-02-23,21:29:29,Image,Top 5 actionable strategies for Data Analytics in 2025. Save this post for later! #Leadership #DataAnalytics,#Leadership #DataAnalytics,1940,2211,95,16,13,0,0,20,21,Sunday,6,1,2025-02,February,124,6.391752577319587,0.9045680687471733,0.6701030927835051,108,2,Positive
TW_0457,4,Twitter,2025-04-19,01:00:02,Image,Quick question for our community: How do you handle Data Analytics in your daily workflow? #DigitalMarketing,#DigitalMarketing,531,637,13,1,0,0,0,31,1,Saturday,5,1,2025-04,April,14,2.6365348399246704,4.866562009419153,0.0,108,1,Neutral
TW_0458,4,Twitter,2025-09-02,08:52:39,Video,Sunday motivation: Start your week with a fresh mindset on Data Analytics. #GrowthHacking #Productivity #MarketingStrategy #Innovation,#GrowthHacking #Productivity #MarketingStrategy #Innovation,4692,5879,321,76,32,0,2157,52,8,Tuesday,1,0,2025-09,September,429,9.143222506393862,0.884504167375404,0.6820119352088662,134,4,Positive
TW_0459,4,Twitter,2025-01-18,22:37:27,Text,Discover how Content Marketing is transforming the industry! What are your thoughts? #MachineLearning #Coding #GrowthHacking,#MachineLearning #Coding #GrowthHacking,1470,2201,95,19,12,0,0,54,22,Saturday,5,1,2025-01,January,126,8.571428571428571,2.453430258973194,0.8163265306122449,124,3,Positive
TW_0460,4,Twitter,2025-06-14,15:51:13,Link,Why Cloud Scale matters more than ever for modern business growth. #Productivity,#Productivity,1883,2115,73,4,10,0,0,52,15,Saturday,5,1,2025-06,June,87,4.620286776420605,2.458628841607565,0.5310674455655868,80,1,Positive
TW_0461,4,Twitter,2025-12-20,11:51:47,Video,Mastering Data Analytics in under 10 minutes. Read our full step-by-step guide now! #TechTrends #AI,#TechTrends #AI,5159,7846,287,28,40,0,2125,109,11,Saturday,5,1,2025-12,December,355,6.881178522969568,1.3892429263318888,0.7753440589261484,99,2,Positive
TW_0462,4,Twitter,2025-01-18,12:42:39,Text,No Caption Provided,#TechTrends #Innovation #AI #DigitalMarketing,1659,2427,33,1,0,0,0,40,12,Saturday,5,1,2025-01,January,34,2.049427365883062,1.6481252575195715,0.0,19,4,Neutral
TW_0463,4,Twitter,2025-07-03,09:10:19,Link,Case study alert: How we boosted results by 350% using Cloud Scale. #DigitalMarketing #MachineLearning,#DigitalMarketing #MachineLearning,786,1063,16,3,1,0,0,31,9,Thursday,3,0,2025-07,July,20,2.5445292620865136,2.916274694261524,0.1272264631043257,102,2,Positive
TW_0464,4,Twitter,2025-08-16,15:21:59,Image,Why Cloud Scale matters more than ever for modern business growth. #MachineLearning,#MachineLearning,2890,3359,145,12,19,0,0,143,15,Saturday,5,1,2025-08,August,176,6.0899653979238755,4.257219410538851,0.657439446366782,83,1,Positive
TW_0465,4,Twitter,2025-01-31,20:16:30,Video,Unpopular opinion about User Experience: Most teams are doing it wrong. Here is why... #Innovation #TechTrends #DigitalMarketing,#Innovation #TechTrends #DigitalMarketing,9271,13048,651,143,78,0,4898,385,20,Friday,4,0,2025-01,January,872,9.40567360586776,2.9506437768240343,0.8413331895156941,128,3,Negative
TW_0466,4,Twitter,2025-05-12,14:06:01,Text,We are excited to announce our newest breakthrough in Data Analytics. Check out the link below! #DesignThinking #Productivity,#DesignThinking #Productivity,821,1166,39,3,2,0,0,23,14,Monday,0,0,2025-05,May,44,5.35931790499391,1.9725557461406518,0.24360535931790497,125,2,Positive
TW_0467,4,Twitter,2025-07-14,21:36:59,Video,Behind the scenes at our team workshop on Cloud Scale. Innovation starts here! #DigitalMarketing #StartupLife,#DigitalMarketing #StartupLife,6838,8612,345,70,45,0,5662,340,21,Monday,0,0,2025-07,July,460,6.727113190991519,3.9479795633999073,0.6580871599883007,109,2,Positive
TW_0468,4,Twitter,2025-12-16,10:09:35,Image,Top 5 actionable strategies for User Experience in 2025. Save this post for later! #MachineLearning #Coding #GrowthHacking #Innovation,#MachineLearning #Coding #GrowthHacking #Innovation,1283,2160,100,23,9,0,0,32,10,Tuesday,1,0,2025-12,December,132,10.288386593920498,1.4814814814814816,0.7014809041309431,134,4,Positive
TW_0469,4,Twitter,2025-06-23,19:49:17,Link,Behind the scenes at our team workshop on Content Marketing. Innovation starts here! #StartupLife #MachineLearning,#StartupLife #MachineLearning,2524,3665,135,24,11,0,0,56,19,Monday,0,0,2025-06,June,170,6.735340729001585,1.5279672578444747,0.4358161648177496,114,2,Positive
TW_0470,4,Twitter,2025-03-08,09:16:16,Link,Behind the scenes at our team workshop on Content Marketing. Innovation starts here! #SocialMedia2025 #TechTrends #GrowthHacking #DataAnalytics,#SocialMedia2025 #TechTrends #GrowthHacking #DataAnalytics,785,1172,55,7,4,0,0,41,9,Saturday,5,1,2025-03,March,66,8.40764331210191,3.4982935153583616,0.5095541401273885,143,4,Positive
TW_0471,4,Twitter,2025-08-23,15:44:52,Link,Top 5 actionable strategies for Data Analytics in 2025. Save this post for later! #Innovation,#Innovation,1709,2075,120,9,11,0,0,72,15,Saturday,5,1,2025-08,August,140,8.191925102399065,3.4698795180722892,0.6436512580456407,93,1,Positive
TW_0472,4,Twitter,2025-09-12,00:33:51,Video,Quick question for our community: How do you handle Python Automation in your daily workflow? #GrowthHacking #Innovation #AI #TechTrends,#GrowthHacking #Innovation #AI #TechTrends,3102,5119,210,41,22,0,2519,95,0,Friday,4,0,2025-09,September,273,8.800773694390715,1.855831217034577,0.7092198581560284,136,4,Positive
TW_0473,4,Twitter,2025-08-17,17:23:02,Text,Why Customer Engagement matters more than ever for modern business growth. #GrowthHacking,#GrowthHacking,1313,2294,36,4,5,0,0,14,17,Sunday,6,1,2025-08,August,45,3.427265803503427,0.6102877070619006,0.38080731150038083,89,1,Positive
TW_0474,4,Twitter,2025-11-13,10:16:25,Video,Unpopular opinion about Executive Leadership: Most teams are doing it wrong. Here is why... #MarketingStrategy #GrowthHacking #BusinessTips,#MarketingStrategy #GrowthHacking #BusinessTips,6015,7741,389,40,24,0,3419,261,10,Thursday,3,0,2025-11,November,453,7.531172069825437,3.3716574086035394,0.399002493765586,139,3,Negative
TW_0475,4,Twitter,2025-12-11,14:55:39,Video,Quick question for our community: How do you handle Customer Engagement in your daily workflow? #TechTrends #MachineLearning,#TechTrends #MachineLearning,5965,7987,196,10,15,0,3789,278,14,Thursday,3,0,2025-12,December,221,3.704945515507125,3.4806560661074246,0.2514668901927913,124,2,Neutral
TW_0476,4,Twitter,2025-03-15,17:17:13,Video,Behind the scenes at our team workshop on Cloud Scale. Innovation starts here! #TechTrends #MachineLearning #SocialMedia2025 #Innovation,#TechTrends #MachineLearning #SocialMedia2025 #Innovation,5525,8921,324,43,23,0,2858,310,17,Saturday,5,1,2025-03,March,390,7.0588235294117645,3.474946754848111,0.416289592760181,136,4,Positive
TW_0477,4,Twitter,2025-04-06,16:55:07,Video,Sunday motivation: Start your week with a fresh mindset on Customer Engagement. #StartupLife #DesignThinking,#StartupLife #DesignThinking,5188,6743,319,18,46,0,3639,155,16,Sunday,6,1,2025-04,April,383,7.382420971472629,2.2986801127094765,0.8866615265998458,108,2,Positive
TW_0478,4,Twitter,2025-08-28,19:07:58,Video,Behind the scenes at our team workshop on Executive Leadership. Innovation starts here! #BusinessTips,#BusinessTips,1550,1826,48,8,4,0,636,80,19,Thursday,3,0,2025-08,August,60,3.870967741935484,4.381161007667032,0.25806451612903225,101,1,Positive
TW_0479,4,Twitter,2025-06-26,01:18:48,Text,Why Brand Strategy matters more than ever for modern business growth. #Innovation #Leadership #SocialMedia2025 #TechTrends,#Innovation #Leadership #SocialMedia2025 #TechTrends,573,651,34,1,0,0,0,11,1,Thursday,3,0,2025-06,June,35,6.108202443280978,1.6897081413210446,0.0,122,4,Positive
TW_0480,4,Twitter,2025-01-10,05:08:56,Link,Mastering Customer Engagement in under 10 minutes. Read our full step-by-step guide now! #MarketingStrategy #Productivity,#MarketingStrategy #Productivity,1407,2294,51,5,4,0,0,20,5,Friday,4,0,2025-01,January,60,4.264392324093817,0.8718395815170008,0.28429282160625446,121,2,Positive
TW_0481,4,Twitter,2025-11-09,22:19:29,Image,Unpopular opinion about User Experience: Most teams are doing it wrong. Here is why... #BusinessTips #DigitalMarketing #TechTrends,#BusinessTips #DigitalMarketing #TechTrends,741,895,35,5,1,0,0,23,22,Sunday,6,1,2025-11,November,41,5.53306342780027,2.569832402234637,0.1349527665317139,130,3,Negative
TW_0482,4,Twitter,2025-12-01,05:16:56,Image,Sunday motivation: Start your week with a fresh mindset on Content Marketing. #GrowthHacking,#GrowthHacking,3725,5870,218,21,10,0,0,213,5,Monday,0,0,2025-12,December,249,6.684563758389261,3.628620102214651,0.2684563758389262,92,1,Positive
TW_0483,4,Twitter,2025-04-09,13:00:25,Video,Why Social Media ROI matters more than ever for modern business growth. #BusinessTips #DataAnalytics #Leadership,#BusinessTips #DataAnalytics #Leadership,6517,10042,257,50,5,0,5803,123,13,Wednesday,2,0,2025-04,April,312,4.78747890133497,1.224855606452898,0.07672241829062453,112,3,Positive
TW_0484,4,Twitter,2025-02-10,16:31:39,Text,Quick question for our community: How do you handle Python Automation in your daily workflow? #GrowthHacking #TechTrends,#GrowthHacking #TechTrends,610,860,34,3,4,0,0,25,16,Monday,0,0,2025-02,February,41,6.721311475409836,2.9069767441860463,0.6557377049180327,120,2,Positive
TW_0485,4,Twitter,2025-08-27,05:13:39,Link,Case study alert: How we boosted results by 350% using Executive Leadership. #MachineLearning #SocialMedia2025,#MachineLearning #SocialMedia2025,645,977,43,9,6,0,0,20,5,Wednesday,2,0,2025-08,August,58,8.992248062015504,2.047082906857728,0.9302325581395349,110,2,Positive
TW_0486,4,Twitter,2025-03-10,13:57:52,Text,We are excited to announce our newest breakthrough in Data Analytics. Check out the link below! #TechTrends #Leadership #BusinessTips,#TechTrends #Leadership #BusinessTips,3447,6101,147,12,17,0,0,51,13,Monday,0,0,2025-03,March,176,5.105889178996229,0.8359285363055237,0.49318247751668115,133,3,Positive
TW_0487,4,Twitter,2025-01-26,05:07:25,Text,Discover how Customer Engagement is transforming the industry! What are your thoughts? #MachineLearning,#MachineLearning,483,554,26,5,1,0,0,21,5,Sunday,6,1,2025-01,January,32,6.625258799171843,3.790613718411552,0.2070393374741201,103,1,Positive
TW_0488,4,Twitter,2025-07-06,15:56:23,Text,Discover how Customer Engagement is transforming the industry! What are your thoughts? #DataAnalytics #DesignThinking #GrowthHacking #Productivity,#DataAnalytics #DesignThinking #GrowthHacking #Productivity,727,906,17,1,2,0,0,33,15,Sunday,6,1,2025-07,July,20,2.7510316368638237,3.642384105960265,0.2751031636863824,146,4,Positive
TW_0489,4,Twitter,2025-04-26,03:20:09,Link,No Caption Provided,#MachineLearning,1367,1767,42,9,3,0,0,42,3,Saturday,5,1,2025-04,April,54,3.9502560351133873,2.3769100169779285,0.21945866861741037,19,1,Neutral
TW_0490,4,Twitter,2025-04-05,03:46:26,Link,Discover how Content Marketing is transforming the industry! What are your thoughts? #DataAnalytics #Coding #Innovation #Leadership,#DataAnalytics #Coding #Innovation #Leadership,1695,1871,101,24,9,0,0,52,3,Saturday,5,1,2025-04,April,134,7.905604719764011,2.779262426509888,0.5309734513274336,131,4,Positive
TW_0491,4,Twitter,2025-03-22,05:47:58,Video,Top 5 actionable strategies for Data Analytics in 2025. Save this post for later! #BusinessTips,#BusinessTips,2791,3597,171,23,12,0,1355,118,5,Saturday,5,1,2025-03,March,206,7.380867072733787,3.2805115373922713,0.42995342171264783,95,1,Positive
TW_0492,4,Twitter,2025-06-24,19:45:04,Video,Case study alert: How we boosted results by 350% using Executive Leadership. #AI,#AI,1252,2066,96,11,2,0,698,27,19,Tuesday,1,0,2025-06,June,109,8.706070287539937,1.3068731848983544,0.1597444089456869,80,1,Positive
TW_0493,4,Twitter,2025-11-09,22:50:00,Image,Behind the scenes at our team workshop on Executive Leadership. Innovation starts here! #Innovation #DesignThinking #DataAnalytics #MachineLearning,#Innovation #DesignThinking #DataAnalytics #MachineLearning,3715,5372,182,25,4,0,0,97,22,Sunday,6,1,2025-11,November,211,5.6796769851951545,1.8056589724497394,0.10767160161507401,147,4,Positive
TW_0494,4,Twitter,2025-03-18,11:32:06,Text,Mastering Customer Engagement in under 10 minutes. Read our full step-by-step guide now! #MarketingStrategy #DigitalMarketing,#MarketingStrategy #DigitalMarketing,1969,2699,142,25,15,0,0,60,11,Tuesday,1,0,2025-03,March,182,9.243270695784663,2.223045572434235,0.7618080243778568,125,2,Positive
TW_0495,4,Twitter,2025-05-13,03:51:19,Image,Case study alert: How we boosted results by 350% using Executive Leadership. #AI #DesignThinking #Coding #DigitalMarketing,#AI #DesignThinking #Coding #DigitalMarketing,3061,4187,129,20,18,0,0,117,3,Tuesday,1,0,2025-05,May,167,5.455733420450834,2.7943635060902796,0.5880431231623653,122,4,Positive
TW_0496,4,Twitter,2025-09-08,01:31:50,Link,Behind the scenes at our team workshop on Executive Leadership. Innovation starts here! #Productivity #GrowthHacking #TechTrends #DigitalMarketing,#Productivity #GrowthHacking #TechTrends #DigitalMarketing,344,450,27,5,2,0,0,19,1,Monday,0,0,2025-09,September,34,9.883720930232558,4.222222222222222,0.5813953488372093,146,4,Positive
TW_0497,4,Twitter,2025-11-19,00:41:01,Text,Quick question for our community: How do you handle Brand Strategy in your daily workflow? #AI,#AI,767,1202,45,11,6,0,0,23,0,Wednesday,2,0,2025-11,November,62,8.083441981747066,1.913477537437604,0.7822685788787485,94,1,Neutral
TW_0498,4,Twitter,2025-01-23,10:40:45,Text,We are excited to announce our newest breakthrough in Python Automation. Check out the link below! #DigitalMarketing,#DigitalMarketing,2354,3323,101,15,7,0,0,24,10,Thursday,3,0,2025-01,January,123,5.225148683092608,0.7222389407162202,0.29736618521665253,116,1,Positive
TW_0499,4,Twitter,2025-08-07,13:06:19,Image,Discover how Content Marketing is transforming the industry! What are your thoughts? #BusinessTips #Coding #MachineLearning #AI,#BusinessTips #Coding #MachineLearning #AI,1230,1748,30,1,3,0,0,38,13,Thursday,3,0,2025-08,August,34,2.7642276422764227,2.1739130434782608,0.24390243902439024,127,4,Positive
TW_0500,4,Twitter,2025-02-26,19:32:50,Text,Behind the scenes at our team workshop on Executive Leadership. Innovation starts here! #SocialMedia2025 #DigitalMarketing #MarketingStrategy #Coding,#SocialMedia2025 #DigitalMarketing #MarketingStrategy #Coding,1671,2349,86,11,7,0,0,83,19,Wednesday,2,0,2025-02,February,104,6.2238180730101735,3.5334184759472116,0.41891083183722316,149,4,Positive
TW_0501,4,Twitter,2025-11-06,05:48:02,Image,Top 5 actionable strategies for Cloud Scale in 2025. Save this post for later! #DigitalMarketing #Innovation,#DigitalMarketing #Innovation,414,639,28,2,1,0,0,23,5,Thursday,3,0,2025-11,November,31,7.487922705314009,3.599374021909233,0.24154589371980675,108,2,Positive
TW_0502,4,Twitter,2025-04-11,15:23:40,Link,Case study alert: How we boosted results by 350% using Customer Engagement. #Coding,#Coding,362,572,8,1,1,0,0,18,15,Friday,4,0,2025-04,April,10,2.7624309392265194,3.146853146853147,0.2762430939226519,83,1,Positive
TW_0503,4,Twitter,2025-10-30,19:25:14,Text,We are excited to announce our newest breakthrough in AI Workflow. Check out the link below! #StartupLife #DesignThinking,#StartupLife #DesignThinking,1820,2166,94,12,10,0,0,96,19,Thursday,3,0,2025-10,October,116,6.373626373626373,4.43213296398892,0.5494505494505495,121,2,Positive
TW_0504,4,Twitter,2025-12-03,01:24:04,Link,Mastering Social Media ROI in under 10 minutes. Read our full step-by-step guide now! #MachineLearning,#MachineLearning,967,1217,40,4,2,0,0,52,1,Wednesday,2,0,2025-12,December,46,4.756980351602896,4.272801972062449,0.2068252326783868,102,1,Positive
TW_0505,4,Twitter,2025-07-13,02:47:57,Link,Mastering Social Media ROI in under 10 minutes. Read our full step-by-step guide now! #Coding #DesignThinking #GrowthHacking #SocialMedia2025,#Coding #DesignThinking #GrowthHacking #SocialMedia2025,1458,1997,115,8,7,0,0,86,2,Sunday,6,1,2025-07,July,130,8.916323731138547,4.306459689534301,0.48010973936899864,141,4,Positive
TW_0506,4,Twitter,2025-02-01,22:31:51,Video,Discover how Customer Engagement is transforming the industry! What are your thoughts? #TechTrends #DesignThinking #SocialMedia2025,#TechTrends #DesignThinking #SocialMedia2025,2150,3286,115,27,14,0,1744,118,22,Saturday,5,1,2025-02,February,156,7.255813953488372,3.5909920876445525,0.6511627906976745,131,3,Positive
TW_0507,4,Twitter,2025-10-02,07:17:06,Video,Discover how AI Workflow is transforming the industry! What are your thoughts? #TechTrends,#TechTrends,2459,3209,91,22,13,0,2030,117,7,Thursday,3,0,2025-10,October,126,5.124034160227735,3.645995637270177,0.5286701911346076,90,1,Positive
TW_0508,4,Twitter,2025-01-03,10:04:21,Image,Why Brand Strategy matters more than ever for modern business growth. #TechTrends #MachineLearning #SocialMedia2025 #Innovation,#TechTrends #MachineLearning #SocialMedia2025 #Innovation,1683,2517,119,11,8,0,0,83,10,Friday,4,0,2025-01,January,138,8.19964349376114,3.297576479936432,0.4753416518122401,127,4,Positive
TW_0509,4,Twitter,2025-01-27,23:08:10,Video,Why Cloud Scale matters more than ever for modern business growth. #TechTrends #DigitalMarketing,#TechTrends #DigitalMarketing,41497,46332,2943,397,199,0,37301,424,23,Monday,0,0,2025-01,January,3539,8.528327348964986,0.9151342484675818,0.47955273875219895,96,2,Positive
TW_0510,4,Twitter,2025-01-26,04:18:21,Video,No Caption Provided,#DigitalMarketing #Leadership #DataAnalytics,631,818,30,1,1,0,304,16,4,Sunday,6,1,2025-01,January,32,5.071315372424722,1.9559902200488997,0.15847860538827258,19,3,Neutral
TW_0511,4,Twitter,2025-04-05,00:28:43,Image,Discover how Cloud Scale is transforming the industry! What are your thoughts? #AI #GrowthHacking #Productivity,#AI #GrowthHacking #Productivity,1498,1912,37,7,3,0,0,50,0,Saturday,5,1,2025-04,April,47,3.1375166889185584,2.615062761506276,0.20026702269692925,111,3,Positive
TW_0512,4,Twitter,2025-07-05,04:26:41,Text,Quick question for our community: How do you handle Cloud Scale in your daily workflow? #AI #SocialMedia2025 #TechTrends,#AI #SocialMedia2025 #TechTrends,2115,2477,45,8,5,0,0,73,4,Saturday,5,1,2025-07,July,58,2.7423167848699763,2.9471134436818733,0.2364066193853428,120,3,Neutral
TW_0513,4,Twitter,2025-07-11,02:27:59,Image,Sunday motivation: Start your week with a fresh mindset on Content Marketing. #Leadership #BusinessTips,#Leadership #BusinessTips,3012,4497,221,36,17,0,0,107,2,Friday,4,0,2025-07,July,274,9.096945551128819,2.3793640204580835,0.5644090305444888,103,2,Positive
TW_0514,4,Twitter,2025-03-19,13:27:28,Image,Discover how User Experience is transforming the industry! What are your thoughts? #BusinessTips,#BusinessTips,1639,2733,75,5,9,0,0,85,13,Wednesday,2,0,2025-03,March,89,5.430140329469189,3.110135382363703,0.5491153142159854,96,1,Positive
TW_0515,4,Twitter,2025-11-12,03:09:04,Video,Unpopular opinion about Cloud Scale: Most teams are doing it wrong. Here is why... #Innovation,#Innovation,2837,3690,89,9,12,0,1631,126,3,Wednesday,2,0,2025-11,November,110,3.877335213253437,3.414634146341464,0.42298202326401124,94,1,Negative
TW_0516,4,Twitter,2025-06-11,21:42:22,Video,Discover how Brand Strategy is transforming the industry! What are your thoughts? #SocialMedia2025 #DesignThinking #AI #GrowthHacking,#SocialMedia2025 #DesignThinking #AI #GrowthHacking,6127,10995,459,57,23,0,4451,361,21,Wednesday,2,0,2025-06,June,539,8.797127468581687,3.2833105957253297,0.3753876285294598,133,4,Positive
TW_0517,4,Twitter,2025-07-30,08:18:39,Text,We are excited to announce our newest breakthrough in Social Media ROI. Check out the link below! #TechTrends #DigitalMarketing,#General,728,1215,44,6,5,0,0,11,8,Wednesday,2,0,2025-07,July,55,7.554945054945055,0.9053497942386831,0.6868131868131868,127,1,Positive
TW_0518,4,Twitter,2025-01-14,22:13:50,Image,Discover how Executive Leadership is transforming the industry! What are your thoughts? #DigitalMarketing,#DigitalMarketing,1433,2353,75,10,5,0,0,51,22,Tuesday,1,0,2025-01,January,90,6.28053035589672,2.1674458138546537,0.34891835310537334,105,1,Positive
TW_0519,4,Twitter,2025-07-19,01:33:33,Link,Mastering Brand Strategy in under 10 minutes. Read our full step-by-step guide now! #MachineLearning #SocialMedia2025 #Innovation #BusinessTips,#MachineLearning #SocialMedia2025 #Innovation #BusinessTips,1045,1410,81,11,7,0,0,54,1,Saturday,5,1,2025-07,July,99,9.473684210526317,3.829787234042553,0.6698564593301436,143,4,Positive
TW_0520,4,Twitter,2025-04-08,01:34:17,Text,Why AI Workflow matters more than ever for modern business growth. #DigitalMarketing #Leadership,#DigitalMarketing #Leadership,1811,2450,93,21,3,0,0,18,1,Tuesday,1,0,2025-04,April,117,6.460519050248481,0.7346938775510203,0.16565433462175594,96,2,Positive
TW_0521,4,Twitter,2025-07-31,06:50:57,Image,Mastering Cloud Scale in under 10 minutes. Read our full step-by-step guide now! #Coding,#Coding,2330,2581,99,22,7,0,0,115,6,Thursday,3,0,2025-07,July,128,5.493562231759657,4.455637349864394,0.30042918454935624,88,1,Positive
TW_0522,4,Twitter,2025-03-23,17:42:26,Video,Behind the scenes at our team workshop on Social Media ROI. Innovation starts here! #MarketingStrategy #SocialMedia2025 #StartupLife,#MarketingStrategy #SocialMedia2025 #StartupLife,3485,3890,183,11,14,0,1627,144,17,Sunday,6,1,2025-03,March,208,5.968436154949785,3.7017994858611827,0.40172166427546624,132,3,Positive
TW_0523,4,Twitter,2025-11-06,16:07:27,Text,Unpopular opinion about Data Analytics: Most teams are doing it wrong. Here is why... #SocialMedia2025,#SocialMedia2025,1896,2905,141,16,16,0,0,43,16,Thursday,3,0,2025-11,November,173,9.124472573839663,1.4802065404475044,0.8438818565400843,102,1,Negative
TW_0524,4,Twitter,2025-05-20,19:26:30,Video,Why Python Automation matters more than ever for modern business growth. #SocialMedia2025 #BusinessTips #MachineLearning,#SocialMedia2025 #BusinessTips #MachineLearning,6575,9013,203,18,21,0,4288,75,19,Tuesday,1,0,2025-05,May,242,3.6806083650190113,0.8321313658049483,0.3193916349809886,120,3,Positive
TW_0525,4,Twitter,2025-01-29,11:39:26,Link,Case study alert: How we boosted results by 350% using Customer Engagement. #StartupLife #TechTrends,#StartupLife #TechTrends,1134,1915,37,5,5,0,0,47,11,Wednesday,2,0,2025-01,January,47,4.144620811287478,2.4543080939947783,0.4409171075837742,100,2,Positive
TW_0526,4,Twitter,2025-02-24,04:36:49,Link,Quick question for our community: How do you handle Data Analytics in your daily workflow? #Coding #AI #GrowthHacking,#Coding #AI #GrowthHacking,1805,2109,104,14,11,0,0,43,4,Monday,0,0,2025-02,February,129,7.146814404432133,2.0388809862494073,0.6094182825484765,117,3,Positive
TW_0527,4,Twitter,2025-12-09,12:18:51,Image,Behind the scenes at our team workshop on Customer Engagement. Innovation starts here! #Innovation #Coding #DigitalMarketing #MachineLearning,#Innovation #Coding #DigitalMarketing #MachineLearning,5007,7248,263,36,29,0,0,59,12,Tuesday,1,0,2025-12,December,328,6.550828839624526,0.8140176600441501,0.579189135210705,141,4,Positive
TW_0528,4,Twitter,2025-03-11,01:09:57,Text,Discover how Executive Leadership is transforming the industry! What are your thoughts? #MachineLearning #BusinessTips #DigitalMarketing,#MachineLearning #BusinessTips #DigitalMarketing,1005,1421,44,5,1,0,0,40,1,Tuesday,1,0,2025-03,March,50,4.975124378109453,2.8149190710767065,0.09950248756218905,136,3,Positive
TW_0529,4,Twitter,2025-06-25,22:58:43,Video,Case study alert: How we boosted results by 350% using Customer Engagement. #DigitalMarketing #GrowthHacking,#DigitalMarketing #GrowthHacking,2908,3554,89,15,13,0,1398,171,22,Wednesday,2,0,2025-06,June,117,4.023383768913343,4.811480022509848,0.4470426409903714,108,2,Positive
TW_0530,4,Twitter,2025-12-08,00:51:16,Video,Why AI Workflow matters more than ever for modern business growth. #SocialMedia2025 #MarketingStrategy,#SocialMedia2025 #MarketingStrategy,5890,8775,354,54,52,0,4170,295,0,Monday,0,0,2025-12,December,460,7.809847198641766,3.361823361823362,0.8828522920203734,102,2,Positive
TW_0531,4,Twitter,2025-07-19,05:01:05,Video,Top 5 actionable strategies for Python Automation in 2025. Save this post for later! #MarketingStrategy #Innovation #BusinessTips #DesignThinking,#MarketingStrategy #Innovation #BusinessTips #DesignThinking,2673,3638,96,15,8,0,1486,92,5,Saturday,5,1,2025-07,July,119,4.451926674148896,2.5288620120945575,0.29928918817807704,145,4,Positive
TW_0532,4,Twitter,2025-10-24,05:51:33,Link,Discover how Content Marketing is transforming the industry! What are your thoughts? #TechTrends #StartupLife #BusinessTips,#TechTrends #StartupLife #BusinessTips,320,536,14,1,0,0,0,16,5,Friday,4,0,2025-10,October,15,4.6875,2.9850746268656714,0.0,123,3,Positive
TW_0533,4,Twitter,2025-01-19,20:37:41,Text,Top 5 actionable strategies for Data Analytics in 2025. Save this post for later! #Innovation,#Innovation,1646,2577,119,13,16,0,0,93,20,Sunday,6,1,2025-01,January,148,8.99149453219927,3.608847497089639,0.9720534629404617,93,1,Positive
TW_0534,4,Twitter,2025-09-23,09:47:07,Image,We are excited to announce our newest breakthrough in Executive Leadership. Check out the link below! #Productivity #DesignThinking #StartupLife,#Productivity #DesignThinking #StartupLife,392,608,12,2,0,0,0,17,9,Tuesday,1,0,2025-09,September,14,3.571428571428571,2.7960526315789473,0.0,144,3,Positive
TW_0535,4,Twitter,2025-04-12,02:03:25,Image,Mastering Social Media ROI in under 10 minutes. Read our full step-by-step guide now! #BusinessTips,#BusinessTips,3011,4154,220,13,17,0,0,124,2,Saturday,5,1,2025-04,April,250,8.302889405513119,2.9850746268656714,0.564596479574892,99,1,Positive
TW_0536,4,Twitter,2025-03-02,18:00:39,Video,Discover how Data Analytics is transforming the industry! What are your thoughts? #GrowthHacking #TechTrends,#GrowthHacking #TechTrends,2533,4521,201,46,10,0,1405,98,18,Sunday,6,1,2025-03,March,257,10.146071851559416,2.1676620216766205,0.3947887879984209,108,2,Positive
TW_0537,4,Twitter,2025-08-09,12:57:58,Video,Behind the scenes at our team workshop on Content Marketing. Innovation starts here! #Leadership #Coding #StartupLife,#Leadership #Coding #StartupLife,9764,10842,493,93,66,0,4844,506,12,Saturday,5,1,2025-08,August,652,6.6775911511675545,4.6670356022874016,0.6759524784924211,117,3,Positive
TW_0538,4,Twitter,2025-06-25,13:04:34,Link,Top 5 actionable strategies for Brand Strategy in 2025. Save this post for later! #TechTrends #DigitalMarketing,#TechTrends #DigitalMarketing,2626,3189,176,27,21,0,0,146,13,Wednesday,2,0,2025-06,June,224,8.53008377760853,4.5782376920664785,0.7996953541507997,111,2,Positive
TW_0539,4,Twitter,2025-07-24,09:58:04,Text,Why Content Marketing matters more than ever for modern business growth. #Innovation #Leadership,#Innovation #Leadership,920,1510,30,6,4,0,0,36,9,Thursday,3,0,2025-07,July,40,4.3478260869565215,2.384105960264901,0.43478260869565216,96,2,Positive
TW_0540,4,Twitter,2025-09-13,23:25:51,Text,Mastering Customer Engagement in under 10 minutes. Read our full step-by-step guide now! #Leadership #MarketingStrategy #DigitalMarketing #StartupLife,#Leadership #MarketingStrategy #DigitalMarketing #StartupLife,2323,3337,156,32,19,0,0,47,23,Saturday,5,1,2025-09,September,207,8.91089108910891,1.4084507042253522,0.8179078777442962,150,4,Positive
TW_0541,4,Twitter,2025-07-29,16:24:31,Text,Sunday motivation: Start your week with a fresh mindset on Data Analytics. #Innovation,#Innovation,913,1633,51,4,4,0,0,12,16,Tuesday,1,0,2025-07,July,59,6.4622124863088715,0.7348438456827924,0.43811610076670315,86,1,Positive
TW_0542,4,Twitter,2025-03-06,15:25:31,Video,Behind the scenes at our team workshop on User Experience. Innovation starts here! #DesignThinking #TechTrends #Coding #MarketingStrategy,#DesignThinking #TechTrends #Coding #MarketingStrategy,1035,1386,43,6,4,0,601,54,15,Thursday,3,0,2025-03,March,53,5.120772946859904,3.896103896103896,0.3864734299516908,137,4,Positive
TW_0543,4,Twitter,2025-06-29,13:47:43,Text,Behind the scenes at our team workshop on Social Media ROI. Innovation starts here! #DigitalMarketing #DataAnalytics,#DigitalMarketing #DataAnalytics,2920,4167,63,12,4,0,0,124,13,Sunday,6,1,2025-06,June,79,2.7054794520547945,2.9757619390448764,0.136986301369863,116,2,Positive
TW_0544,4,Twitter,2025-11-09,23:36:35,Video,Discover how Executive Leadership is transforming the industry! What are your thoughts? #Productivity #GrowthHacking #Innovation,#Productivity #GrowthHacking #Innovation,1816,2875,127,10,5,0,1304,90,23,Sunday,6,1,2025-11,November,142,7.819383259911894,3.130434782608696,0.27533039647577096,128,3,Positive
TW_0545,4,Twitter,2025-12-04,18:36:00,Video,No Caption Provided,#SocialMedia2025 #Coding #Innovation #DataAnalytics,4999,7205,210,11,4,0,2926,211,18,Thursday,3,0,2025-12,December,225,4.500900180036007,2.9285218598195697,0.08001600320064013,19,4,Neutral
TW_0546,4,Twitter,2025-12-09,07:54:43,Link,Unpopular opinion about Social Media ROI: Most teams are doing it wrong. Here is why... #MachineLearning #StartupLife #DesignThinking,#MachineLearning #StartupLife #DesignThinking,758,914,58,8,5,0,0,17,7,Tuesday,1,0,2025-12,December,71,9.366754617414248,1.8599562363238513,0.6596306068601583,133,3,Negative
TW_0547,4,Twitter,2025-11-25,08:47:49,Link,Unpopular opinion about Executive Leadership: Most teams are doing it wrong. Here is why... #MarketingStrategy #MachineLearning #StartupLife,#MarketingStrategy #MachineLearning #StartupLife,1246,2099,39,6,1,0,0,44,8,Tuesday,1,0,2025-11,November,46,3.6918138041733553,2.096236303001429,0.08025682182985554,140,3,Negative
TW_0548,4,Twitter,2025-10-28,19:51:19,Video,Mastering Executive Leadership in under 10 minutes. Read our full step-by-step guide now! #SocialMedia2025 #MarketingStrategy,#SocialMedia2025 #MarketingStrategy,7527,8373,339,79,11,0,5281,292,19,Tuesday,1,0,2025-10,October,429,5.699481865284974,3.487399976113699,0.14614056064833267,125,2,Positive
TW_0549,4,Twitter,2025-10-06,17:59:26,Video,Top 5 actionable strategies for Brand Strategy in 2025. Save this post for later! #DataAnalytics #Coding,#DataAnalytics #Coding,3158,5553,106,22,5,0,1734,109,17,Monday,0,0,2025-10,October,133,4.2115262824572515,1.9629029353502612,0.15832805573147563,104,2,Positive
TW_0550,4,Twitter,2025-05-08,03:27:01,Link,Top 5 actionable strategies for Brand Strategy in 2025. Save this post for later! #MarketingStrategy,#MarketingStrategy,1552,2560,47,7,2,0,0,62,3,Thursday,3,0,2025-05,May,56,3.608247422680412,2.421875,0.12886597938144329,100,1,Positive
