post_id,platform_id,platform,post_date,post_time,content_type,caption,hashtags,reach,impressions,likes,comments,shares,saves,video_views,clicks
FA_0001,1,Facebook,2025-11-24,04:03:12,Link,,#MarketingStrategy #MachineLearning,2437,2829,110.0,6,5,0,0,85
FA_0002,1,Facebook,2025-10-07,15:16:27,Carousel,We are excited to announce our newest breakthrough in Customer Engagement. Check out the link below! #DesignThinking,#DesignThinking,2924,3534,226.0,26,7,0,0,43
FA_0003,1,Facebook,2025-08-24,19:31:24,Text,Quick question for our community: How do you handle AI Workflow in your daily workflow? #Productivity #StartupLife #Innovation,#Productivity #StartupLife #Innovation,4111,4653,138.0,14,4,0,0,88
FA_0004,1,Facebook,2025-07-06,05:55:19,Video,We are excited to announce our newest breakthrough in Customer Engagement. Check out the link below! #Innovation,#Innovation,2882,4102,104.0,24,11,0,1469,75
FA_0005,1,Facebook,2025-06-11,14:36:21,Video,Mastering User Experience in under 10 minutes. Read our full step-by-step guide now! #DataAnalytics #StartupLife #Leadership,#DataAnalytics #StartupLife #Leadership,9499,11398,269.0,53,24,0,7347,298
FA_0006,1,Facebook,2025-03-12,18:33:04,Image,Mastering AI Workflow in under 10 minutes. Read our full step-by-step guide now! #StartupLife #MarketingStrategy,#StartupLife #MarketingStrategy,3748,5686,180.0,18,16,0,0,214
FA_0007,1,Facebook,2025-05-17,23:20:12,Link,Behind the scenes at our team workshop on Python Automation. Innovation starts here! #Leadership #TechTrends,#Leadership #TechTrends,2121,3086,55.0,9,7,0,0,75
FA_0008,1,Facebook,2025-09-29,00:01:14,Text,Quick question for our community: How do you handle Data Analytics in your daily workflow? #Coding,#Coding,3054,4016,71.0,16,10,0,0,43
FA_0009,1,Facebook,2025-03-06,04:40:28,Carousel,Mastering Social Media ROI in under 10 minutes. Read our full step-by-step guide now! #SocialMedia2025 #Productivity #Innovation,#SocialMedia2025 #Productivity #Innovation,6739,10975,413.0,79,29,0,0,293
FA_0010,1,Facebook,2025-05-07,08:10:51,Image,Discover how User Experience is transforming the industry! What are your thoughts? #Innovation #DataAnalytics,#Innovation #DataAnalytics,3607,4545,268.0,59,7,0,0,78
FA_0011,1,Facebook,2025-10-20,20:58:45,Text,Mastering Python Automation in under 10 minutes. Read our full step-by-step guide now! #AI #Coding,#AI #Coding,2631,4485,61.0,11,6,0,0,34
FA_0012,1,Facebook,2025-04-09,06:55:31,Video,Unpopular opinion about Python Automation: Most teams are doing it wrong. Here is why... #DigitalMarketing #Leadership,#DigitalMarketing #Leadership,1510,2515,107.0,7,11,0,1012,16
FA_0013,1,Facebook,2025-07-28,17:40:53,Text,Mastering Data Analytics in under 10 minutes. Read our full step-by-step guide now! #BusinessTips #TechTrends,#BusinessTips #TechTrends,2900,4113,131.0,31,19,0,0,109
FA_0014,1,Facebook,2025-01-30,21:05:14,Image,Sunday motivation: Start your week with a fresh mindset on Brand Strategy. #TechTrends,#TechTrends,7790,11465,182.0,27,23,0,0,104
FA_0015,1,Facebook,2025-10-19,08:57:51,Image,Sunday motivation: Start your week with a fresh mindset on User Experience. #BusinessTips,#BusinessTips,2077,2663,125.0,14,6,0,0,34
FA_0016,1,Facebook,2025-02-07,00:20:20,Carousel,Unpopular opinion about AI Workflow: Most teams are doing it wrong. Here is why... #SocialMedia2025,#SocialMedia2025,1578,2121,38.0,3,2,0,0,50
FA_0017,1,Facebook,2025-12-01,19:15:29,Carousel,We are excited to announce our newest breakthrough in Customer Engagement. Check out the link below! #Coding,#Coding,10088,16339,295.0,31,13,0,0,273
FA_0018,1,Facebook,2025-05-09,01:50:58,Text,Quick question for our community: How do you handle Customer Engagement in your daily workflow? #TechTrends,#TechTrends,2424,3110,156.0,25,11,0,0,25
FA_0019,1,Facebook,2025-10-07,01:18:42,Carousel,Discover how Cloud Scale is transforming the industry! What are your thoughts? #BusinessTips #MarketingStrategy,#BusinessTips #MarketingStrategy,6545,10846,468.0,107,22,0,0,147
FA_0020,1,Facebook,2025-07-28,22:35:51,Video,Discover how Social Media ROI is transforming the industry! What are your thoughts? #Coding #BusinessTips,#Coding #BusinessTips,8388,13820,374.0,68,43,0,4396,150
FA_0021,1,Facebook,2025-08-29,08:05:54,Text,Unpopular opinion about Brand Strategy: Most teams are doing it wrong. Here is why... #Productivity #DesignThinking #DataAnalytics,#Productivity #DesignThinking #DataAnalytics,985,1309,70.0,17,3,0,0,41
FA_0022,1,Facebook,15/01/2025,04:11:58,Link,Mastering Social Media ROI in under 10 minutes. Read our full step-by-step guide now! #TechTrends #AI #Innovation,#TechTrends #AI #Innovation,2181,3065,172.0,12,23,0,0,42
FA_0023,1,Facebook,2025-10-03,07:10:25,Image,Behind the scenes at our team workshop on Brand Strategy. Innovation starts here! #StartupLife #Productivity #AI,#StartupLife #Productivity #AI,3781,5022,233.0,37,10,0,0,163
FA_0024,1,Facebook,2025-10-19,10:57:26,Image,Sunday motivation: Start your week with a fresh mindset on Customer Engagement. #DataAnalytics #BusinessTips #DesignThinking,#DataAnalytics #BusinessTips #DesignThinking,2106,2967,127.0,19,15,0,0,122
FA_0025,1,Facebook,2025-12-06,23:02:40,Image,We are excited to announce our newest breakthrough in Content Marketing. Check out the link below! #DataAnalytics #DesignThinking #Coding,#DataAnalytics #DesignThinking #Coding,1729,2476,122.0,7,9,0,0,71
FA_0026,1,Facebook,2025-05-05,05:22:22,Image,Case study alert: How we boosted results by 350% using AI Workflow. #DataAnalytics #MarketingStrategy #DesignThinking #MachineLearning,#DataAnalytics #MarketingStrategy #DesignThinking #MachineLearning,3248,5658,88.0,6,7,0,0,118
FA_0027,1,Facebook,2025-08-15,22:18:21,Carousel,Why Python Automation matters more than ever for modern business growth. #Coding #MarketingStrategy #MachineLearning #Leadership,#Coding #MarketingStrategy #MachineLearning #Leadership,2322,3590,153.0,23,15,0,0,55
FA_0028,1,Facebook,2025-06-13,19:39:58,Video,,#MachineLearning #MarketingStrategy #Coding #DataAnalytics,5569,7942,132.0,28,9,0,4371,319
FA_0029,1,Facebook,09-02-2025,00:12:52,Link,Sunday motivation: Start your week with a fresh mindset on Python Automation. #SocialMedia2025 #MachineLearning #Productivity #Coding,#SocialMedia2025 #MachineLearning #Productivity #Coding,1456,1879,71.0,9,7,0,0,72
FA_0030,1,Facebook,2025-11-15,19:26:48,Text,Mastering User Experience in under 10 minutes. Read our full step-by-step guide now! #AI,#AI,2886,3276,123.0,11,7,0,0,138
FA_0031,1,Facebook,2025-05-10,02:58:55,Carousel,Discover how Data Analytics is transforming the industry! What are your thoughts? #DataAnalytics #StartupLife #AI,#DataAnalytics #StartupLife #AI,6873,8519,145.0,11,5,0,0,298
FA_0032,1,Facebook,2025-07-08,06:06:32,Image,Behind the scenes at our team workshop on Social Media ROI. Innovation starts here! #AI #Innovation #TechTrends,#AI #Innovation #TechTrends,4953,6749,378.0,33,36,0,0,255
FA_0033,1,Facebook,2025-12-17,21:51:37,Carousel,Quick question for our community: How do you handle Data Analytics in your daily workflow? #SocialMedia2025 #BusinessTips #StartupLife,#SocialMedia2025 #BusinessTips #StartupLife,7647,8479,345.0,51,26,0,0,214
FA_0034,1,Facebook,04-01-2025,18:59:46,Link,Behind the scenes at our team workshop on User Experience. Innovation starts here! #Leadership #BusinessTips #MachineLearning #Innovation,#Leadership #BusinessTips #MachineLearning #Innovation,1347,2362,49.0,6,5,0,0,51
FA_0035,1,Facebook,2025-06-16,06:37:14,Link,Behind the scenes at our team workshop on Customer Engagement. Innovation starts here! #DigitalMarketing #Innovation #MachineLearning,#DigitalMarketing #Innovation #MachineLearning,1525,1881,52.0,6,4,0,0,33
FA_0036,1,Facebook,2025-01-09,03:23:16,Text,Why Content Marketing matters more than ever for modern business growth. #StartupLife #Innovation #GrowthHacking,#StartupLife #Innovation #GrowthHacking,1473,2647,78.0,9,6,0,0,37
FA_0037,1,Facebook,2025-10-02,06:44:27,Text,Behind the scenes at our team workshop on Customer Engagement. Innovation starts here! #AI #Productivity #DataAnalytics,#AI #Productivity #DataAnalytics,941,1044,48.0,5,7,0,0,35
FA_0038,1,Facebook,09/09/2025,03:44:06,Carousel,Discover how Customer Engagement is transforming the industry! What are your thoughts? #Leadership #Coding #GrowthHacking #MarketingStrategy,#Leadership #Coding #GrowthHacking #MarketingStrategy,6303,7436,150.0,22,14,0,0,279
FA_0039,1,Facebook,2025-02-13,09:02:10,Text,Mastering User Experience in under 10 minutes. Read our full step-by-step guide now! #DesignThinking #SocialMedia2025,#DesignThinking #SocialMedia2025,1794,3053,142.0,15,14,0,0,72
FA_0040,1,Facebook,2025-04-19,09:38:07,Video,We are excited to announce our newest breakthrough in Content Marketing. Check out the link below! #SocialMedia2025 #AI,#SocialMedia2025 #AI,63685,83037,2158.0,413,240,0,39931,2825
FA_0041,1,Facebook,2025-12-05,07:12:08,Carousel,We are excited to announce our newest breakthrough in Content Marketing. Check out the link below! #Coding #DigitalMarketing,#Coding #DigitalMarketing,1795,2361,116.0,19,6,0,0,29
FA_0042,1,Facebook,2025-09-14,19:39:36,Image,,#Coding,5404,6042,182.0,33,23,0,0,212
FA_0043,1,Facebook,2025-10-23,01:27:53,Video,Mastering Executive Leadership in under 10 minutes. Read our full step-by-step guide now! #Coding #DigitalMarketing #MarketingStrategy #Innovation,#Coding #DigitalMarketing #MarketingStrategy #Innovation,4882,5682,199.0,23,21,0,4046,129
FA_0044,1,Facebook,2025-10-09,01:20:09,Link,Case study alert: How we boosted results by 350% using Customer Engagement. #AI #DesignThinking #BusinessTips,#AI #DesignThinking #BusinessTips,272,464,12.0,0,1,0,0,11
FA_0045,1,Facebook,2025-05-17,19:59:47,Link,Unpopular opinion about Executive Leadership: Most teams are doing it wrong. Here is why... #AI #TechTrends #StartupLife #Innovation,#AI #TechTrends #StartupLife #Innovation,1594,1768,70.0,6,9,0,0,24
FA_0046,1,Facebook,2025-05-30,18:31:38,Text,Mastering Executive Leadership in under 10 minutes. Read our full step-by-step guide now! #DataAnalytics #Leadership #SocialMedia2025 #MarketingStrategy,#DataAnalytics #Leadership #SocialMedia2025 #MarketingStrategy,3580,5808,100.0,6,12,0,0,188
FA_0047,1,Facebook,2025-01-02,10:17:52,Carousel,Why User Experience matters more than ever for modern business growth. #Productivity #MarketingStrategy #Leadership #SocialMedia2025,#Productivity #MarketingStrategy #Leadership #SocialMedia2025,4296,6359,203.0,23,9,0,0,192
FA_0048,1,Facebook,2025-01-23,11:35:04,Text,We are excited to announce our newest breakthrough in Python Automation. Check out the link below! #Leadership #TechTrends,#Leadership #TechTrends,2272,3882,164.0,22,14,0,0,74
FA_0049,1,Facebook,2025-03-21,02:43:27,Link,Case study alert: How we boosted results by 350% using Brand Strategy. #StartupLife #AI #GrowthHacking #Coding,#StartupLife #AI #GrowthHacking #Coding,1039,1665,68.0,15,1,0,0,13
FA_0050,1,Facebook,02-16-2025,15:48:01,Image,Discover how Executive Leadership is transforming the industry! What are your thoughts? #MachineLearning #DigitalMarketing,#MachineLearning #DigitalMarketing,4409,5755,187.0,14,16,0,0,168
FA_0051,1,Facebook,2025-07-15,22:33:46,Text,Behind the scenes at our team workshop on User Experience. Innovation starts here! #DataAnalytics #Leadership,#DataAnalytics #Leadership,2520,4357,120.0,12,10,0,0,34
FA_0052,1,Facebook,2025-08-06,09:06:20,Link,Mastering Content Marketing in under 10 minutes. Read our full step-by-step guide now! #Productivity #Leadership #AI #DataAnalytics,#Productivity #Leadership #AI #DataAnalytics,1666,2990,62.0,15,6,0,0,39
FA_0053,1,Facebook,2025-01-26,22:04:42,Link,Sunday motivation: Start your week with a fresh mindset on Content Marketing. #DataAnalytics #StartupLife #Coding,#DataAnalytics #StartupLife #Coding,2106,3448,128.0,9,4,0,0,87
FA_0054,1,Facebook,2025-07-06,04:47:04,Link,Quick question for our community: How do you handle Brand Strategy in your daily workflow? #MarketingStrategy #DataAnalytics #Coding #SocialMedia2025,#MarketingStrategy #DataAnalytics #Coding #SocialMedia2025,2489,4184,88.0,18,7,0,0,125
FA_0055,1,Facebook,2025-02-08,05:07:29,Video,Discover how Python Automation is transforming the industry! What are your thoughts? #AI #DesignThinking #BusinessTips,#AI #DesignThinking #BusinessTips,1901,2581,123.0,12,8,0,1367,54
FA_0056,1,Facebook,15/10/2025,11:56:32,Video,Mastering AI Workflow in under 10 minutes. Read our full step-by-step guide now! #Coding #MachineLearning #DigitalMarketing #StartupLife,#Coding #MachineLearning #DigitalMarketing #StartupLife,1267,1426,101.0,7,5,0,847,37
FA_0057,1,Facebook,2025-10-04,15:15:35,Video,Why Python Automation matters more than ever for modern business growth. #Productivity,#Productivity,8506,11022,522.0,48,40,0,4406,239
FA_0058,1,Facebook,2025-11-27,13:03:32,Link,Why Content Marketing matters more than ever for modern business growth. #Productivity,#Productivity,1221,1889,95.0,5,6,0,0,72
FA_0059,1,Facebook,2025-10-11,07:32:32,Video,Discover how Brand Strategy is transforming the industry! What are your thoughts? #DesignThinking #Innovation,#DesignThinking #Innovation,8870,15888,464.0,97,15,0,7390,147
FA_0060,1,Facebook,2025-01-09,06:20:38,Video,Top 5 actionable strategies for Python Automation in 2025. Save this post for later! #MachineLearning,#MachineLearning,7201,10508,191.0,28,27,0,3036,354
FA_0061,1,Facebook,01-16-2025,02:12:52,Text,Why Python Automation matters more than ever for modern business growth. #Leadership,#Leadership,621,947,14.0,1,1,0,0,23
FA_0062,1,Facebook,2025-08-21,18:24:23,Image,Unpopular opinion about AI Workflow: Most teams are doing it wrong. Here is why... #BusinessTips #Leadership,#BusinessTips #Leadership,7095,9784,452.0,50,27,0,0,161
FA_0063,1,Facebook,2025-02-16,03:06:28,Image,Sunday motivation: Start your week with a fresh mindset on Brand Strategy. #SocialMedia2025 #TechTrends,#SocialMedia2025 #TechTrends,3269,5129,145.0,32,20,0,0,101
FA_0064,1,Facebook,2025-06-09,12:48:10,Carousel,Unpopular opinion about Content Marketing: Most teams are doing it wrong. Here is why... #StartupLife #Leadership,#StartupLife #Leadership,4649,6924,125.0,13,6,0,0,146
FA_0065,1,Facebook,2025-12-12,23:23:59,Carousel,Behind the scenes at our team workshop on Customer Engagement. Innovation starts here! #MarketingStrategy,#MarketingStrategy,2722,3641,55.0,12,5,0,0,81
FA_0066,1,Facebook,2025-09-29,07:49:57,Text,Quick question for our community: How do you handle Brand Strategy in your daily workflow? #GrowthHacking #DigitalMarketing,#GrowthHacking #DigitalMarketing,2199,2549,50.0,4,5,0,0,96
FA_0067,1,Facebook,2025-08-15,15:04:47,Carousel,Sunday motivation: Start your week with a fresh mindset on AI Workflow. #BusinessTips #AI #DigitalMarketing,#BusinessTips #AI #DigitalMarketing,5043,5707,220.0,37,4,0,0,126
FA_0068,1,Facebook,2025-06-17,04:22:06,Text,Unpopular opinion about Social Media ROI: Most teams are doing it wrong. Here is why... #BusinessTips #SocialMedia2025,#BusinessTips #SocialMedia2025,3060,5092,74.0,16,1,0,0,33
FA_0069,1,Facebook,2025-10-21,14:43:28,Text,Discover how Customer Engagement is transforming the industry! What are your thoughts? #BusinessTips,#BusinessTips,1426,2514,67.0,12,4,0,0,45
FA_0070,1,Facebook,10/02/2025,14:24:33,Link,Case study alert: How we boosted results by 350% using Content Marketing. #DesignThinking #MarketingStrategy #AI,#DesignThinking #MarketingStrategy #AI,2425,2996,161.0,19,23,0,0,102
FA_0071,1,Facebook,2025-03-30,21:55:57,Image,Why Social Media ROI matters more than ever for modern business growth. #Leadership #DesignThinking #Innovation #Productivity,#Leadership #DesignThinking #Innovation #Productivity,7508,11638,594.0,68,86,0,0,193
FA_0072,1,Facebook,2025-05-21,21:31:58,Carousel,Discover how AI Workflow is transforming the industry! What are your thoughts? #Leadership #Coding #TechTrends,#Leadership #Coding #TechTrends,4013,6225,315.0,21,30,0,0,117
FA_0073,1,Facebook,22/01/2025,16:22:27,Carousel,We are excited to announce our newest breakthrough in Content Marketing. Check out the link below! #Innovation #Leadership #SocialMedia2025,#Innovation #Leadership #SocialMedia2025,3639,6068,255.0,62,7,0,0,153
FA_0074,1,Facebook,2025-09-26,19:01:57,Link,Quick question for our community: How do you handle Brand Strategy in your daily workflow? #BusinessTips #Coding #DesignThinking,#BusinessTips #Coding #DesignThinking,617,951,24.0,2,2,0,0,18
FA_0075,1,Facebook,2025-11-05,05:28:29,Carousel,Mastering Social Media ROI in under 10 minutes. Read our full step-by-step guide now! #DigitalMarketing #StartupLife #MachineLearning,#DigitalMarketing #StartupLife #MachineLearning,5313,6159,284.0,50,17,0,0,87
FA_0076,1,Facebook,2025-09-27,03:24:09,Text,We are excited to announce our newest breakthrough in Cloud Scale. Check out the link below! #TechTrends #GrowthHacking #DigitalMarketing,#TechTrends #GrowthHacking #DigitalMarketing,1467,2400,46.0,11,1,0,0,36
FA_0077,1,Facebook,2025-09-27,01:22:27,Carousel,Sunday motivation: Start your week with a fresh mindset on Social Media ROI. #MarketingStrategy #Coding #Productivity #MachineLearning,#MarketingStrategy #Coding #Productivity #MachineLearning,1792,2520,80.0,14,4,0,0,57
FA_0078,1,Facebook,2025-10-01,08:42:28,Text,Why Content Marketing matters more than ever for modern business growth. #StartupLife #Innovation #Leadership,#StartupLife #Innovation #Leadership,2881,4183,129.0,10,5,0,0,115
FA_0079,1,Facebook,07-10-2025,20:11:24,Carousel,Behind the scenes at our team workshop on AI Workflow. Innovation starts here! #AI #DesignThinking #MarketingStrategy,#AI #DesignThinking #MarketingStrategy,6294,10584,160.0,37,20,0,0,341
FA_0080,1,Facebook,2025-07-11,08:35:03,Image,Top 5 actionable strategies for Brand Strategy in 2025. Save this post for later! #TechTrends #GrowthHacking,#TechTrends #GrowthHacking,3698,6116,104.0,11,13,0,0,165
FA_0081,1,Facebook,2025-01-03,02:53:04,Video,Behind the scenes at our team workshop on Social Media ROI. Innovation starts here! #AI #DesignThinking #DigitalMarketing #DataAnalytics,#AI #DesignThinking #DigitalMarketing #DataAnalytics,2831,4380,162.0,10,20,0,1839,104
FA_0082,1,Facebook,2025-05-30,15:37:41,Link,Case study alert: How we boosted results by 350% using Content Marketing. #MarketingStrategy #StartupLife #Productivity #AI,#MarketingStrategy #StartupLife #Productivity #AI,434,637,21.0,5,1,0,0,12
FA_0083,1,Facebook,2025-05-10,00:35:28,Image,Top 5 actionable strategies for Brand Strategy in 2025. Save this post for later! #MachineLearning #StartupLife,#MachineLearning #StartupLife,4113,5481,93.0,14,11,0,0,77
FA_0084,1,Facebook,2025-11-20,06:38:11,Image,Unpopular opinion about Executive Leadership: Most teams are doing it wrong. Here is why... #DigitalMarketing,#DigitalMarketing,1509,1704,114.0,17,16,0,0,56
FA_0085,1,Facebook,02/07/2025,01:44:25,Link,Quick question for our community: How do you handle Customer Engagement in your daily workflow? #DesignThinking,#DesignThinking,1242,1748,96.0,11,4,0,0,55
FA_0086,1,Facebook,2025-02-12,15:27:20,Carousel,Quick question for our community: How do you handle Social Media ROI in your daily workflow? #GrowthHacking #AI #Productivity,#GrowthHacking #AI #Productivity,2706,4118,123.0,23,8,0,0,32
FA_0087,1,Facebook,05-21-2025,23:16:56,Image,We are excited to announce our newest breakthrough in AI Workflow. Check out the link below! #GrowthHacking #SocialMedia2025 #DesignThinking #MachineLearning,#GrowthHacking #SocialMedia2025 #DesignThinking #MachineLearning,1233,1880,82.0,4,2,0,0,60
FA_0088,1,Facebook,2025-11-06,05:35:11,Link,Case study alert: How we boosted results by 350% using Brand Strategy. #DesignThinking #AI #Innovation #MarketingStrategy,#DesignThinking #AI #Innovation #MarketingStrategy,1033,1337,80.0,4,3,0,0,37
FA_0089,1,Facebook,2025-12-27,16:14:53,Carousel,Why Customer Engagement matters more than ever for modern business growth. #DataAnalytics #AI #MarketingStrategy #Productivity,#DataAnalytics #AI #MarketingStrategy #Productivity,5342,9605,366.0,89,54,0,0,231
FA_0090,1,Facebook,2025-06-03,05:44:04,Video,We are excited to announce our newest breakthrough in Brand Strategy. Check out the link below! #AI #DataAnalytics,#AI #DataAnalytics,4901,6629,266.0,38,39,0,2278,265
FA_0091,1,Facebook,2025-09-03,19:08:23,Text,Quick question for our community: How do you handle User Experience in your daily workflow? #MarketingStrategy,#MarketingStrategy,2827,4455,114.0,25,13,0,0,118
FA_0092,1,Facebook,2025-01-29,04:31:14,Link,Unpopular opinion about Social Media ROI: Most teams are doing it wrong. Here is why... #GrowthHacking #MachineLearning,#GrowthHacking #MachineLearning,2556,4412,180.0,18,18,0,0,95
FA_0093,1,Facebook,2025-09-15,23:20:15,Carousel,Sunday motivation: Start your week with a fresh mindset on Social Media ROI. #StartupLife #Innovation,#StartupLife #Innovation,6707,7571,481.0,31,68,0,0,325
FA_0094,1,Facebook,2025-11-13,23:15:53,Carousel,Mastering Customer Engagement in under 10 minutes. Read our full step-by-step guide now! #Leadership #DataAnalytics #DesignThinking,#Leadership #DataAnalytics #DesignThinking,1192,1361,55.0,8,2,0,0,48
FA_0095,1,Facebook,2025-06-26,14:31:00,Link,Unpopular opinion about Cloud Scale: Most teams are doing it wrong. Here is why... #GrowthHacking,#GrowthHacking,1431,1822,36.0,3,2,0,0,58
FA_0096,1,Facebook,2025-06-17,21:01:58,Video,Why Social Media ROI matters more than ever for modern business growth. #SocialMedia2025 #Leadership #Productivity #DigitalMarketing,#SocialMedia2025 #Leadership #Productivity #DigitalMarketing,13309,19348,1038.0,96,68,0,5659,462
FA_0097,1,Facebook,2025-10-02,00:17:51,Text,Mastering Social Media ROI in under 10 minutes. Read our full step-by-step guide now! #MachineLearning #GrowthHacking #DesignThinking,#MachineLearning #GrowthHacking #DesignThinking,1657,2484,52.0,8,1,0,0,58
FA_0098,1,Facebook,2025-12-15,22:14:50,Image,Quick question for our community: How do you handle Python Automation in your daily workflow? #DesignThinking #GrowthHacking #SocialMedia2025,#DesignThinking #GrowthHacking #SocialMedia2025,1507,2194,75.0,4,2,0,0,40
FA_0099,1,Facebook,2025-09-21,05:05:21,Carousel,Behind the scenes at our team workshop on Brand Strategy. Innovation starts here! #BusinessTips #Innovation,#BusinessTips #Innovation,4007,5837,197.0,32,16,0,0,43
FA_0100,1,Facebook,2025-06-07,22:54:38,Text,Sunday motivation: Start your week with a fresh mindset on Customer Engagement. #MachineLearning #TechTrends,#MachineLearning #TechTrends,2058,3302,136.0,17,17,0,0,45
FA_0101,1,Facebook,2025-08-14,11:25:16,Text,Discover how Content Marketing is transforming the industry! What are your thoughts? #SocialMedia2025 #DesignThinking #Innovation #Leadership,#SocialMedia2025 #DesignThinking #Innovation #Leadership,2040,3044,162.0,23,11,0,0,117
FA_0102,1,Facebook,2025-12-13,23:25:19,Link,Behind the scenes at our team workshop on User Experience. Innovation starts here! #DataAnalytics #Coding #DigitalMarketing #SocialMedia2025,#DataAnalytics #Coding #DigitalMarketing #SocialMedia2025,2634,3446,98.0,8,10,0,0,68
FA_0103,1,Facebook,2025-05-21,10:28:41,Carousel,Behind the scenes at our team workshop on Python Automation. Innovation starts here! #Productivity #GrowthHacking #DesignThinking #MarketingStrategy,#Productivity #GrowthHacking #DesignThinking #MarketingStrategy,6910,7983,521.0,94,61,0,0,143
FA_0104,1,Facebook,2025-05-20,04:59:52,Carousel,Case study alert: How we boosted results by 350% using Content Marketing. #TechTrends #StartupLife,#TechTrends #StartupLife,2228,2607,88.0,12,9,0,0,37
FA_0105,1,Facebook,2025-12-01,17:19:10,Video,Top 5 actionable strategies for Customer Engagement in 2025. Save this post for later! #DigitalMarketing #StartupLife #TechTrends,#DigitalMarketing #StartupLife #TechTrends,2780,4495,197.0,11,27,0,1692,144
FA_0106,1,Facebook,09-11-2025,06:47:00,Link,Sunday motivation: Start your week with a fresh mindset on Data Analytics. #DigitalMarketing,#DigitalMarketing,2526,3371,119.0,21,10,0,0,137
FA_0107,1,Facebook,2025-02-27,12:02:23,Text,Quick question for our community: How do you handle Customer Engagement in your daily workflow? #TechTrends #MachineLearning,#TechTrends #MachineLearning,3421,5576,104.0,23,14,0,0,175
FA_0108,1,Facebook,2025-04-05,05:07:10,Video,Behind the scenes at our team workshop on Data Analytics. Innovation starts here! #BusinessTips #DataAnalytics #Leadership,#BusinessTips #DataAnalytics #Leadership,3345,5372,69.0,12,7,0,1441,53
FA_0109,1,Facebook,2025-12-27,11:19:20,Link,Why Brand Strategy matters more than ever for modern business growth. #DataAnalytics #MarketingStrategy,#DataAnalytics #MarketingStrategy,2086,3179,93.0,14,7,0,0,76
FA_0110,1,Facebook,2025-11-02,02:58:50,Carousel,Sunday motivation: Start your week with a fresh mindset on Brand Strategy. #Coding,#Coding,6090,10548,195.0,30,8,0,0,321
FA_0111,1,Facebook,08/09/2025,03:18:39,Text,Sunday motivation: Start your week with a fresh mindset on Data Analytics. #MarketingStrategy #SocialMedia2025 #BusinessTips #Leadership,#MarketingStrategy #SocialMedia2025 #BusinessTips #Leadership,1858,3093,117.0,15,14,0,0,87
FA_0112,1,Facebook,02-02-2025,19:42:11,Image,Mastering Executive Leadership in under 10 minutes. Read our full step-by-step guide now! #DigitalMarketing,#DigitalMarketing,1863,2885,118.0,28,8,0,0,101
FA_0113,1,Facebook,2025-02-11,19:38:07,Link,Case study alert: How we boosted results by 350% using AI Workflow. #SocialMedia2025 #BusinessTips,#SocialMedia2025 #BusinessTips,4119,6937,269.0,66,21,0,0,189
FA_0114,1,Facebook,2025-08-24,12:36:11,Video,Mastering AI Workflow in under 10 minutes. Read our full step-by-step guide now! #DesignThinking,#DesignThinking,13196,22727,454.0,28,44,0,8224,575
FA_0115,1,Facebook,2025-08-13,08:31:55,Image,Sunday motivation: Start your week with a fresh mindset on Social Media ROI. #DataAnalytics #Productivity #MachineLearning,#DataAnalytics #Productivity #MachineLearning,3445,5411,135.0,14,5,0,0,148
FA_0116,1,Facebook,2025-10-30,06:22:35,Text,Mastering Cloud Scale in under 10 minutes. Read our full step-by-step guide now! #TechTrends #GrowthHacking #StartupLife #DesignThinking,#TechTrends #GrowthHacking #StartupLife #DesignThinking,1392,1936,40.0,5,4,0,0,46
FA_0117,1,Facebook,2025-08-26,02:05:52,Text,Behind the scenes at our team workshop on Cloud Scale. Innovation starts here! #BusinessTips #DataAnalytics,#BusinessTips #DataAnalytics,2455,4285,173.0,11,19,0,0,47
FA_0118,1,Facebook,2025-02-07,06:51:02,Carousel,Quick question for our community: How do you handle Cloud Scale in your daily workflow? #Leadership #DataAnalytics,#Leadership #DataAnalytics,6610,8251,207.0,41,24,0,0,315
FA_0119,1,Facebook,2025-07-23,08:42:49,Link,Behind the scenes at our team workshop on Python Automation. Innovation starts here! #SocialMedia2025 #StartupLife #GrowthHacking #DigitalMarketing,#SocialMedia2025 #StartupLife #GrowthHacking #DigitalMarketing,2415,3444,164.0,31,19,0,0,62
FA_0120,1,Facebook,2025-04-24,05:18:46,Carousel,Unpopular opinion about User Experience: Most teams are doing it wrong. Here is why... #DigitalMarketing #MarketingStrategy #DataAnalytics #GrowthHacking,#DigitalMarketing #MarketingStrategy #DataAnalytics #GrowthHacking,6120,8871,362.0,67,19,0,0,312
FA_0121,1,Facebook,2025-03-28,12:49:20,Carousel,Discover how Executive Leadership is transforming the industry! What are your thoughts? #Coding #SocialMedia2025,#Coding #SocialMedia2025,9577,11033,661.0,39,13,0,0,161
FA_0122,1,Facebook,2025-04-22,18:24:47,Image,Case study alert: How we boosted results by 350% using User Experience. #StartupLife #Leadership #TechTrends #DesignThinking,#StartupLife #Leadership #TechTrends #DesignThinking,929,1366,33.0,8,0,0,0,47
FA_0123,1,Facebook,2025-02-24,03:30:24,Video,Mastering Content Marketing in under 10 minutes. Read our full step-by-step guide now! #Productivity #GrowthHacking #DigitalMarketing,#Productivity #GrowthHacking #DigitalMarketing,8670,12322,299.0,56,17,0,7057,121
FA_0124,1,Facebook,2025-07-27,13:48:30,Text,We are excited to announce our newest breakthrough in Data Analytics. Check out the link below! #MachineLearning,#MachineLearning,4820,7477,192.0,47,28,0,0,263
FA_0125,1,Facebook,2025-12-21,20:38:09,Image,Discover how AI Workflow is transforming the industry! What are your thoughts? #Coding #SocialMedia2025 #Innovation,#Coding #SocialMedia2025 #Innovation,7269,8075,235.0,18,29,0,0,371
FA_0126,1,Facebook,2025-10-18,14:10:07,Carousel,Top 5 actionable strategies for Brand Strategy in 2025. Save this post for later! #DesignThinking #MachineLearning #MarketingStrategy #Productivity,#DesignThinking #MachineLearning #MarketingStrategy #Productivity,10941,12446,505.0,109,32,0,0,530
FA_0127,1,Facebook,2025-01-16,23:05:15,Text,Mastering Executive Leadership in under 10 minutes. Read our full step-by-step guide now! #GrowthHacking #SocialMedia2025,#GrowthHacking #SocialMedia2025,2562,4003,64.0,11,7,0,0,116
FA_0128,1,Facebook,2025-11-21,05:37:01,Link,Discover how Brand Strategy is transforming the industry! What are your thoughts? #AI,#AI,1350,2204,35.0,2,2,0,0,51
FA_0129,1,Facebook,2025-10-11,03:23:18,Link,Mastering Python Automation in under 10 minutes. Read our full step-by-step guide now! #DigitalMarketing,#DigitalMarketing,475,822,35.0,8,3,0,0,8
FA_0130,1,Facebook,2025-09-10,05:18:47,Text,Quick question for our community: How do you handle Customer Engagement in your daily workflow? #DigitalMarketing #Leadership #DesignThinking #AI,#DigitalMarketing #Leadership #DesignThinking #AI,1158,1780,64.0,5,2,0,0,29
FA_0131,1,Facebook,2025-06-18,16:01:40,Carousel,Unpopular opinion about Social Media ROI: Most teams are doing it wrong. Here is why... #GrowthHacking #Innovation #MachineLearning,#GrowthHacking #Innovation #MachineLearning,1871,2579,73.0,14,7,0,0,109
FA_0132,1,Facebook,2025-07-21,13:17:23,Carousel,Case study alert: How we boosted results by 350% using Content Marketing. #StartupLife #DesignThinking,#StartupLife #DesignThinking,8450,14872,275.0,57,35,0,0,113
FA_0133,1,Facebook,2025-03-13,23:03:32,Link,Sunday motivation: Start your week with a fresh mindset on Social Media ROI. #DesignThinking #BusinessTips #AI #Leadership,#DesignThinking #BusinessTips #AI #Leadership,1243,1808,93.0,17,8,0,0,61
FA_0134,1,Facebook,2025-11-23,03:05:38,Video,Discover how Brand Strategy is transforming the industry! What are your thoughts? #StartupLife #Innovation,#StartupLife #Innovation,6124,9508,477.0,55,58,0,2774,91
FA_0135,1,Facebook,2025-12-19,20:56:37,Link,Case study alert: How we boosted results by 350% using Python Automation. #DesignThinking #StartupLife #Innovation #MachineLearning,#DesignThinking #StartupLife #Innovation #MachineLearning,4191,6026,158.0,36,4,0,0,216
FA_0136,1,Facebook,2025-04-16,18:58:23,Text,Top 5 actionable strategies for AI Workflow in 2025. Save this post for later! #MachineLearning #Coding #Leadership #GrowthHacking,#MachineLearning #Coding #Leadership #GrowthHacking,4643,5481,329.0,59,35,0,0,84
FA_0137,1,Facebook,2025-03-23,12:03:03,Text,Mastering Content Marketing in under 10 minutes. Read our full step-by-step guide now! #StartupLife #MarketingStrategy #Productivity #Coding,#StartupLife #MarketingStrategy #Productivity #Coding,4276,7346,200.0,27,4,0,0,88
FA_0138,1,Facebook,2025-10-23,03:42:16,Carousel,Top 5 actionable strategies for Social Media ROI in 2025. Save this post for later! #GrowthHacking #DataAnalytics #Leadership,#GrowthHacking #DataAnalytics #Leadership,6309,9270,368.0,62,36,0,0,248
FA_0139,1,Facebook,11/12/2025,10:49:46,Carousel,Unpopular opinion about AI Workflow: Most teams are doing it wrong. Here is why... #GrowthHacking #AI,#GrowthHacking #AI,1906,3021,96.0,12,3,0,0,55
FA_0140,1,Facebook,2025-11-27,06:18:26,Text,Why Customer Engagement matters more than ever for modern business growth. #MarketingStrategy #GrowthHacking,#MarketingStrategy #GrowthHacking,3164,5588,155.0,13,10,0,0,120
FA_0141,1,Facebook,2025-12-30,16:09:36,Image,Unpopular opinion about User Experience: Most teams are doing it wrong. Here is why... #DesignThinking,#DesignThinking,1875,2768,56.0,7,6,0,0,90
FA_0142,1,Facebook,2025-10-06,13:21:25,Image,Unpopular opinion about Executive Leadership: Most teams are doing it wrong. Here is why... #BusinessTips #AI,#BusinessTips #AI,8394,11875,343.0,73,26,0,0,501
FA_0143,1,Facebook,29/10/2025,12:45:57,Carousel,Unpopular opinion about Python Automation: Most teams are doing it wrong. Here is why... #Innovation #MarketingStrategy,#Innovation #MarketingStrategy,9238,13848,479.0,81,20,0,0,544
FA_0144,1,Facebook,2025-09-21,03:28:01,Text,We are excited to announce our newest breakthrough in Data Analytics. Check out the link below! #Productivity #StartupLife #MarketingStrategy,#Productivity #StartupLife #MarketingStrategy,2664,4475,174.0,32,14,0,0,103
FA_0145,1,Facebook,2025-11-21,03:23:22,Link,Top 5 actionable strategies for Brand Strategy in 2025. Save this post for later! #Leadership #GrowthHacking #Innovation #TechTrends,#Leadership #GrowthHacking #Innovation #TechTrends,1384,2165,57.0,3,5,0,0,28
FA_0146,1,Facebook,2025-05-26,12:17:50,Video,Discover how User Experience is transforming the industry! What are your thoughts? #DesignThinking #GrowthHacking #StartupLife #TechTrends,#DesignThinking #GrowthHacking #StartupLife #TechTrends,11277,16032,309.0,68,23,0,4514,652
FA_0147,1,Facebook,2025-11-29,10:59:26,Link,We are excited to announce our newest breakthrough in AI Workflow. Check out the link below! #DigitalMarketing #AI #GrowthHacking,#DigitalMarketing #AI #GrowthHacking,1790,2878,116.0,15,3,0,0,26
FA_0148,1,Facebook,2025-09-23,16:12:15,Link,Unpopular opinion about AI Workflow: Most teams are doing it wrong. Here is why... #MachineLearning #MarketingStrategy #Leadership #AI,#MachineLearning #MarketingStrategy #Leadership #AI,2045,2396,79.0,17,2,0,0,99
FA_0149,1,Facebook,2025-03-15,02:29:26,Image,Unpopular opinion about User Experience: Most teams are doing it wrong. Here is why... #Leadership #GrowthHacking,#Leadership #GrowthHacking,1275,1769,78.0,17,2,0,0,19
FA_0150,1,Facebook,2025-08-08,11:27:02,Video,Case study alert: How we boosted results by 350% using Customer Engagement. #DataAnalytics,#DataAnalytics,6741,8759,515.0,28,67,0,5648,136
FA_0151,1,Facebook,2025-11-27,01:59:12,Video,Sunday motivation: Start your week with a fresh mindset on Executive Leadership. #AI #DataAnalytics #Leadership #StartupLife,#AI #DataAnalytics #Leadership #StartupLife,8098,8976,337.0,38,23,0,6636,251
FA_0152,1,Facebook,2025-02-07,00:36:27,Image,Mastering Customer Engagement in under 10 minutes. Read our full step-by-step guide now! #TechTrends #Coding,#TechTrends #Coding,3594,5213,161.0,30,4,0,0,132
FA_0153,1,Facebook,09-19-2025,07:23:53,Video,Top 5 actionable strategies for Cloud Scale in 2025. Save this post for later! #BusinessTips #Innovation #StartupLife,#BusinessTips #Innovation #StartupLife,4443,7852,152.0,15,21,0,2034,180
FA_0154,1,Facebook,2025-03-31,04:20:55,Video,Case study alert: How we boosted results by 350% using Data Analytics. #Leadership #GrowthHacking,#Leadership #GrowthHacking,7562,9690,319.0,63,42,0,5796,120
FA_0155,1,Facebook,2025-09-26,02:19:31,Carousel,Why AI Workflow matters more than ever for modern business growth. #Leadership #SocialMedia2025 #GrowthHacking #TechTrends,,1801,2179,119.0,27,12,0,0,28
FA_0156,1,Facebook,2025-01-07,08:54:13,Link,Discover how Python Automation is transforming the industry! What are your thoughts? #MarketingStrategy #Productivity,#MarketingStrategy #Productivity,2490,4029,112.0,12,8,0,0,114
FA_0157,1,Facebook,2025-09-15,01:55:03,Carousel,Quick question for our community: How do you handle Data Analytics in your daily workflow? #AI #Leadership #DigitalMarketing #DesignThinking,#AI #Leadership #DigitalMarketing #DesignThinking,3679,4996,137.0,28,15,0,0,81
FA_0158,1,Facebook,2025-04-11,19:53:58,Video,Mastering Social Media ROI in under 10 minutes. Read our full step-by-step guide now! #Coding,#Coding,8223,12705,506.0,26,32,0,6409,236
FA_0159,1,Facebook,2025-05-02,15:17:06,Image,Case study alert: How we boosted results by 350% using Social Media ROI. #AI #TechTrends #DataAnalytics,#AI #TechTrends #DataAnalytics,4892,6951,317.0,52,27,0,0,204
FA_0160,1,Facebook,2025-12-06,04:45:32,Link,Quick question for our community: How do you handle Brand Strategy in your daily workflow? #MachineLearning #Productivity #Coding #GrowthHacking,#MachineLearning #Productivity #Coding #GrowthHacking,837,1473,23.0,4,0,0,0,12
FA_0161,1,Facebook,2025-07-03,07:33:35,Text,We are excited to announce our newest breakthrough in Customer Engagement. Check out the link below! #AI,#AI,1345,2142,75.0,6,9,0,0,23
FA_0162,1,Facebook,2025-01-26,10:52:49,Video,Case study alert: How we boosted results by 350% using Data Analytics. #Productivity #Leadership #SocialMedia2025 #MachineLearning,#Productivity #Leadership #SocialMedia2025 #MachineLearning,4642,7718,131.0,6,16,0,4137,76
FA_0163,1,Facebook,2025-11-27,03:03:35,Link,Unpopular opinion about AI Workflow: Most teams are doing it wrong. Here is why... #AI,#AI,1347,1603,100.0,21,6,0,0,16
FA_0164,1,Facebook,2025-07-22,18:03:48,Text,Behind the scenes at our team workshop on Social Media ROI. Innovation starts here! #DataAnalytics #MarketingStrategy #DigitalMarketing,#DataAnalytics #MarketingStrategy #DigitalMarketing,1309,2002,74.0,13,6,0,0,70
FA_0165,1,Facebook,2025-08-03,07:15:43,Carousel,Quick question for our community: How do you handle Content Marketing in your daily workflow? #BusinessTips,#BusinessTips,5783,7753,311.0,35,17,0,0,65
FA_0166,1,Facebook,2025-05-24,02:07:59,Text,We are excited to announce our newest breakthrough in Cloud Scale. Check out the link below! #DesignThinking #Innovation #DataAnalytics,#DesignThinking #Innovation #DataAnalytics,2488,3200,171.0,39,4,0,0,148
FA_0167,1,Facebook,2025-07-01,06:19:28,Carousel,Quick question for our community: How do you handle Brand Strategy in your daily workflow? #Coding #Innovation #TechTrends,#Coding #Innovation #TechTrends,4372,6532,136.0,33,18,0,0,151
FA_0168,1,Facebook,2025-04-30,21:54:21,Carousel,Sunday motivation: Start your week with a fresh mindset on Executive Leadership. #GrowthHacking,#GrowthHacking,2435,3900,182.0,39,11,0,0,27
FA_0169,1,Facebook,09-27-2025,13:17:06,Link,Behind the scenes at our team workshop on Python Automation. Innovation starts here! #GrowthHacking,#GrowthHacking,4108,6624,189.0,33,15,0,0,106
FA_0170,1,Facebook,2025-11-11,12:59:29,Carousel,We are excited to announce our newest breakthrough in Social Media ROI. Check out the link below! #DigitalMarketing #MachineLearning #Productivity #Coding,#DigitalMarketing #MachineLearning #Productivity #Coding,1138,1811,61.0,13,7,0,0,43
FA_0171,1,Facebook,2025-11-10,08:02:33,Image,Top 5 actionable strategies for Executive Leadership in 2025. Save this post for later! #GrowthHacking #MachineLearning,#GrowthHacking #MachineLearning,5314,6469,388.0,26,43,0,0,222
FA_0172,1,Facebook,2025-05-08,02:28:05,Image,Why Data Analytics matters more than ever for modern business growth. #BusinessTips,#BusinessTips,5249,9024,260.0,32,23,0,0,79
FA_0173,1,Facebook,2025-12-18,08:12:47,Image,Top 5 actionable strategies for Data Analytics in 2025. Save this post for later! #TechTrends #GrowthHacking #DigitalMarketing,#TechTrends #GrowthHacking #DigitalMarketing,1366,1861,87.0,13,11,0,0,20
FA_0174,1,Facebook,01-16-2025,15:42:14,Video,Unpopular opinion about User Experience: Most teams are doing it wrong. Here is why... #MarketingStrategy #TechTrends #AI #GrowthHacking,#MarketingStrategy #TechTrends #AI #GrowthHacking,4215,6271,318.0,50,33,0,2312,62
FA_0175,1,Facebook,2025-01-28,13:08:14,Image,We are excited to announce our newest breakthrough in Customer Engagement. Check out the link below! #DataAnalytics #AI #TechTrends #Coding,#DataAnalytics #AI #TechTrends #Coding,8226,11775,221.0,45,17,0,0,450
FA_0176,1,Facebook,2025-07-09,13:53:16,Text,Unpopular opinion about Data Analytics: Most teams are doing it wrong. Here is why... #Leadership #Coding #DigitalMarketing,#Leadership #Coding #DigitalMarketing,3403,4103,210.0,14,22,0,0,171
FA_0177,1,Facebook,2025-02-01,14:05:38,Text,Top 5 actionable strategies for Cloud Scale in 2025. Save this post for later! #Innovation #DataAnalytics #Leadership #DigitalMarketing,#Innovation #DataAnalytics #Leadership #DigitalMarketing,4863,5467,263.0,40,24,0,0,287
FA_0178,1,Facebook,2025-03-27,07:42:52,Video,We are excited to announce our newest breakthrough in Data Analytics. Check out the link below! #AI #StartupLife #BusinessTips #DataAnalytics,#AI #StartupLife #BusinessTips #DataAnalytics,2988,5191,223.0,14,15,0,1788,78
FA_0179,1,Facebook,2025-12-25,22:41:05,Text,Sunday motivation: Start your week with a fresh mindset on AI Workflow. #MarketingStrategy #Coding #Innovation #DesignThinking,#MarketingStrategy #Coding #Innovation #DesignThinking,3404,5948,183.0,12,10,0,0,125
FA_0180,1,Facebook,2025-09-06,20:49:36,Image,Sunday motivation: Start your week with a fresh mindset on Social Media ROI. #BusinessTips #MarketingStrategy #Innovation,#BusinessTips #MarketingStrategy #Innovation,3877,5338,282.0,53,7,0,0,130
FA_0181,1,Facebook,2025-06-05,11:19:16,Text,Why AI Workflow matters more than ever for modern business growth. #MarketingStrategy #DigitalMarketing,#MarketingStrategy #DigitalMarketing,1399,2252,78.0,5,6,0,0,77
FA_0182,1,Facebook,2025-07-11,02:02:47,Video,We are excited to announce our newest breakthrough in AI Workflow. Check out the link below! #MachineLearning #SocialMedia2025 #BusinessTips,#MachineLearning #SocialMedia2025 #BusinessTips,5146,7709,156.0,35,7,0,2206,59
FA_0183,1,Facebook,2025-07-08,16:54:06,Image,Sunday motivation: Start your week with a fresh mindset on Data Analytics. #GrowthHacking #Leadership,#GrowthHacking #Leadership,5208,7458,276.0,32,35,0,0,119
FA_0184,1,Facebook,26/01/2025,05:55:52,Video,Behind the scenes at our team workshop on Content Marketing. Innovation starts here! #StartupLife #DataAnalytics,#StartupLife #DataAnalytics,5057,8623,394.0,73,32,0,2357,94
FA_0185,1,Facebook,2025-06-06,23:24:05,Text,Case study alert: How we boosted results by 350% using Brand Strategy. #DigitalMarketing #DataAnalytics #Leadership #Coding,#DigitalMarketing #DataAnalytics #Leadership #Coding,1646,1928,83.0,15,10,0,0,47
FA_0186,1,Facebook,2025-02-25,17:32:22,Link,Behind the scenes at our team workshop on Brand Strategy. Innovation starts here! #DigitalMarketing #StartupLife #MachineLearning,#DigitalMarketing #StartupLife #MachineLearning,1527,1936,35.0,7,4,0,0,46
FA_0187,1,Facebook,2025-09-12,10:45:45,Text,Sunday motivation: Start your week with a fresh mindset on Python Automation. #MachineLearning #TechTrends #Innovation #Coding,#MachineLearning #TechTrends #Innovation #Coding,1471,2352,89.0,15,7,0,0,83
FA_0188,1,Facebook,2025-12-03,20:19:30,Image,Case study alert: How we boosted results by 350% using Executive Leadership. #MachineLearning #DigitalMarketing,#MachineLearning #DigitalMarketing,2223,3503,89.0,6,5,0,0,104
FA_0189,1,Facebook,2025-05-14,21:19:11,Image,Sunday motivation: Start your week with a fresh mindset on Executive Leadership. #Productivity,#Productivity,5532,7913,175.0,12,18,0,0,201
FA_0190,1,Facebook,2025-04-13,12:28:34,Carousel,We are excited to announce our newest breakthrough in Executive Leadership. Check out the link below! #GrowthHacking #Productivity,#GrowthHacking #Productivity,6034,9302,184.0,32,3,0,0,142
FA_0191,1,Facebook,2025-09-08,03:12:19,Text,,#BusinessTips #Leadership #Coding #TechTrends,2727,4813,200.0,40,17,0,0,29
FA_0192,1,Facebook,2025-06-26,11:21:46,Text,Behind the scenes at our team workshop on Cloud Scale. Innovation starts here! #MarketingStrategy #AI #TechTrends,#MarketingStrategy #AI #TechTrends,1837,2689,94.0,12,10,0,0,30
FA_0193,1,Facebook,2025-03-26,14:41:13,Video,Sunday motivation: Start your week with a fresh mindset on Social Media ROI. #MachineLearning #TechTrends,#MachineLearning #TechTrends,2951,4715,199.0,24,20,0,2318,121
FA_0194,1,Facebook,2025-01-11,01:45:22,Text,We are excited to announce our newest breakthrough in Executive Leadership. Check out the link below! #AI #SocialMedia2025 #DigitalMarketing #Leadership,#AI #SocialMedia2025 #DigitalMarketing #Leadership,2581,2855,116.0,8,10,0,0,106
FA_0195,1,Facebook,2025-09-19,22:29:22,Image,Case study alert: How we boosted results by 350% using AI Workflow. #DataAnalytics #Innovation #Coding #DigitalMarketing,#DataAnalytics #Innovation #Coding #DigitalMarketing,2279,3160,67.0,10,9,0,0,101
FA_0196,1,Facebook,2025-02-15,04:01:14,Text,Case study alert: How we boosted results by 350% using Social Media ROI. #DesignThinking,#DesignThinking,2704,4686,158.0,22,23,0,0,62
FA_0197,1,Facebook,2025-05-29,13:06:54,Link,Discover how Python Automation is transforming the industry! What are your thoughts? #AI,#AI,25708,34193,1893.0,456,103,0,0,1199
FA_0198,1,Facebook,2025-07-24,16:37:19,Text,We are excited to announce our newest breakthrough in Executive Leadership. Check out the link below! #StartupLife #DesignThinking #MarketingStrategy #AI,#StartupLife #DesignThinking #MarketingStrategy #AI,550,967,16.0,2,1,0,0,27
FA_0199,1,Facebook,2025-07-03,22:15:31,Video,Top 5 actionable strategies for Executive Leadership in 2025. Save this post for later! #AI #BusinessTips #Leadership #TechTrends,#AI #BusinessTips #Leadership #TechTrends,3445,5488,209.0,42,19,0,2351,202
FA_0200,1,Facebook,2025-12-25,22:30:33,Video,Mastering Executive Leadership in under 10 minutes. Read our full step-by-step guide now! #StartupLife #Coding #Productivity,#StartupLife #Coding #Productivity,7594,13095,431.0,22,60,0,4957,254
FA_0201,1,Facebook,2025-06-14,08:46:14,Link,Mastering Data Analytics in under 10 minutes. Read our full step-by-step guide now! #SocialMedia2025 #StartupLife,#SocialMedia2025 #StartupLife,841,1195,57.0,7,7,0,0,27
FA_0202,1,Facebook,2025-02-22,14:41:19,Carousel,Top 5 actionable strategies for Cloud Scale in 2025. Save this post for later! #Productivity,#Productivity,10828,16743,794.0,128,83,0,0,355
FA_0203,1,Facebook,2025-08-21,12:05:12,Carousel,Why User Experience matters more than ever for modern business growth. #MachineLearning #StartupLife #GrowthHacking #Coding,#MachineLearning #StartupLife #GrowthHacking #Coding,8773,11012,355.0,76,51,0,0,215
FA_0204,1,Facebook,2025-03-26,17:55:42,Text,Top 5 actionable strategies for AI Workflow in 2025. Save this post for later! #Innovation #DataAnalytics #Productivity,#Innovation #DataAnalytics #Productivity,1632,2317,109.0,21,3,0,0,50
FA_0205,1,Facebook,2025-08-19,16:39:10,Carousel,Case study alert: How we boosted results by 350% using Social Media ROI. #TechTrends #SocialMedia2025 #MachineLearning #Coding,#TechTrends #SocialMedia2025 #MachineLearning #Coding,6155,8851,310.0,72,13,0,0,239
FA_0206,1,Facebook,04/11/2025,22:04:10,Carousel,Behind the scenes at our team workshop on Python Automation. Innovation starts here! #Innovation #MachineLearning #DesignThinking #DataAnalytics,#Innovation #MachineLearning #DesignThinking #DataAnalytics,2941,3840,200.0,15,19,0,0,159
FA_0207,1,Facebook,2025-06-10,20:09:19,Video,We are excited to announce our newest breakthrough in Content Marketing. Check out the link below! #StartupLife #GrowthHacking #Coding,#StartupLife #GrowthHacking #Coding,9591,16984,481.0,90,29,0,4389,264
FA_0208,1,Facebook,2025-08-02,19:26:19,Text,Mastering Data Analytics in under 10 minutes. Read our full step-by-step guide now! #TechTrends,#TechTrends,3938,4882,256.0,21,14,0,0,88
FA_0209,1,Facebook,2025-10-05,01:10:34,Text,Case study alert: How we boosted results by 350% using AI Workflow. #MachineLearning #StartupLife,#MachineLearning #StartupLife,2015,3340,124.0,23,3,0,0,58
FA_0210,1,Facebook,2025-10-10,01:57:31,Link,Quick question for our community: How do you handle Content Marketing in your daily workflow? #Productivity #DataAnalytics #StartupLife #MachineLearning,#Productivity #DataAnalytics #StartupLife #MachineLearning,1598,2432,106.0,25,6,0,0,30
FA_0211,1,Facebook,2025-09-21,04:20:43,Text,Behind the scenes at our team workshop on Customer Engagement. Innovation starts here! #MarketingStrategy #Coding #Innovation,#MarketingStrategy #Coding #Innovation,38270,43166,2897.0,490,349,0,0,1579
FA_0212,1,Facebook,2025-10-09,13:02:14,Link,Top 5 actionable strategies for Cloud Scale in 2025. Save this post for later! #MarketingStrategy #SocialMedia2025,#MarketingStrategy #SocialMedia2025,1022,1512,45.0,5,6,0,0,44
FA_0213,1,Facebook,2025-11-13,19:18:53,Carousel,Quick question for our community: How do you handle Data Analytics in your daily workflow? #StartupLife,#StartupLife,10237,15658,586.0,141,63,0,0,266
FA_0214,1,Facebook,2025-10-04,10:17:50,Carousel,Unpopular opinion about Brand Strategy: Most teams are doing it wrong. Here is why... #Leadership #TechTrends #DigitalMarketing #StartupLife,#Leadership #TechTrends #DigitalMarketing #StartupLife,1253,1462,98.0,20,8,0,0,51
FA_0215,1,Facebook,2025-12-17,15:26:41,Video,We are excited to announce our newest breakthrough in Cloud Scale. Check out the link below! #StartupLife #Productivity #AI #MachineLearning,#StartupLife #Productivity #AI #MachineLearning,6706,7554,163.0,13,8,0,2918,342
FA_0216,1,Facebook,2025-07-27,15:45:57,Text,Sunday motivation: Start your week with a fresh mindset on AI Workflow. #StartupLife,#StartupLife,2776,3142,196.0,23,16,0,0,67
FA_0217,1,Facebook,2025-08-13,13:53:12,Image,We are excited to announce our newest breakthrough in Executive Leadership. Check out the link below! #SocialMedia2025 #DataAnalytics,#SocialMedia2025 #DataAnalytics,6863,11630,258.0,45,15,0,0,372
FA_0218,1,Facebook,06/01/2025,20:09:11,Video,Sunday motivation: Start your week with a fresh mindset on AI Workflow. #TechTrends,#TechTrends,8168,14399,312.0,62,42,0,4671,250
FA_0219,1,Facebook,2025-04-24,22:27:36,Video,Sunday motivation: Start your week with a fresh mindset on AI Workflow. #StartupLife #DesignThinking,#StartupLife #DesignThinking,7796,13663,621.0,88,56,0,4251,104
FA_0220,1,Facebook,2025-06-19,13:00:10,Video,Quick question for our community: How do you handle AI Workflow in your daily workflow? #Innovation #AI #DataAnalytics,#Innovation #AI #DataAnalytics,5537,8646,341.0,27,31,0,4450,320
FA_0221,1,Facebook,2025-12-31,23:19:55,Link,Why Social Media ROI matters more than ever for modern business growth. #Coding #Leadership #Productivity,#Coding #Leadership #Productivity,1012,1504,30.0,5,3,0,0,53
FA_0222,1,Facebook,2025-11-17,02:47:02,Image,Sunday motivation: Start your week with a fresh mindset on Cloud Scale. #Productivity,#Productivity,4278,5342,94.0,9,12,0,0,158
FA_0223,1,Facebook,2025-10-29,10:35:41,Carousel,Quick question for our community: How do you handle Cloud Scale in your daily workflow? #BusinessTips,#BusinessTips,5014,8491,342.0,59,14,0,0,179
FA_0224,1,Facebook,2025-12-04,05:19:22,Text,Why Brand Strategy matters more than ever for modern business growth. #DataAnalytics,#DataAnalytics,1216,1536,73.0,11,8,0,0,35
FA_0225,1,Facebook,2025-11-29,11:47:56,Carousel,We are excited to announce our newest breakthrough in Customer Engagement. Check out the link below! #Innovation #SocialMedia2025 #Coding,#Innovation #SocialMedia2025 #Coding,3172,4794,234.0,15,12,0,0,185
FA_0226,1,Facebook,2025-06-26,17:43:33,Carousel,Unpopular opinion about Data Analytics: Most teams are doing it wrong. Here is why... #Leadership #MarketingStrategy,#Leadership #MarketingStrategy,4889,6101,152.0,18,17,0,0,77
FA_0227,1,Facebook,2025-09-04,17:25:59,Carousel,Sunday motivation: Start your week with a fresh mindset on Social Media ROI. #TechTrends #DataAnalytics #Coding #MarketingStrategy,#TechTrends #DataAnalytics #Coding #MarketingStrategy,1593,2323,117.0,9,4,0,0,89
FA_0228,1,Facebook,23/11/2025,00:40:40,Link,Why AI Workflow matters more than ever for modern business growth. #Leadership #Innovation,#Leadership #Innovation,684,1149,38.0,7,4,0,0,13
FA_0229,1,Facebook,2025-06-25,16:30:37,Image,Unpopular opinion about Content Marketing: Most teams are doing it wrong. Here is why... #BusinessTips #MarketingStrategy #AI #TechTrends,#BusinessTips #MarketingStrategy #AI #TechTrends,4959,7830,345.0,59,14,0,0,273
FA_0230,1,Facebook,2025-03-02,03:23:34,Video,Mastering User Experience in under 10 minutes. Read our full step-by-step guide now! #Coding,#Coding,3900,4408,201.0,19,24,0,3099,113
FA_0231,1,Facebook,2025-12-23,20:58:33,Video,Sunday motivation: Start your week with a fresh mindset on Customer Engagement. #DesignThinking #DataAnalytics #AI #DigitalMarketing,#DesignThinking #DataAnalytics #AI #DigitalMarketing,6548,8069,409.0,85,38,0,3004,67
FA_0232,1,Facebook,2025-07-05,03:52:50,Carousel,Sunday motivation: Start your week with a fresh mindset on Customer Engagement. #Productivity #SocialMedia2025 #BusinessTips,#Productivity #SocialMedia2025 #BusinessTips,2505,3948,163.0,21,19,0,0,85
FA_0233,1,Facebook,2025-06-07,21:01:53,Text,Unpopular opinion about Social Media ROI: Most teams are doing it wrong. Here is why... #MachineLearning,#MachineLearning,4084,4954,134.0,17,8,0,0,153
FA_0234,1,Facebook,2025-11-22,00:11:33,Video,Quick question for our community: How do you handle Executive Leadership in your daily workflow? #AI #Coding #DigitalMarketing #DataAnalytics,#AI #Coding #DigitalMarketing #DataAnalytics,1205,1649,95.0,16,8,0,910,48
FA_0235,1,Facebook,2025-08-13,00:23:23,Carousel,Sunday motivation: Start your week with a fresh mindset on Customer Engagement. #TechTrends #DesignThinking,#TechTrends #DesignThinking,5245,8028,317.0,38,33,0,0,308
FA_0236,1,Facebook,2025-12-09,14:23:12,Video,Top 5 actionable strategies for Cloud Scale in 2025. Save this post for later! #MachineLearning,#MachineLearning,8324,13387,445.0,74,29,0,6723,177
FA_0237,1,Facebook,2025-01-03,09:30:23,Carousel,Behind the scenes at our team workshop on AI Workflow. Innovation starts here! #SocialMedia2025,#SocialMedia2025,1478,2156,52.0,8,6,0,0,33
FA_0238,1,Facebook,05-05-2025,12:22:00,Text,Top 5 actionable strategies for Executive Leadership in 2025. Save this post for later! #Leadership,#Leadership,2488,4110,82.0,15,10,0,0,76
FA_0239,1,Facebook,2025-05-15,09:02:19,Text,We are excited to announce our newest breakthrough in Brand Strategy. Check out the link below! #SocialMedia2025,#SocialMedia2025,1505,2597,54.0,12,5,0,0,83
FA_0240,1,Facebook,2025-05-16,07:31:42,Video,Top 5 actionable strategies for User Experience in 2025. Save this post for later! #MarketingStrategy #DesignThinking #AI,#MarketingStrategy #DesignThinking #AI,6374,9971,362.0,73,32,0,2684,217
FA_0241,1,Facebook,2025-10-22,10:00:09,Carousel,Discover how Customer Engagement is transforming the industry! What are your thoughts? #DataAnalytics #DesignThinking #Innovation #MarketingStrategy,#DataAnalytics #DesignThinking #Innovation #MarketingStrategy,3462,6085,76.0,9,10,0,0,168
FA_0242,1,Facebook,2025-06-11,00:18:23,Video,Quick question for our community: How do you handle Python Automation in your daily workflow? #GrowthHacking,#GrowthHacking,3003,4456,102.0,14,10,0,1750,104
FA_0243,1,Facebook,2025-07-25,10:10:51,Carousel,,#Productivity #AI,4318,7338,137.0,28,15,0,0,145
FA_0244,1,Facebook,2025-11-19,18:49:25,Link,Discover how Executive Leadership is transforming the industry! What are your thoughts? #DigitalMarketing #SocialMedia2025 #Innovation,#DigitalMarketing #SocialMedia2025 #Innovation,3030,3460,208.0,30,21,0,0,98
FA_0245,1,Facebook,2025-05-12,12:31:47,Image,Case study alert: How we boosted results by 350% using Brand Strategy. #Innovation #Coding,#Innovation #Coding,6739,9088,406.0,59,46,0,0,367
FA_0246,1,Facebook,2025-03-16,06:06:04,Link,Quick question for our community: How do you handle Python Automation in your daily workflow? #Productivity #AI #Coding #MarketingStrategy,#Productivity #AI #Coding #MarketingStrategy,1040,1356,37.0,6,2,0,0,33
FA_0247,1,Facebook,2025-08-19,15:04:22,Image,Top 5 actionable strategies for Social Media ROI in 2025. Save this post for later! #StartupLife #DigitalMarketing,#StartupLife #DigitalMarketing,2469,2881,188.0,27,5,0,0,119
FA_0248,1,Facebook,2025-11-13,05:39:12,Text,Behind the scenes at our team workshop on Customer Engagement. Innovation starts here! #DataAnalytics #MachineLearning,#DataAnalytics #MachineLearning,769,1129,23.0,1,1,0,0,42
FA_0249,1,Facebook,2025-05-20,19:58:18,Carousel,Mastering Social Media ROI in under 10 minutes. Read our full step-by-step guide now! #StartupLife #MachineLearning #Coding #Innovation,#StartupLife #MachineLearning #Coding #Innovation,7566,9962,308.0,48,38,0,0,242
FA_0250,1,Facebook,2025-01-01,19:03:12,Video,Why Brand Strategy matters more than ever for modern business growth. #Leadership #SocialMedia2025 #TechTrends,#Leadership #SocialMedia2025 #TechTrends,7411,8199,339.0,36,16,0,2991,212
FA_0251,1,Facebook,2025-03-25,23:31:11,Text,Unpopular opinion about Content Marketing: Most teams are doing it wrong. Here is why... #AI #BusinessTips #StartupLife,#AI #BusinessTips #StartupLife,2951,4512,181.0,18,18,0,0,107
FA_0252,1,Facebook,2025-03-11,10:32:37,Text,Unpopular opinion about User Experience: Most teams are doing it wrong. Here is why... #DigitalMarketing #MachineLearning #Innovation #Leadership,,852,1515,18.0,4,1,0,0,13
FA_0253,1,Facebook,2025-01-08,17:58:14,Text,Quick question for our community: How do you handle Customer Engagement in your daily workflow? #GrowthHacking #Leadership #MachineLearning #TechTrends,#GrowthHacking #Leadership #MachineLearning #TechTrends,2791,3355,100.0,12,9,0,0,53
FA_0254,1,Facebook,01-07-2025,04:26:25,Video,Why Python Automation matters more than ever for modern business growth. #DataAnalytics #MachineLearning #TechTrends #Coding,#DataAnalytics #MachineLearning #TechTrends #Coding,1661,2601,53.0,6,7,0,1441,29
FA_0255,1,Facebook,2025-03-04,09:13:22,Link,Unpopular opinion about Content Marketing: Most teams are doing it wrong. Here is why... #Coding #TechTrends #StartupLife,#Coding #TechTrends #StartupLife,843,1183,17.0,3,1,0,0,25
FA_0256,1,Facebook,2025-12-20,17:18:14,Video,We are excited to announce our newest breakthrough in Brand Strategy. Check out the link below! #DataAnalytics,#DataAnalytics,6456,8630,504.0,101,14,0,3730,114
FA_0257,1,Facebook,2025-06-12,20:19:44,Link,Mastering Executive Leadership in under 10 minutes. Read our full step-by-step guide now! #TechTrends #MachineLearning,#TechTrends #MachineLearning,929,1606,45.0,6,2,0,0,41
FA_0258,1,Facebook,28/08/2025,10:01:27,Carousel,We are excited to announce our newest breakthrough in Cloud Scale. Check out the link below! #AI #SocialMedia2025,#AI #SocialMedia2025,6029,8917,284.0,58,24,0,0,281
FA_0259,1,Facebook,2025-11-14,08:41:38,Image,Case study alert: How we boosted results by 350% using Cloud Scale. #DataAnalytics #SocialMedia2025 #StartupLife #Leadership,#DataAnalytics #SocialMedia2025 #StartupLife #Leadership,1916,2657,75.0,5,7,0,0,23
FA_0260,1,Facebook,2025-02-24,17:40:18,Image,Sunday motivation: Start your week with a fresh mindset on User Experience. #StartupLife #Leadership #SocialMedia2025 #Innovation,#StartupLife #Leadership #SocialMedia2025 #Innovation,2320,3536,56.0,13,2,0,0,80
FA_0261,1,Facebook,2025-02-01,13:08:27,Text,Sunday motivation: Start your week with a fresh mindset on Brand Strategy. #Productivity,#Productivity,764,878,29.0,6,4,0,0,11
FA_0262,1,Facebook,2025-09-27,23:54:58,Video,Sunday motivation: Start your week with a fresh mindset on Cloud Scale. #MachineLearning #AI #DesignThinking #StartupLife,#MachineLearning #AI #DesignThinking #StartupLife,4615,7225,336.0,28,14,0,2772,124
FA_0263,1,Facebook,2025-06-30,11:28:27,Link,Quick question for our community: How do you handle Brand Strategy in your daily workflow? #DesignThinking #StartupLife #BusinessTips #MachineLearning,#DesignThinking #StartupLife #BusinessTips #MachineLearning,1638,2047,108.0,25,5,0,0,95
FA_0264,1,Facebook,2025-05-26,21:41:27,Video,Unpopular opinion about Customer Engagement: Most teams are doing it wrong. Here is why... #DigitalMarketing,#DigitalMarketing,5367,8802,411.0,88,57,0,3518,206
FA_0265,1,Facebook,2025-03-21,05:02:21,Carousel,Behind the scenes at our team workshop on Content Marketing. Innovation starts here! #DigitalMarketing #DesignThinking,#DigitalMarketing #DesignThinking,3310,5767,212.0,41,26,0,0,61
FA_0266,1,Facebook,2025-02-18,21:40:18,Image,Quick question for our community: How do you handle User Experience in your daily workflow? #AI #DesignThinking #TechTrends #GrowthHacking,#AI #DesignThinking #TechTrends #GrowthHacking,4123,7220,112.0,22,13,0,0,216
FA_0267,1,Facebook,2025-01-28,11:05:48,Link,Unpopular opinion about Cloud Scale: Most teams are doing it wrong. Here is why... #GrowthHacking #SocialMedia2025,#GrowthHacking #SocialMedia2025,1906,3427,149.0,29,14,0,0,27
FA_0268,1,Facebook,2025-06-22,03:00:19,Image,Mastering Cloud Scale in under 10 minutes. Read our full step-by-step guide now! #DigitalMarketing #AI #BusinessTips #SocialMedia2025,#DigitalMarketing #AI #BusinessTips #SocialMedia2025,1173,1401,62.0,9,6,0,0,23
FA_0269,1,Facebook,2025-02-06,09:41:38,Link,Mastering User Experience in under 10 minutes. Read our full step-by-step guide now! #AI,#AI,1116,1478,62.0,3,3,0,0,66
FA_0270,1,Facebook,2025-03-16,16:02:12,Video,Top 5 actionable strategies for Content Marketing in 2025. Save this post for later! #MarketingStrategy #DesignThinking #MachineLearning,#MarketingStrategy #DesignThinking #MachineLearning,1341,2365,101.0,22,12,0,545,59
FA_0271,1,Facebook,2025-04-18,19:35:17,Carousel,We are excited to announce our newest breakthrough in Cloud Scale. Check out the link below! #SocialMedia2025 #Leadership #Innovation,#SocialMedia2025 #Leadership #Innovation,7856,10712,584.0,90,31,0,0,102
FA_0272,1,Facebook,08-27-2025,23:50:20,Image,Quick question for our community: How do you handle Python Automation in your daily workflow? #StartupLife #Productivity #Coding,#StartupLife #Productivity #Coding,632,1078,37.0,3,2,0,0,37
FA_0273,1,Facebook,2025-09-30,03:12:17,Carousel,Unpopular opinion about Executive Leadership: Most teams are doing it wrong. Here is why... #TechTrends,#TechTrends,2695,3888,174.0,9,18,0,0,74
FA_0274,1,Facebook,2025-05-22,02:15:27,Text,Mastering Data Analytics in under 10 minutes. Read our full step-by-step guide now! #DataAnalytics #MarketingStrategy #GrowthHacking,#DataAnalytics #MarketingStrategy #GrowthHacking,644,880,49.0,8,4,0,0,13
FA_0275,1,Facebook,2025-11-06,11:59:20,Video,Unpopular opinion about Content Marketing: Most teams are doing it wrong. Here is why... #Innovation #SocialMedia2025,#Innovation #SocialMedia2025,3402,5421,174.0,13,26,0,3020,58
FA_0276,1,Facebook,10-13-2025,19:24:16,Image,Discover how Social Media ROI is transforming the industry! What are your thoughts? #Productivity #MarketingStrategy #MachineLearning,#Productivity #MarketingStrategy #MachineLearning,7493,10413,334.0,46,47,0,0,409
FA_0277,1,Facebook,2025-02-24,04:47:21,Carousel,Unpopular opinion about User Experience: Most teams are doing it wrong. Here is why... #Innovation #Coding #Productivity,#Innovation #Coding #Productivity,2216,2478,54.0,11,2,0,0,115
FA_0278,1,Facebook,2025-07-18,17:53:34,Video,Discover how Content Marketing is transforming the industry! What are your thoughts? #TechTrends #BusinessTips,#TechTrends #BusinessTips,8596,10794,518.0,46,24,0,4199,496
FA_0279,1,Facebook,2025-08-23,08:59:06,Image,Sunday motivation: Start your week with a fresh mindset on User Experience. #MachineLearning #GrowthHacking #BusinessTips #Innovation,#MachineLearning #GrowthHacking #BusinessTips #Innovation,3092,5296,207.0,31,16,0,0,158
FA_0280,1,Facebook,2025-07-22,01:25:44,Carousel,Mastering Data Analytics in under 10 minutes. Read our full step-by-step guide now! #DigitalMarketing #Leadership,#DigitalMarketing #Leadership,5733,7453,171.0,18,23,0,0,255
FA_0281,1,Facebook,2025-02-16,18:13:42,Carousel,Quick question for our community: How do you handle Cloud Scale in your daily workflow? #BusinessTips #Coding,#BusinessTips #Coding,2923,4423,183.0,16,14,0,0,65
FA_0282,1,Facebook,2025-03-05,03:19:12,Text,Mastering Brand Strategy in under 10 minutes. Read our full step-by-step guide now! #SocialMedia2025,#SocialMedia2025,3519,5378,104.0,16,2,0,0,65
FA_0283,1,Facebook,2025-03-25,05:15:53,Image,Why Python Automation matters more than ever for modern business growth. #DigitalMarketing #MachineLearning #DesignThinking,#DigitalMarketing #MachineLearning #DesignThinking,1418,2451,110.0,5,13,0,0,15
FA_0284,1,Facebook,2025-11-08,17:57:59,Carousel,Sunday motivation: Start your week with a fresh mindset on Executive Leadership. #BusinessTips #Leadership #AI #Innovation,#BusinessTips #Leadership #AI #Innovation,35752,55059,2474.0,226,108,0,0,455
FA_0285,1,Facebook,2025-10-23,21:57:53,Image,We are excited to announce our newest breakthrough in Data Analytics. Check out the link below! #BusinessTips,#BusinessTips,2989,4670,185.0,30,17,0,0,174
FA_0286,1,Facebook,2025-06-03,11:45:12,Text,Why AI Workflow matters more than ever for modern business growth. #Productivity #SocialMedia2025 #AI #DigitalMarketing,#Productivity #SocialMedia2025 #AI #DigitalMarketing,2610,3372,134.0,20,14,0,0,105
FA_0287,1,Facebook,2025-02-14,17:36:34,Carousel,Case study alert: How we boosted results by 350% using Customer Engagement. #Innovation #Productivity #GrowthHacking #DigitalMarketing,#Innovation #Productivity #GrowthHacking #DigitalMarketing,4758,8321,270.0,40,30,0,0,165
FA_0288,1,Facebook,2025-05-29,07:02:49,Image,Unpopular opinion about Executive Leadership: Most teams are doing it wrong. Here is why... #MachineLearning,#MachineLearning,5395,7498,215.0,34,22,0,0,56
FA_0289,1,Facebook,2025-06-07,10:55:58,Link,Quick question for our community: How do you handle Data Analytics in your daily workflow? #StartupLife,#StartupLife,2030,3108,44.0,3,2,0,0,54
FA_0290,1,Facebook,2025-11-27,04:56:33,Text,Discover how Cloud Scale is transforming the industry! What are your thoughts? #Leadership #DesignThinking #BusinessTips,#Leadership #DesignThinking #BusinessTips,1329,2136,51.0,8,2,0,0,58
FA_0291,1,Facebook,2025-03-18,10:12:40,Link,Mastering Python Automation in under 10 minutes. Read our full step-by-step guide now! #Innovation #Coding,#Innovation #Coding,553,911,21.0,4,2,0,0,13
FA_0292,1,Facebook,2025-06-04,07:52:09,Video,Unpopular opinion about AI Workflow: Most teams are doing it wrong. Here is why... #DesignThinking #TechTrends #Coding,#DesignThinking #TechTrends #Coding,4494,5021,220.0,33,9,0,3873,209
FA_0293,1,Facebook,2025-02-20,18:47:32,Video,Mastering Content Marketing in under 10 minutes. Read our full step-by-step guide now! #Leadership,#Leadership,7981,8802,606.0,113,58,0,3539,266
FA_0294,1,Facebook,2025-06-09,00:49:06,Link,Behind the scenes at our team workshop on Content Marketing. Innovation starts here! #DataAnalytics #Coding #DigitalMarketing,#DataAnalytics #Coding #DigitalMarketing,2147,3370,78.0,6,2,0,0,124
FA_0295,1,Facebook,2025-10-09,11:35:44,Link,Behind the scenes at our team workshop on User Experience. Innovation starts here! #MarketingStrategy #AI,#MarketingStrategy #AI,1093,1541,30.0,4,3,0,0,16
FA_0296,1,Facebook,2025-11-02,21:34:53,Text,Case study alert: How we boosted results by 350% using User Experience. #DigitalMarketing #GrowthHacking #DataAnalytics,#DigitalMarketing #GrowthHacking #DataAnalytics,5210,8518,281.0,19,34,0,0,234
FA_0297,1,Facebook,2025-08-27,17:07:55,Video,We are excited to announce our newest breakthrough in Social Media ROI. Check out the link below! #Coding #GrowthHacking #BusinessTips,#Coding #GrowthHacking #BusinessTips,6287,10387,458.0,64,10,0,4009,173
FA_0298,1,Facebook,2025-11-06,20:55:24,Image,Case study alert: How we boosted results by 350% using Python Automation. #GrowthHacking,#GrowthHacking,6830,10060,300.0,39,30,0,0,255
FA_0299,1,Facebook,2025-12-22,21:30:59,Text,We are excited to announce our newest breakthrough in User Experience. Check out the link below! #SocialMedia2025 #MachineLearning #DataAnalytics,#SocialMedia2025 #MachineLearning #DataAnalytics,952,1667,51.0,7,4,0,0,31
FA_0300,1,Facebook,2025-07-27,02:32:03,Carousel,Discover how Python Automation is transforming the industry! What are your thoughts? #Leadership #StartupLife #Productivity,#Leadership #StartupLife #Productivity,6014,10350,446.0,79,8,0,0,104
FA_0301,1,Facebook,2025-10-23,16:16:50,Link,Quick question for our community: How do you handle Customer Engagement in your daily workflow? #Coding #BusinessTips #MachineLearning,#Coding #BusinessTips #MachineLearning,1686,2576,,18,11,0,0,22
FA_0302,1,Facebook,2025-10-14,13:04:46,Link,Sunday motivation: Start your week with a fresh mindset on Data Analytics. #BusinessTips #MachineLearning,#BusinessTips #MachineLearning,1622,2218,69.0,10,7,0,0,54
FA_0303,1,Facebook,2025-08-02,05:37:00,Video,Discover how Social Media ROI is transforming the industry! What are your thoughts? #AI,#AI,8067,12588,633.0,48,23,0,6477,427
FA_0304,1,Facebook,2025-11-16,06:32:46,Text,Mastering Cloud Scale in under 10 minutes. Read our full step-by-step guide now! #BusinessTips #GrowthHacking #DataAnalytics #MarketingStrategy,#BusinessTips #GrowthHacking #DataAnalytics #MarketingStrategy,2232,3778,76.0,11,5,0,0,83
FA_0305,1,Facebook,2025-12-27,13:25:10,Text,Case study alert: How we boosted results by 350% using AI Workflow. #MachineLearning #Coding,#MachineLearning #Coding,5517,9076,264.0,17,35,0,0,79
FA_0306,1,Facebook,2025-02-09,23:04:18,Carousel,Quick question for our community: How do you handle Customer Engagement in your daily workflow? #Coding,#Coding,789,1118,58.0,9,3,0,0,21
FA_0307,1,Facebook,2025-12-22,21:45:33,Carousel,Why Customer Engagement matters more than ever for modern business growth. #StartupLife,#StartupLife,6894,10750,258.0,50,6,0,0,236
FA_0308,1,Facebook,2025-05-10,04:49:32,Link,Top 5 actionable strategies for Customer Engagement in 2025. Save this post for later! #MachineLearning,#MachineLearning,2481,4012,147.0,18,6,0,0,121
FA_0309,1,Facebook,01-17-2025,12:28:57,Video,Mastering User Experience in under 10 minutes. Read our full step-by-step guide now! #Productivity #Leadership,#Productivity #Leadership,4398,6192,256.0,23,29,0,2518,185
FA_0310,1,Facebook,2025-07-24,17:20:20,Carousel,Behind the scenes at our team workshop on Content Marketing. Innovation starts here! #StartupLife #MachineLearning #BusinessTips #Leadership,#StartupLife #MachineLearning #BusinessTips #Leadership,6359,7047,480.0,67,51,0,0,369
FA_0311,1,Facebook,11-23-2025,12:52:56,Text,Top 5 actionable strategies for User Experience in 2025. Save this post for later! #GrowthHacking #DigitalMarketing #Productivity,#GrowthHacking #DigitalMarketing #Productivity,3504,4985,212.0,20,22,0,0,170
FA_0312,1,Facebook,2025-06-10,19:56:16,Image,Top 5 actionable strategies for AI Workflow in 2025. Save this post for later! #BusinessTips,#BusinessTips,6022,8105,382.0,38,9,0,0,246
FA_0313,1,Facebook,2025-04-22,21:49:22,Image,Sunday motivation: Start your week with a fresh mindset on AI Workflow. #BusinessTips #StartupLife,#BusinessTips #StartupLife,2236,2633,69.0,7,7,0,0,30
FA_0314,1,Facebook,2025-12-21,11:46:29,Image,Mastering Customer Engagement in under 10 minutes. Read our full step-by-step guide now! #BusinessTips,#BusinessTips,831,1469,29.0,4,2,0,0,46
FA_0315,1,Facebook,2025-03-15,19:41:01,Video,Why User Experience matters more than ever for modern business growth. #Coding,#Coding,2701,3108,146.0,14,11,0,2291,47
FA_0316,1,Facebook,2025-05-17,05:31:11,Text,Why User Experience matters more than ever for modern business growth. #SocialMedia2025,#SocialMedia2025,1668,2684,114.0,7,5,0,0,48
FA_0317,1,Facebook,2025-10-02,13:04:04,Link,Top 5 actionable strategies for Python Automation in 2025. Save this post for later! #StartupLife,#StartupLife,3645,4877,256.0,51,14,0,0,73
FA_0318,1,Facebook,03/06/2025,14:12:11,Link,Why Executive Leadership matters more than ever for modern business growth. #Coding,#Coding,948,1170,59.0,9,4,0,0,12
FA_0319,1,Facebook,2025-08-19,00:35:51,Image,Top 5 actionable strategies for Brand Strategy in 2025. Save this post for later! #BusinessTips,#BusinessTips,3717,5449,283.0,63,25,0,0,174
FA_0320,1,Facebook,2025-09-08,23:48:19,Carousel,We are excited to announce our newest breakthrough in Data Analytics. Check out the link below! #MachineLearning #StartupLife,#MachineLearning #StartupLife,81807,136987,2113.0,363,271,0,0,1079
FA_0321,1,Facebook,2025-11-12,08:01:50,Video,Mastering Python Automation in under 10 minutes. Read our full step-by-step guide now! #DesignThinking #Productivity #MachineLearning,#DesignThinking #Productivity #MachineLearning,8804,13233,248.0,53,30,0,6885,349
FA_0322,1,Facebook,2025-08-01,06:07:06,Carousel,Top 5 actionable strategies for Social Media ROI in 2025. Save this post for later! #DataAnalytics #Innovation #TechTrends #MarketingStrategy,#DataAnalytics #Innovation #TechTrends #MarketingStrategy,4816,6565,141.0,31,4,0,0,49
FA_0323,1,Facebook,2025-05-26,15:09:15,Text,Behind the scenes at our team workshop on Social Media ROI. Innovation starts here! #MarketingStrategy #StartupLife,#MarketingStrategy #StartupLife,1694,2975,95.0,5,4,0,0,59
FA_0324,1,Facebook,2025-06-28,15:14:51,Video,Top 5 actionable strategies for Content Marketing in 2025. Save this post for later! #SocialMedia2025,#SocialMedia2025,7888,14125,397.0,56,40,0,3975,99
FA_0325,1,Facebook,2025-08-31,18:06:50,Image,Behind the scenes at our team workshop on Data Analytics. Innovation starts here! #DigitalMarketing #DataAnalytics #BusinessTips,#DigitalMarketing #DataAnalytics #BusinessTips,6926,11295,156.0,30,21,0,0,130
FA_0326,1,Facebook,2025-05-01,16:11:43,Link,Quick question for our community: How do you handle Python Automation in your daily workflow? #MachineLearning #StartupLife,#MachineLearning #StartupLife,537,676,18.0,2,0,0,0,29
FA_0327,1,Facebook,2025-08-12,05:16:37,Carousel,We are excited to announce our newest breakthrough in Executive Leadership. Check out the link below! #BusinessTips #GrowthHacking,#BusinessTips #GrowthHacking,1978,2672,71.0,8,1,0,0,76
FA_0328,1,Facebook,2025-08-03,06:13:59,Video,Sunday motivation: Start your week with a fresh mindset on Customer Engagement. #DesignThinking #Coding,#DesignThinking #Coding,5582,8300,188.0,24,16,0,4639,116
FA_0329,1,Facebook,2025-08-08,08:58:49,Text,We are excited to announce our newest breakthrough in User Experience. Check out the link below! #Coding #Innovation,#Coding #Innovation,3270,4553,74.0,18,8,0,0,115
FA_0330,1,Facebook,2025-12-23,03:34:04,Video,Mastering AI Workflow in under 10 minutes. Read our full step-by-step guide now! #MachineLearning,#MachineLearning,1974,2580,116.0,7,9,0,1090,89
FA_0331,1,Facebook,2025-08-21,16:53:06,Text,Discover how Social Media ROI is transforming the industry! What are your thoughts? #StartupLife #Leadership #MachineLearning,#StartupLife #Leadership #MachineLearning,589,1016,23.0,1,1,0,0,13
FA_0332,1,Facebook,2025-12-17,02:56:51,Link,Mastering Data Analytics in under 10 minutes. Read our full step-by-step guide now! #Coding #TechTrends #AI,#Coding #TechTrends #AI,1774,2405,54.0,8,1,0,0,80
FA_0333,1,Facebook,2025-02-28,23:37:50,Carousel,Behind the scenes at our team workshop on Content Marketing. Innovation starts here! #GrowthHacking #Coding,#GrowthHacking #Coding,3460,3937,146.0,20,12,0,0,178
FA_0334,1,Facebook,2025-05-30,16:27:21,Image,Behind the scenes at our team workshop on Content Marketing. Innovation starts here! #AI #Coding #BusinessTips #MarketingStrategy,#AI #Coding #BusinessTips #MarketingStrategy,913,1109,24.0,1,0,0,0,18
FA_0335,1,Facebook,12-16-2025,19:42:46,Text,Behind the scenes at our team workshop on Brand Strategy. Innovation starts here! #Leadership #MachineLearning #StartupLife #TechTrends,#Leadership #MachineLearning #StartupLife #TechTrends,671,1114,47.0,7,2,0,0,26
FA_0336,1,Facebook,2025-12-07,19:18:09,Text,Behind the scenes at our team workshop on Executive Leadership. Innovation starts here! #Innovation #MarketingStrategy #DesignThinking,#Innovation #MarketingStrategy #DesignThinking,1870,2690,146.0,29,3,0,0,51
FA_0337,1,Facebook,2025-12-31,19:29:25,Video,Discover how Social Media ROI is transforming the industry! What are your thoughts? #DataAnalytics #AI,#DataAnalytics #AI,8639,12169,364.0,33,40,0,6330,508
FA_0338,1,Facebook,2025-10-01,10:58:46,Image,We are excited to announce our newest breakthrough in Python Automation. Check out the link below! #DesignThinking #MarketingStrategy #Leadership #GrowthHacking,#DesignThinking #MarketingStrategy #Leadership #GrowthHacking,69553,92637,4335.0,627,250,0,0,3978
FA_0339,1,Facebook,2025-10-17,16:05:47,Image,Case study alert: How we boosted results by 350% using Executive Leadership. #MarketingStrategy,#MarketingStrategy,660,1011,21.0,2,1,0,0,26
FA_0340,1,Facebook,2025-05-23,07:07:32,Carousel,Mastering Executive Leadership in under 10 minutes. Read our full step-by-step guide now! #SocialMedia2025,#SocialMedia2025,2779,4233,212.0,49,14,0,0,48
FA_0341,1,Facebook,2025-05-26,12:33:29,Text,Why Cloud Scale matters more than ever for modern business growth. #DataAnalytics,#DataAnalytics,2654,3741,79.0,15,10,0,0,123
FA_0342,1,Facebook,2025-03-15,07:33:54,Carousel,Sunday motivation: Start your week with a fresh mindset on Brand Strategy. #Coding,#Coding,1293,1792,96.0,12,8,0,0,58
FA_0343,1,Facebook,2025-07-15,10:32:20,Image,Why Customer Engagement matters more than ever for modern business growth. #Leadership #SocialMedia2025 #MachineLearning,#Leadership #SocialMedia2025 #MachineLearning,4385,5296,166.0,29,17,0,0,71
FA_0344,1,Facebook,2025-12-19,23:28:33,Image,Sunday motivation: Start your week with a fresh mindset on Customer Engagement. #AI #Innovation #MachineLearning #GrowthHacking,,2659,3404,162.0,39,20,0,0,76
FA_0345,1,Facebook,2025-10-25,02:07:49,Text,Quick question for our community: How do you handle Social Media ROI in your daily workflow? #MarketingStrategy #TechTrends #DigitalMarketing,#MarketingStrategy #TechTrends #DigitalMarketing,3315,4472,123.0,19,17,0,0,118
FA_0346,1,Facebook,2025-03-27,19:47:45,Link,Quick question for our community: How do you handle Customer Engagement in your daily workflow? #StartupLife #MachineLearning #Productivity,#StartupLife #MachineLearning #Productivity,2612,4378,54.0,8,3,0,0,89
FA_0347,1,Facebook,2025-03-21,18:19:39,Video,Why Cloud Scale matters more than ever for modern business growth. #BusinessTips,#BusinessTips,2868,3418,60.0,7,6,0,1346,92
FA_0348,1,Facebook,2025-03-30,11:05:35,Image,,#Productivity #MachineLearning,2034,2536,160.0,21,19,0,0,31
FA_0349,1,Facebook,2025-04-11,03:55:31,Carousel,Top 5 actionable strategies for User Experience in 2025. Save this post for later! #Leadership,#Leadership,1000,1311,20.0,1,0,0,0,40
FA_0350,1,Facebook,2025-01-15,03:18:18,Link,Sunday motivation: Start your week with a fresh mindset on User Experience. #GrowthHacking #MarketingStrategy #SocialMedia2025,#GrowthHacking #MarketingStrategy #SocialMedia2025,1655,1935,90.0,4,4,0,0,32
FA_0351,1,Facebook,20/02/2025,07:47:31,Text,Top 5 actionable strategies for Brand Strategy in 2025. Save this post for later! #Leadership #StartupLife,#Leadership #StartupLife,1509,2060,49.0,4,1,0,0,89
FA_0352,1,Facebook,2025-07-04,10:29:44,Image,Behind the scenes at our team workshop on AI Workflow. Innovation starts here! #Leadership #AI #BusinessTips,#Leadership #AI #BusinessTips,4117,6508,290.0,27,21,0,0,243
FA_0353,1,Facebook,2025-09-01,13:22:41,Text,Top 5 actionable strategies for AI Workflow in 2025. Save this post for later! #Leadership #SocialMedia2025 #StartupLife #DesignThinking,#Leadership #SocialMedia2025 #StartupLife #DesignThinking,2549,4044,200.0,39,27,0,0,46
FA_0354,1,Facebook,2025-07-26,04:28:10,Text,Sunday motivation: Start your week with a fresh mindset on Executive Leadership. #DesignThinking #MachineLearning #Coding,#DesignThinking #MachineLearning #Coding,2810,4666,215.0,26,22,0,0,161
FA_0355,1,Facebook,2025-08-21,03:56:00,Text,Discover how Executive Leadership is transforming the industry! What are your thoughts? #StartupLife #MarketingStrategy,#StartupLife #MarketingStrategy,531,609,32.0,7,2,0,0,23
FA_0356,1,Facebook,2025-02-09,18:55:50,Text,Case study alert: How we boosted results by 350% using Content Marketing. #StartupLife #Leadership #Productivity,#StartupLife #Leadership #Productivity,2291,3898,120.0,28,2,0,0,72
FA_0357,1,Facebook,2025-07-12,16:06:46,Image,Why Social Media ROI matters more than ever for modern business growth. #Coding #MachineLearning #MarketingStrategy,#Coding #MachineLearning #MarketingStrategy,2058,2824,135.0,22,11,0,0,77
FA_0358,1,Facebook,2025-03-22,18:26:52,Link,Quick question for our community: How do you handle Executive Leadership in your daily workflow? #Innovation #StartupLife #GrowthHacking #DigitalMarketing,#Innovation #StartupLife #GrowthHacking #DigitalMarketing,2651,3153,111.0,23,10,0,0,127
FA_0359,1,Facebook,2025-07-02,14:59:52,Video,Sunday motivation: Start your week with a fresh mindset on Content Marketing. #StartupLife #DigitalMarketing,#StartupLife #DigitalMarketing,10068,17198,270.0,22,24,0,4215,431
FA_0360,1,Facebook,2025-01-11,17:06:04,Link,Top 5 actionable strategies for Python Automation in 2025. Save this post for later! #GrowthHacking #Innovation #AI #Leadership,#GrowthHacking #Innovation #AI #Leadership,770,1114,52.0,9,2,0,0,19
FA_0361,1,Facebook,2025-02-08,19:30:32,Link,Unpopular opinion about Data Analytics: Most teams are doing it wrong. Here is why... #Innovation #BusinessTips #DesignThinking,#Innovation #BusinessTips #DesignThinking,4041,6475,221.0,37,12,0,0,154
FA_0362,1,Facebook,2025-02-09,23:43:18,Carousel,Mastering Customer Engagement in under 10 minutes. Read our full step-by-step guide now! #StartupLife #SocialMedia2025 #GrowthHacking #DataAnalytics,#StartupLife #SocialMedia2025 #GrowthHacking #DataAnalytics,4769,6758,313.0,26,7,0,0,215
FA_0363,1,Facebook,08-28-2025,09:45:18,Carousel,Discover how User Experience is transforming the industry! What are your thoughts? #Coding #Innovation #MachineLearning #StartupLife,#Coding #Innovation #MachineLearning #StartupLife,3080,3706,89.0,16,5,0,0,97
FA_0364,1,Facebook,2025-04-15,15:00:59,Link,Mastering Social Media ROI in under 10 minutes. Read our full step-by-step guide now! #StartupLife #Innovation #DataAnalytics,#StartupLife #Innovation #DataAnalytics,634,709,42.0,4,3,0,0,37
FA_0365,1,Facebook,2025-05-20,04:58:02,Link,Discover how Cloud Scale is transforming the industry! What are your thoughts? #StartupLife #Productivity,#StartupLife #Productivity,1450,1615,103.0,6,10,0,0,77
FA_0366,1,Facebook,2025-12-03,03:17:16,Video,Case study alert: How we boosted results by 350% using Content Marketing. #Innovation,#Innovation,5127,8614,394.0,93,20,0,4318,112
FA_0367,1,Facebook,2025-10-27,14:11:51,Video,We are excited to announce our newest breakthrough in Python Automation. Check out the link below! #MarketingStrategy #AI,#MarketingStrategy #AI,4859,6733,348.0,21,31,0,3643,76
FA_0368,1,Facebook,2025-05-23,05:16:33,Link,Sunday motivation: Start your week with a fresh mindset on Customer Engagement. #StartupLife,#StartupLife,2066,3428,48.0,11,5,0,0,46
FA_0369,1,Facebook,2025-12-17,04:26:37,Video,Top 5 actionable strategies for Executive Leadership in 2025. Save this post for later! #TechTrends #BusinessTips #DigitalMarketing #DesignThinking,#TechTrends #BusinessTips #DigitalMarketing #DesignThinking,7029,9195,503.0,41,38,0,3926,355
FA_0370,1,Facebook,2025-02-11,17:54:07,Text,Behind the scenes at our team workshop on Brand Strategy. Innovation starts here! #Coding #Productivity #AI #MarketingStrategy,#Coding #Productivity #AI #MarketingStrategy,1500,2282,103.0,20,8,0,0,17
FA_0371,1,Facebook,2025-11-25,04:57:17,Video,We are excited to announce our newest breakthrough in Customer Engagement. Check out the link below! #Innovation #AI #Productivity,#Innovation #AI #Productivity,6679,10935,393.0,29,38,0,4041,380
FA_0372,1,Facebook,2025-03-30,21:35:28,Link,Quick question for our community: How do you handle Content Marketing in your daily workflow? #BusinessTips,#BusinessTips,3732,6573,272.0,25,38,0,0,209
FA_0373,1,Facebook,2025-08-25,07:13:07,Video,We are excited to announce our newest breakthrough in Data Analytics. Check out the link below! #Innovation #BusinessTips #Coding #DigitalMarketing,#Innovation #BusinessTips #Coding #DigitalMarketing,3880,6840,104.0,20,7,0,3336,126
FA_0374,1,Facebook,2025-04-08,09:41:31,Text,Unpopular opinion about Python Automation: Most teams are doing it wrong. Here is why... #BusinessTips #Productivity,#BusinessTips #Productivity,3584,4652,217.0,29,15,0,0,61
FA_0375,1,Facebook,2025-05-08,13:27:29,Text,We are excited to announce our newest breakthrough in AI Workflow. Check out the link below! #Leadership,#Leadership,5470,7539,179.0,22,13,0,0,218
FA_0376,1,Facebook,01/05/2025,17:08:46,Carousel,Behind the scenes at our team workshop on User Experience. Innovation starts here! #TechTrends,#TechTrends,3188,5688,192.0,14,26,0,0,38
FA_0377,1,Facebook,2025-06-23,17:02:32,Link,Discover how Cloud Scale is transforming the industry! What are your thoughts? #MarketingStrategy #DigitalMarketing #AI #GrowthHacking,#MarketingStrategy #DigitalMarketing #AI #GrowthHacking,1483,2641,54.0,6,4,0,0,81
FA_0378,1,Facebook,2025-09-22,11:23:46,Video,Why Brand Strategy matters more than ever for modern business growth. #DesignThinking #MarketingStrategy #SocialMedia2025 #StartupLife,#DesignThinking #MarketingStrategy #SocialMedia2025 #StartupLife,2103,2651,46.0,4,5,0,1300,125
FA_0379,1,Facebook,2025-12-30,20:25:12,Text,Top 5 actionable strategies for AI Workflow in 2025. Save this post for later! #AI #GrowthHacking,#AI #GrowthHacking,1991,3353,,27,12,0,0,85
FA_0380,1,Facebook,2025-10-20,06:34:27,Image,Behind the scenes at our team workshop on Content Marketing. Innovation starts here! #StartupLife #AI #GrowthHacking #TechTrends,#StartupLife #AI #GrowthHacking #TechTrends,3847,5293,213.0,51,27,0,0,68
FA_0381,1,Facebook,08-21-2025,22:52:39,Carousel,Why Data Analytics matters more than ever for modern business growth. #TechTrends #StartupLife #Innovation,#TechTrends #StartupLife #Innovation,5460,8812,422.0,69,20,0,0,67
FA_0382,1,Facebook,02-06-2025,19:55:16,Text,Top 5 actionable strategies for AI Workflow in 2025. Save this post for later! #DigitalMarketing #MarketingStrategy #DataAnalytics #BusinessTips,#DigitalMarketing #MarketingStrategy #DataAnalytics #BusinessTips,1609,2207,71.0,12,10,0,0,28
FA_0383,1,Facebook,2025-06-08,21:58:23,Image,Mastering Brand Strategy in under 10 minutes. Read our full step-by-step guide now! #Leadership #Coding,#Leadership #Coding,5096,7114,333.0,70,33,0,0,161
FA_0384,1,Facebook,2025-08-26,08:09:50,Video,Why Executive Leadership matters more than ever for modern business growth. #DigitalMarketing,#DigitalMarketing,8248,11830,238.0,17,32,0,6769,298
FA_0385,1,Facebook,2025-01-24,18:41:34,Text,Sunday motivation: Start your week with a fresh mindset on Python Automation. #Leadership,#Leadership,2351,3549,155.0,8,18,0,0,77
FA_0386,1,Facebook,2025-08-02,10:50:13,Text,We are excited to announce our newest breakthrough in Executive Leadership. Check out the link below! #GrowthHacking #Productivity #DesignThinking,,613,1095,21.0,3,1,0,0,6
FA_0387,1,Facebook,24/08/2025,14:44:56,Carousel,Quick question for our community: How do you handle Executive Leadership in your daily workflow? #Innovation #Productivity #Coding,#Innovation #Productivity #Coding,10828,17027,739.0,49,27,0,0,211
FA_0388,1,Facebook,2025-01-14,07:37:04,Video,Unpopular opinion about Content Marketing: Most teams are doing it wrong. Here is why... #Productivity #StartupLife #DesignThinking #SocialMedia2025,,7134,8587,323.0,23,44,0,5488,230
FA_0389,1,Facebook,2025-05-05,07:19:49,Text,Mastering Data Analytics in under 10 minutes. Read our full step-by-step guide now! #TechTrends #AI #StartupLife,#TechTrends #AI #StartupLife,3109,5024,173.0,27,9,0,0,106
FA_0390,1,Facebook,2025-12-14,17:45:50,Image,Sunday motivation: Start your week with a fresh mindset on Cloud Scale. #BusinessTips,#BusinessTips,848,1462,38.0,5,3,0,0,48
FA_0391,1,Facebook,2025-05-28,06:59:52,Text,Quick question for our community: How do you handle Content Marketing in your daily workflow? #Innovation #StartupLife,#Innovation #StartupLife,3125,5001,150.0,33,17,0,0,92
FA_0392,1,Facebook,2025-07-04,17:11:48,Video,Top 5 actionable strategies for User Experience in 2025. Save this post for later! #DigitalMarketing #MachineLearning,#DigitalMarketing #MachineLearning,1945,2411,109.0,7,8,0,1744,48
FA_0393,1,Facebook,2025-05-14,12:59:58,Video,Top 5 actionable strategies for Cloud Scale in 2025. Save this post for later! #DesignThinking,#DesignThinking,2836,3569,152.0,22,22,0,2247,137
FA_0394,1,Facebook,2025-12-20,18:45:52,Image,Top 5 actionable strategies for Data Analytics in 2025. Save this post for later! #DesignThinking #Leadership #Coding #AI,#DesignThinking #Leadership #Coding #AI,5448,9266,142.0,23,12,0,0,99
FA_0395,1,Facebook,2025-05-30,16:04:30,Text,Quick question for our community: How do you handle AI Workflow in your daily workflow? #StartupLife #GrowthHacking,#StartupLife #GrowthHacking,758,940,59.0,12,1,0,0,39
FA_0396,1,Facebook,2025-05-17,13:33:35,Text,Case study alert: How we boosted results by 350% using Brand Strategy. #MarketingStrategy #DesignThinking,#MarketingStrategy #DesignThinking,1710,2840,76.0,10,6,0,0,89
FA_0397,1,Facebook,2025-03-16,00:21:43,Carousel,Quick question for our community: How do you handle AI Workflow in your daily workflow? #GrowthHacking,#GrowthHacking,5724,8035,249.0,14,34,0,0,100
FA_0398,1,Facebook,12-05-2025,18:55:28,Text,Quick question for our community: How do you handle Python Automation in your daily workflow? #MachineLearning #Coding #GrowthHacking,#MachineLearning #Coding #GrowthHacking,32066,55933,1988.0,276,92,0,0,1193
FA_0399,1,Facebook,2025-11-29,14:43:39,Link,Quick question for our community: How do you handle AI Workflow in your daily workflow? #SocialMedia2025,#SocialMedia2025,3137,5382,160.0,25,7,0,0,111
FA_0400,1,Facebook,12/01/2025,01:00:55,Carousel,Behind the scenes at our team workshop on User Experience. Innovation starts here! #DataAnalytics #Productivity #DesignThinking,#DataAnalytics #Productivity #DesignThinking,7115,8376,167.0,20,16,0,0,197
FA_0401,1,Facebook,2025-06-02,20:50:30,Text,Sunday motivation: Start your week with a fresh mindset on Brand Strategy. #DesignThinking #MachineLearning,#DesignThinking #MachineLearning,5067,7800,263.0,44,17,0,0,122
FA_0402,1,Facebook,2025-07-13,18:55:13,Image,Quick question for our community: How do you handle Brand Strategy in your daily workflow? #Productivity #DesignThinking,#Productivity #DesignThinking,1947,2721,87.0,5,6,0,0,32
FA_0403,1,Facebook,2025-07-26,21:25:01,Text,Why Customer Engagement matters more than ever for modern business growth. #StartupLife #BusinessTips #Leadership #MachineLearning,#StartupLife #BusinessTips #Leadership #MachineLearning,2661,3230,133.0,19,10,0,0,155
FA_0404,1,Facebook,2025-08-22,17:14:03,Video,,#Coding #AI #Innovation,3893,5071,199.0,14,11,0,2286,96
FA_0405,1,Facebook,08-04-2025,01:46:16,Link,Why Customer Engagement matters more than ever for modern business growth. #MarketingStrategy #Productivity,#MarketingStrategy #Productivity,5137,5811,251.0,28,19,0,0,138
FA_0406,1,Facebook,2025-03-09,05:02:36,Text,Top 5 actionable strategies for Executive Leadership in 2025. Save this post for later! #MarketingStrategy #Productivity #MachineLearning #GrowthHacking,#MarketingStrategy #Productivity #MachineLearning #GrowthHacking,2512,3483,85.0,10,7,0,0,145
FA_0407,1,Facebook,2025-03-26,00:54:11,Link,Case study alert: How we boosted results by 350% using Cloud Scale. #StartupLife,,2591,3832,169.0,40,14,0,0,123
FA_0408,1,Facebook,09-30-2025,06:32:39,Link,Sunday motivation: Start your week with a fresh mindset on Content Marketing. #Productivity #MachineLearning,#Productivity #MachineLearning,2230,3400,98.0,5,12,0,0,24
FA_0409,1,Facebook,2025-06-12,13:54:30,Image,,#DigitalMarketing #MarketingStrategy,1517,1994,67.0,5,6,0,0,39
FA_0410,1,Facebook,2025-06-13,05:11:12,Link,Unpopular opinion about Customer Engagement: Most teams are doing it wrong. Here is why... #Productivity #AI #TechTrends #DataAnalytics,#Productivity #AI #TechTrends #DataAnalytics,1694,2447,110.0,13,3,0,0,22
FA_0411,1,Facebook,2025-07-28,23:03:59,Image,Case study alert: How we boosted results by 350% using Customer Engagement. #DataAnalytics,#DataAnalytics,1150,1722,53.0,11,4,0,0,56
FA_0412,1,Facebook,05-06-2025,19:34:15,Carousel,Why Executive Leadership matters more than ever for modern business growth. #TechTrends,#TechTrends,7376,11485,221.0,13,30,0,0,174
FA_0413,1,Facebook,2025-11-20,07:44:46,Carousel,Case study alert: How we boosted results by 350% using Customer Engagement. #MarketingStrategy,#MarketingStrategy,2668,3673,73.0,5,6,0,0,63
FA_0414,1,Facebook,2025-06-12,12:28:29,Text,,,5393,7172,403.0,30,56,0,0,218
FA_0415,1,Facebook,2025-10-12,17:48:11,Carousel,Discover how AI Workflow is transforming the industry! What are your thoughts? #SocialMedia2025,#SocialMedia2025,6008,8481,164.0,40,11,0,0,240
FA_0416,1,Facebook,2025-01-05,04:32:33,Video,Discover how Executive Leadership is transforming the industry! What are your thoughts? #DataAnalytics,#DataAnalytics,6412,10236,201.0,42,20,0,5156,135
FA_0417,1,Facebook,2025-09-10,22:03:53,Video,Behind the scenes at our team workshop on Python Automation. Innovation starts here! #Productivity,#Productivity,4901,7284,292.0,47,31,0,3345,65
FA_0418,1,Facebook,19/10/2025,08:17:59,Link,Case study alert: How we boosted results by 350% using Content Marketing. #MachineLearning,#MachineLearning,1924,3305,38.0,5,4,0,0,81
FA_0419,1,Facebook,2025-07-28,09:58:38,Carousel,Unpopular opinion about Executive Leadership: Most teams are doing it wrong. Here is why... #GrowthHacking #SocialMedia2025 #DesignThinking #TechTrends,#GrowthHacking #SocialMedia2025 #DesignThinking #TechTrends,6671,9824,259.0,33,16,0,0,360
FA_0420,1,Facebook,12-20-2025,15:25:50,Video,Top 5 actionable strategies for Content Marketing in 2025. Save this post for later! #GrowthHacking #DigitalMarketing,#GrowthHacking #DigitalMarketing,1683,2416,115.0,19,11,0,954,37
FA_0421,1,Facebook,2025-01-28,12:08:44,Video,Sunday motivation: Start your week with a fresh mindset on AI Workflow. #DesignThinking #AI #StartupLife #Leadership,#DesignThinking #AI #StartupLife #Leadership,13679,23824,583.0,132,64,0,10824,179
FA_0422,1,Facebook,2025-08-10,02:23:43,Image,Mastering Cloud Scale in under 10 minutes. Read our full step-by-step guide now! #DigitalMarketing,#DigitalMarketing,3540,4912,254.0,52,25,0,0,115
FA_0423,1,Facebook,2025-02-21,12:21:54,Image,Top 5 actionable strategies for Executive Leadership in 2025. Save this post for later! #Innovation #DataAnalytics #AI,#Innovation #DataAnalytics #AI,69152,116766,5135.0,386,442,0,0,1920
FA_0424,1,Facebook,2025-03-12,01:36:16,Link,Behind the scenes at our team workshop on User Experience. Innovation starts here! #SocialMedia2025 #StartupLife #DesignThinking #GrowthHacking,#SocialMedia2025 #StartupLife #DesignThinking #GrowthHacking,1584,1903,76.0,12,4,0,0,92
FA_0425,1,Facebook,2025-05-02,18:27:47,Carousel,Unpopular opinion about Data Analytics: Most teams are doing it wrong. Here is why... #GrowthHacking #DataAnalytics #Productivity #StartupLife,#GrowthHacking #DataAnalytics #Productivity #StartupLife,4562,7150,281.0,69,27,0,0,121
FA_0426,1,Facebook,2025-08-03,11:57:52,Text,Unpopular opinion about Data Analytics: Most teams are doing it wrong. Here is why... #DataAnalytics #TechTrends #StartupLife #Coding,#DataAnalytics #TechTrends #StartupLife #Coding,1050,1508,,14,8,0,0,30
FA_0427,1,Facebook,2025-01-06,02:41:04,Carousel,Unpopular opinion about AI Workflow: Most teams are doing it wrong. Here is why... #DigitalMarketing #Leadership,#DigitalMarketing #Leadership,6634,8968,520.0,46,29,0,0,138
FA_0428,1,Facebook,2025-05-06,06:30:01,Video,We are excited to announce our newest breakthrough in Customer Engagement. Check out the link below! #TechTrends,#TechTrends,7278,8571,554.0,61,28,0,5856,313
FA_0429,1,Facebook,2025-08-11,02:22:49,Video,Quick question for our community: How do you handle Content Marketing in your daily workflow? #SocialMedia2025 #BusinessTips,#SocialMedia2025 #BusinessTips,4379,6766,329.0,66,31,0,3622,108
FA_0430,1,Facebook,24/05/2025,04:36:15,Carousel,Why Executive Leadership matters more than ever for modern business growth. #MachineLearning #AI,#MachineLearning #AI,4704,5725,203.0,45,23,0,0,135
FA_0431,1,Facebook,2025-09-27,17:35:46,Text,Sunday motivation: Start your week with a fresh mindset on Executive Leadership. #Innovation #BusinessTips #StartupLife,#Innovation #BusinessTips #StartupLife,1031,1779,48.0,4,2,0,0,32
FA_0432,1,Facebook,2025-05-11,20:02:41,Image,Discover how Customer Engagement is transforming the industry! What are your thoughts? #SocialMedia2025 #GrowthHacking #DataAnalytics #Innovation,#SocialMedia2025 #GrowthHacking #DataAnalytics #Innovation,5535,7739,265.0,34,33,0,0,143
FA_0433,1,Facebook,2025-11-27,02:45:46,Image,Behind the scenes at our team workshop on Customer Engagement. Innovation starts here! #DesignThinking,#DesignThinking,1018,1170,22.0,1,1,0,0,26
FA_0434,1,Facebook,2025-05-21,06:56:27,Video,Behind the scenes at our team workshop on Cloud Scale. Innovation starts here! #TechTrends #DesignThinking #DigitalMarketing,#TechTrends #DesignThinking #DigitalMarketing,7243,10014,321.0,53,33,0,4606,258
FA_0435,1,Facebook,2025-04-27,07:38:28,Carousel,Top 5 actionable strategies for User Experience in 2025. Save this post for later! #MachineLearning #Productivity #Leadership #GrowthHacking,#MachineLearning #Productivity #Leadership #GrowthHacking,1937,3174,119.0,10,9,0,0,73
FA_0436,1,Facebook,2025-01-05,18:11:49,Link,Mastering Brand Strategy in under 10 minutes. Read our full step-by-step guide now! #BusinessTips #Coding,#BusinessTips #Coding,3030,3968,167.0,27,4,0,0,51
FA_0437,1,Facebook,2025-11-05,22:07:50,Text,Case study alert: How we boosted results by 350% using Python Automation. #BusinessTips #AI,#BusinessTips #AI,1898,2524,147.0,26,8,0,0,35
FA_0438,1,Facebook,2025-11-05,17:47:23,Video,Case study alert: How we boosted results by 350% using AI Workflow. #DigitalMarketing #DataAnalytics #Productivity #Coding,#DigitalMarketing #DataAnalytics #Productivity #Coding,1365,1996,41.0,9,3,0,653,21
FA_0439,1,Facebook,16/04/2025,04:43:50,Link,Sunday motivation: Start your week with a fresh mindset on Python Automation. #MarketingStrategy #Innovation #Productivity #DigitalMarketing,#MarketingStrategy #Innovation #Productivity #DigitalMarketing,2011,2858,64.0,15,4,0,0,103
FA_0440,1,Facebook,2025-10-19,17:52:30,Carousel,Why Data Analytics matters more than ever for modern business growth. #DigitalMarketing,#DigitalMarketing,6180,10225,268.0,57,34,0,0,190
FA_0441,1,Facebook,2025-07-16,23:59:46,Carousel,Behind the scenes at our team workshop on AI Workflow. Innovation starts here! #MachineLearning #TechTrends #DataAnalytics #MarketingStrategy,#MachineLearning #TechTrends #DataAnalytics #MarketingStrategy,4204,6586,100.0,19,13,0,0,233
FA_0442,1,Facebook,2025-07-08,02:47:11,Carousel,Case study alert: How we boosted results by 350% using Brand Strategy. #Leadership #MarketingStrategy #DigitalMarketing #DataAnalytics,#Leadership #MarketingStrategy #DigitalMarketing #DataAnalytics,893,1381,54.0,7,3,0,0,26
FA_0443,1,Facebook,2025-12-30,04:58:08,Text,Unpopular opinion about Executive Leadership: Most teams are doing it wrong. Here is why... #AI #Coding #SocialMedia2025 #StartupLife,#AI #Coding #SocialMedia2025 #StartupLife,1778,2541,65.0,5,8,0,0,71
FA_0444,1,Facebook,2025-03-28,02:49:29,Image,We are excited to announce our newest breakthrough in Customer Engagement. Check out the link below! #Leadership #GrowthHacking,#Leadership #GrowthHacking,707,1111,23.0,4,2,0,0,35
FA_0445,1,Facebook,2025-07-19,11:13:32,Carousel,Mastering Data Analytics in under 10 minutes. Read our full step-by-step guide now! #DesignThinking,#DesignThinking,6738,9178,231.0,15,17,0,0,400
FA_0446,1,Facebook,2025-04-23,03:31:01,Video,Case study alert: How we boosted results by 350% using Social Media ROI. #BusinessTips,#BusinessTips,3549,5300,111.0,10,10,0,3085,56
FA_0447,1,Facebook,2025-07-25,23:48:40,Text,Sunday motivation: Start your week with a fresh mindset on Content Marketing. #DataAnalytics #AI #StartupLife #DigitalMarketing,#DataAnalytics #AI #StartupLife #DigitalMarketing,578,724,22.0,3,3,0,0,8
FA_0448,1,Facebook,03-29-2025,09:10:22,Carousel,Quick question for our community: How do you handle Brand Strategy in your daily workflow? #StartupLife #DesignThinking #MachineLearning #MarketingStrategy,#StartupLife #DesignThinking #MachineLearning #MarketingStrategy,5655,8942,444.0,81,12,0,0,61
FA_0449,1,Facebook,2025-04-30,18:19:44,Image,Top 5 actionable strategies for Content Marketing in 2025. Save this post for later! #Innovation,#Innovation,6418,10461,367.0,22,25,0,0,159
FA_0450,1,Facebook,2025-11-03,16:09:20,Link,Discover how Social Media ROI is transforming the industry! What are your thoughts? #GrowthHacking #StartupLife #DesignThinking,#GrowthHacking #StartupLife #DesignThinking,2645,4109,98.0,5,12,0,0,70
FA_0451,1,Facebook,2025-12-07,09:02:30,Video,Discover how User Experience is transforming the industry! What are your thoughts? #SocialMedia2025 #GrowthHacking #MarketingStrategy #Leadership,#SocialMedia2025 #GrowthHacking #MarketingStrategy #Leadership,4882,8629,112.0,27,15,0,2259,91
FA_0452,1,Facebook,2025-09-17,02:50:45,Text,Unpopular opinion about Customer Engagement: Most teams are doing it wrong. Here is why... #MachineLearning #DataAnalytics,#MachineLearning #DataAnalytics,2322,3046,126.0,30,5,0,0,123
FA_0453,1,Facebook,2025-07-13,06:06:29,Text,Discover how Cloud Scale is transforming the industry! What are your thoughts? #DesignThinking #MarketingStrategy #Coding #Leadership,#DesignThinking #MarketingStrategy #Coding #Leadership,1744,2020,129.0,14,11,0,0,65
FA_0454,1,Facebook,2025-05-26,13:39:31,Text,Unpopular opinion about AI Workflow: Most teams are doing it wrong. Here is why... #MarketingStrategy #MachineLearning #Leadership,#MarketingStrategy #MachineLearning #Leadership,1515,1680,75.0,14,6,0,0,85
FA_0455,1,Facebook,2025-09-08,11:12:25,Carousel,Sunday motivation: Start your week with a fresh mindset on AI Workflow. #Coding #TechTrends #AI #BusinessTips,#Coding #TechTrends #AI #BusinessTips,5663,10023,375.0,75,24,0,0,257
FA_0456,1,Facebook,2025-07-17,15:26:19,Video,Quick question for our community: How do you handle Executive Leadership in your daily workflow? #Coding,#Coding,6379,10131,374.0,38,29,0,4723,144
FA_0457,1,Facebook,2025-01-07,04:15:00,Text,Unpopular opinion about Python Automation: Most teams are doing it wrong. Here is why... #SocialMedia2025,#SocialMedia2025,897,1254,55.0,8,4,0,0,48
FA_0458,1,Facebook,2025-02-15,03:58:42,Link,Mastering Social Media ROI in under 10 minutes. Read our full step-by-step guide now! #MachineLearning #DataAnalytics #Coding,#MachineLearning #DataAnalytics #Coding,285,347,14.0,0,1,0,0,8
FA_0459,1,Facebook,2025-04-01,13:38:26,Video,Sunday motivation: Start your week with a fresh mindset on Content Marketing. #MarketingStrategy #SocialMedia2025 #AI #Leadership,#MarketingStrategy #SocialMedia2025 #AI #Leadership,3739,4267,115.0,23,6,0,3182,113
FA_0460,1,Facebook,2025-03-27,02:54:20,Text,Sunday motivation: Start your week with a fresh mindset on AI Workflow. #AI #GrowthHacking #TechTrends,#AI #GrowthHacking #TechTrends,1932,3153,39.0,4,5,0,0,83
FA_0461,1,Facebook,2025-01-04,13:40:39,Link,Quick question for our community: How do you handle Executive Leadership in your daily workflow? #DesignThinking #GrowthHacking #Innovation #BusinessTips,#DesignThinking #GrowthHacking #Innovation #BusinessTips,3784,6809,261.0,62,27,0,0,109
FA_0462,1,Facebook,2025-02-21,00:06:44,Text,Top 5 actionable strategies for Social Media ROI in 2025. Save this post for later! #Innovation,#Innovation,1265,2010,87.0,10,8,0,0,54
FA_0463,1,Facebook,2025-11-23,11:43:49,Link,Sunday motivation: Start your week with a fresh mindset on Data Analytics. #StartupLife #Leadership #DataAnalytics,#StartupLife #Leadership #DataAnalytics,2066,3420,84.0,19,11,0,0,69
FA_0464,1,Facebook,2025-07-17,10:41:57,Video,Why Cloud Scale matters more than ever for modern business growth. #MarketingStrategy,#MarketingStrategy,3340,5247,176.0,39,7,0,2081,52
FA_0465,1,Facebook,2025-12-04,03:15:22,Image,Behind the scenes at our team workshop on Social Media ROI. Innovation starts here! #Coding #BusinessTips #DesignThinking,#Coding #BusinessTips #DesignThinking,1792,2568,132.0,9,4,0,0,65
FA_0466,1,Facebook,2025-04-25,20:58:13,Carousel,Mastering AI Workflow in under 10 minutes. Read our full step-by-step guide now! #BusinessTips #MachineLearning #Productivity,#BusinessTips #MachineLearning #Productivity,9033,16045,417.0,40,22,0,0,221
FA_0467,1,Facebook,2025-04-07,04:13:38,Video,Discover how Brand Strategy is transforming the industry! What are your thoughts? #Innovation #MachineLearning #TechTrends #DigitalMarketing,#Innovation #MachineLearning #TechTrends #DigitalMarketing,2437,3342,110.0,22,13,0,2112,39
FA_0468,1,Facebook,05/01/2025,19:35:55,Link,Why Social Media ROI matters more than ever for modern business growth. #Productivity #DataAnalytics #Leadership,#Productivity #DataAnalytics #Leadership,1491,2419,105.0,22,2,0,0,38
FA_0469,1,Facebook,2025-12-28,20:53:51,Video,Quick question for our community: How do you handle Executive Leadership in your daily workflow? #MachineLearning #BusinessTips #TechTrends,#MachineLearning #BusinessTips #TechTrends,10431,17666,793.0,75,91,0,8987,509
FA_0470,1,Facebook,12-04-2025,05:47:45,Carousel,Quick question for our community: How do you handle Python Automation in your daily workflow? #BusinessTips #StartupLife #Leadership,#BusinessTips #StartupLife #Leadership,3254,4781,120.0,22,5,0,0,171
FA_0471,1,Facebook,2025-10-25,01:58:14,Link,Why Executive Leadership matters more than ever for modern business growth. #Innovation #MarketingStrategy,#Innovation #MarketingStrategy,977,1173,32.0,6,3,0,0,10
FA_0472,1,Facebook,03-17-2025,13:42:35,Text,Quick question for our community: How do you handle Social Media ROI in your daily workflow? #AI,#AI,1465,1665,115.0,20,11,0,0,85
FA_0473,1,Facebook,2025-05-04,14:26:29,Carousel,Top 5 actionable strategies for Social Media ROI in 2025. Save this post for later! #DesignThinking #MachineLearning #Coding #StartupLife,#DesignThinking #MachineLearning #Coding #StartupLife,9838,15300,359.0,64,24,0,0,157
FA_0474,1,Facebook,2025-09-18,08:11:22,Carousel,Sunday motivation: Start your week with a fresh mindset on User Experience. #DigitalMarketing #MachineLearning #Productivity #AI,#DigitalMarketing #MachineLearning #Productivity #AI,3857,5983,177.0,29,5,0,0,50
FA_0475,1,Facebook,2025-12-25,00:43:08,Carousel,Top 5 actionable strategies for Cloud Scale in 2025. Save this post for later! #AI #SocialMedia2025 #Innovation #Productivity,#AI #SocialMedia2025 #Innovation #Productivity,2064,3221,55.0,12,6,0,0,21
FA_0476,1,Facebook,2025-10-22,07:30:30,Image,Top 5 actionable strategies for Cloud Scale in 2025. Save this post for later! #Productivity #DesignThinking #TechTrends,#Productivity #DesignThinking #TechTrends,2999,4062,157.0,21,22,0,0,30
FA_0477,1,Facebook,2025-05-31,23:59:57,Video,Sunday motivation: Start your week with a fresh mindset on User Experience. #MachineLearning #GrowthHacking #SocialMedia2025 #Productivity,#MachineLearning #GrowthHacking #SocialMedia2025 #Productivity,2599,3039,179.0,17,7,0,1429,134
FA_0478,1,Facebook,2025-07-03,10:05:58,Carousel,Behind the scenes at our team workshop on Python Automation. Innovation starts here! #SocialMedia2025,#SocialMedia2025,4930,5986,233.0,55,25,0,0,281
FA_0479,1,Facebook,2025-05-18,23:03:04,Video,We are excited to announce our newest breakthrough in Brand Strategy. Check out the link below! #BusinessTips #Productivity,#BusinessTips #Productivity,7281,9940,566.0,56,31,0,4847,321
FA_0480,1,Facebook,2025-06-20,09:56:55,Video,Mastering Customer Engagement in under 10 minutes. Read our full step-by-step guide now! #AI,#AI,2700,4768,180.0,13,15,0,2261,106
FA_0481,1,Facebook,2025-10-20,10:16:01,Carousel,Quick question for our community: How do you handle AI Workflow in your daily workflow? #MarketingStrategy,#MarketingStrategy,3244,4352,209.0,50,18,0,0,128
FA_0482,1,Facebook,2025-01-05,18:41:54,Video,Quick question for our community: How do you handle Social Media ROI in your daily workflow? #Innovation #MachineLearning #DigitalMarketing #TechTrends,#Innovation #MachineLearning #DigitalMarketing #TechTrends,4538,6925,283.0,24,41,0,3626,159
FA_0483,1,Facebook,2025-04-28,11:06:41,Image,Top 5 actionable strategies for Customer Engagement in 2025. Save this post for later! #DesignThinking #GrowthHacking #AI #StartupLife,,1706,1988,93.0,6,5,0,0,96
FA_0484,1,Facebook,12-13-2025,18:31:14,Video,Top 5 actionable strategies for Executive Leadership in 2025. Save this post for later! #SocialMedia2025 #StartupLife #Productivity #Coding,#SocialMedia2025 #StartupLife #Productivity #Coding,9165,15925,593.0,114,66,0,7101,203
FA_0485,1,Facebook,2025-09-28,22:10:48,Text,Quick question for our community: How do you handle Social Media ROI in your daily workflow? #MarketingStrategy #AI,#MarketingStrategy #AI,2024,3575,91.0,11,6,0,0,31
FA_0486,1,Facebook,2025-03-02,10:33:39,Link,Sunday motivation: Start your week with a fresh mindset on Customer Engagement. #TechTrends #MachineLearning,#TechTrends #MachineLearning,2513,4398,194.0,29,26,0,0,142
FA_0487,1,Facebook,2025-01-04,22:24:38,Link,Quick question for our community: How do you handle Brand Strategy in your daily workflow? #TechTrends,#TechTrends,722,973,18.0,2,0,0,0,25
FA_0488,1,Facebook,2025-03-21,23:54:26,Text,,#DigitalMarketing #GrowthHacking #BusinessTips,1233,2210,73.0,10,2,0,0,58
FA_0489,1,Facebook,2025-02-26,06:54:06,Video,Unpopular opinion about Python Automation: Most teams are doing it wrong. Here is why... #MachineLearning #GrowthHacking #TechTrends #MarketingStrategy,#MachineLearning #GrowthHacking #TechTrends #MarketingStrategy,8673,15507,235.0,34,19,0,6425,141
FA_0490,1,Facebook,2025-07-19,04:47:05,Image,Case study alert: How we boosted results by 350% using Data Analytics. #MarketingStrategy #GrowthHacking,#MarketingStrategy #GrowthHacking,10142,17047,464.0,78,9,0,0,344
FA_0491,1,Facebook,2025-11-13,05:33:07,Video,Unpopular opinion about Content Marketing: Most teams are doing it wrong. Here is why... #DesignThinking #AI #DigitalMarketing,#DesignThinking #AI #DigitalMarketing,4376,6265,293.0,20,33,0,3087,85
FA_0492,1,Facebook,2025-03-03,04:49:00,Link,Sunday motivation: Start your week with a fresh mindset on Content Marketing. #BusinessTips #TechTrends,#BusinessTips #TechTrends,2370,3238,122.0,23,17,0,0,49
FA_0493,1,Facebook,2025-01-27,11:04:43,Link,Quick question for our community: How do you handle Customer Engagement in your daily workflow? #MachineLearning #BusinessTips #DataAnalytics,#MachineLearning #BusinessTips #DataAnalytics,711,782,42.0,4,2,0,0,17
FA_0494,1,Facebook,2025-09-09,13:14:15,Image,Case study alert: How we boosted results by 350% using AI Workflow. #StartupLife,#StartupLife,1825,2468,125.0,24,12,0,0,73
FA_0495,1,Facebook,2025-02-14,03:52:21,Carousel,Unpopular opinion about AI Workflow: Most teams are doing it wrong. Here is why... #Innovation,#Innovation,3608,4217,276.0,47,16,0,0,121
FA_0496,1,Facebook,2025-03-07,06:58:47,Link,Top 5 actionable strategies for Cloud Scale in 2025. Save this post for later! #Coding #GrowthHacking #Leadership,#Coding #GrowthHacking #Leadership,434,604,32.0,4,0,0,0,17
FA_0497,1,Facebook,2025-10-17,02:12:48,Video,We are excited to announce our newest breakthrough in Python Automation. Check out the link below! #StartupLife #SocialMedia2025 #Productivity #AI,,5025,7506,218.0,37,10,0,2019,193
FA_0498,1,Facebook,2025-09-20,16:34:55,Carousel,Behind the scenes at our team workshop on Customer Engagement. Innovation starts here! #Productivity #DataAnalytics #DigitalMarketing,#Productivity #DataAnalytics #DigitalMarketing,1828,2069,62.0,3,2,0,0,99
FA_0499,1,Facebook,11-25-2025,09:03:57,Video,Quick question for our community: How do you handle Cloud Scale in your daily workflow? #TechTrends,#TechTrends,8774,11644,673.0,152,36,0,4095,481
FA_0500,1,Facebook,2025-01-06,12:56:33,Link,Sunday motivation: Start your week with a fresh mindset on Social Media ROI. #TechTrends #SocialMedia2025 #StartupLife,#TechTrends #SocialMedia2025 #StartupLife,3239,4428,191.0,42,19,0,0,121
FA_0501,1,Facebook,2025-10-25,22:55:49,Text,Quick question for our community: How do you handle Social Media ROI in your daily workflow? #DataAnalytics #MachineLearning #Productivity #BusinessTips,#DataAnalytics #MachineLearning #Productivity #BusinessTips,1911,2765,90.0,19,3,0,0,73
FA_0502,1,Facebook,08/06/2025,05:55:54,Text,,#AI #MarketingStrategy,1834,2845,80.0,15,3,0,0,87
FA_0503,1,Facebook,2025-02-26,00:29:36,Image,Behind the scenes at our team workshop on Social Media ROI. Innovation starts here! #DesignThinking #AI,#DesignThinking #AI,3589,3981,279.0,67,9,0,0,167
FA_0504,1,Facebook,03/09/2025,20:29:34,Video,Discover how Customer Engagement is transforming the industry! What are your thoughts? #Leadership #MarketingStrategy #DataAnalytics,,4769,7060,101.0,5,9,0,2152,259
FA_0505,1,Facebook,2025-04-27,15:33:05,Link,Mastering Customer Engagement in under 10 minutes. Read our full step-by-step guide now! #Coding #StartupLife,#Coding #StartupLife,2007,3474,99.0,24,4,0,0,116
FA_0506,1,Facebook,04/07/2025,03:05:15,Carousel,Quick question for our community: How do you handle Social Media ROI in your daily workflow? #BusinessTips #SocialMedia2025,#BusinessTips #SocialMedia2025,5122,6172,307.0,33,38,0,0,140
FA_0507,1,Facebook,2025-05-16,02:46:49,Video,Why Social Media ROI matters more than ever for modern business growth. #MarketingStrategy #BusinessTips #Leadership,#MarketingStrategy #BusinessTips #Leadership,1816,2540,115.0,9,7,0,842,87
FA_0508,1,Facebook,2025-07-31,21:54:31,Link,Case study alert: How we boosted results by 350% using Social Media ROI. #BusinessTips #Coding,#BusinessTips #Coding,2437,3589,168.0,21,16,0,0,75
FA_0509,1,Facebook,2025-12-26,03:10:36,Image,Case study alert: How we boosted results by 350% using Content Marketing. #GrowthHacking,#GrowthHacking,1189,1399,88.0,10,11,0,0,58
FA_0510,1,Facebook,2025-10-10,15:19:51,Video,We are excited to announce our newest breakthrough in Data Analytics. Check out the link below! #AI #MachineLearning,#AI #MachineLearning,1113,1976,47.0,8,4,0,486,57
FA_0511,1,Facebook,2025-02-10,08:55:18,Carousel,Why Python Automation matters more than ever for modern business growth. #DesignThinking #MarketingStrategy,#DesignThinking #MarketingStrategy,5567,8845,211.0,27,13,0,0,273
FA_0512,1,Facebook,2025-11-25,01:10:09,Video,Mastering Cloud Scale in under 10 minutes. Read our full step-by-step guide now! #TechTrends #BusinessTips,#TechTrends #BusinessTips,7995,11895,557.0,130,47,0,6033,249
FA_0513,1,Facebook,2025-03-06,07:42:49,Image,Sunday motivation: Start your week with a fresh mindset on Content Marketing. #MarketingStrategy #Productivity #MachineLearning #SocialMedia2025,#MarketingStrategy #Productivity #MachineLearning #SocialMedia2025,4508,6436,174.0,31,22,0,0,82
FA_0514,1,Facebook,2025-02-25,03:48:03,Carousel,Behind the scenes at our team workshop on Brand Strategy. Innovation starts here! #DataAnalytics,#DataAnalytics,1409,1758,29.0,6,1,0,0,28
FA_0515,1,Facebook,2025-10-19,20:33:49,Text,Top 5 actionable strategies for Data Analytics in 2025. Save this post for later! #GrowthHacking,#GrowthHacking,602,812,22.0,2,0,0,0,28
FA_0516,1,Facebook,2025-02-19,12:03:46,Carousel,Mastering AI Workflow in under 10 minutes. Read our full step-by-step guide now! #TechTrends #Innovation,#TechTrends #Innovation,9877,11123,293.0,54,8,0,0,407
FA_0517,1,Facebook,2025-12-15,23:49:09,Video,Quick question for our community: How do you handle Cloud Scale in your daily workflow? #Leadership #DesignThinking #MarketingStrategy,#Leadership #DesignThinking #MarketingStrategy,5950,10460,133.0,25,14,0,3091,356
FA_0518,1,Facebook,2025-09-12,03:32:47,Video,Top 5 actionable strategies for Customer Engagement in 2025. Save this post for later! #Leadership,#Leadership,2274,2971,54.0,8,3,0,990,103
FA_0519,1,Facebook,15/08/2025,23:40:35,Image,Mastering User Experience in under 10 minutes. Read our full step-by-step guide now! #TechTrends #GrowthHacking #DigitalMarketing #BusinessTips,#TechTrends #GrowthHacking #DigitalMarketing #BusinessTips,4997,5947,209.0,45,30,0,0,143
FA_0520,1,Facebook,2025-12-16,01:33:13,Image,Top 5 actionable strategies for Content Marketing in 2025. Save this post for later! #MarketingStrategy,#MarketingStrategy,1308,1804,31.0,3,2,0,0,19
FA_0521,1,Facebook,2025-08-27,03:58:22,Image,Quick question for our community: How do you handle Python Automation in your daily workflow? #DataAnalytics #BusinessTips #GrowthHacking #AI,#DataAnalytics #BusinessTips #GrowthHacking #AI,3477,4342,224.0,16,17,0,0,129
FA_0522,1,Facebook,10-18-2025,01:08:25,Text,Unpopular opinion about Data Analytics: Most teams are doing it wrong. Here is why... #DesignThinking #BusinessTips #Leadership,#DesignThinking #BusinessTips #Leadership,3172,5604,193.0,20,19,0,0,44
FA_0523,1,Facebook,31/12/2025,16:26:08,Carousel,Top 5 actionable strategies for Content Marketing in 2025. Save this post for later! #MarketingStrategy #Productivity #TechTrends,#MarketingStrategy #Productivity #TechTrends,3496,6203,132.0,11,18,0,0,119
FA_0524,1,Facebook,12/08/2025,12:54:50,Carousel,Sunday motivation: Start your week with a fresh mindset on Python Automation. #SocialMedia2025,#SocialMedia2025,8405,12649,241.0,44,30,0,0,392
FA_0525,1,Facebook,2025-08-23,05:22:11,Link,Why AI Workflow matters more than ever for modern business growth. #DigitalMarketing #SocialMedia2025 #MachineLearning #TechTrends,#DigitalMarketing #SocialMedia2025 #MachineLearning #TechTrends,2353,3633,137.0,22,3,0,0,111
FA_0526,1,Facebook,2025-11-04,13:44:47,Video,Quick question for our community: How do you handle Content Marketing in your daily workflow? #GrowthHacking,#GrowthHacking,12697,18429,915.0,173,95,0,7973,387
FA_0527,1,Facebook,21/06/2025,04:07:40,Text,We are excited to announce our newest breakthrough in Python Automation. Check out the link below! #MarketingStrategy #SocialMedia2025 #Innovation,#MarketingStrategy #SocialMedia2025 #Innovation,1596,2699,97.0,13,5,0,0,65
FA_0528,1,Facebook,2025-02-23,03:15:49,Carousel,Sunday motivation: Start your week with a fresh mindset on Python Automation. #Leadership,#Leadership,1366,1927,74.0,4,4,0,0,42
FA_0529,1,Facebook,04-11-2025,17:05:48,Link,Mastering Executive Leadership in under 10 minutes. Read our full step-by-step guide now! #Coding #Productivity #StartupLife #MachineLearning,#Coding #Productivity #StartupLife #MachineLearning,8648,11229,629.0,64,81,0,0,430
FA_0530,1,Facebook,2025-08-01,01:11:22,Video,Mastering Brand Strategy in under 10 minutes. Read our full step-by-step guide now! #GrowthHacking #MarketingStrategy #Innovation,#GrowthHacking #MarketingStrategy #Innovation,8785,10848,515.0,111,63,0,6052,144
FA_0531,1,Facebook,2025-06-12,18:50:00,Video,Sunday motivation: Start your week with a fresh mindset on AI Workflow. #SocialMedia2025 #AI,#SocialMedia2025 #AI,12022,18503,428.0,68,61,0,6033,176
FA_0532,1,Facebook,2025-01-15,22:30:15,Image,Why User Experience matters more than ever for modern business growth. #TechTrends #MachineLearning #Productivity #MarketingStrategy,#TechTrends #MachineLearning #Productivity #MarketingStrategy,4319,5314,255.0,24,11,0,0,224
FA_0533,1,Facebook,2025-05-14,01:53:02,Video,Why Data Analytics matters more than ever for modern business growth. #AI,#AI,1893,2270,67.0,5,2,0,1556,105
FA_0534,1,Facebook,2025-07-31,02:40:43,Image,We are excited to announce our newest breakthrough in Content Marketing. Check out the link below! #BusinessTips #GrowthHacking #StartupLife #Leadership,#BusinessTips #GrowthHacking #StartupLife #Leadership,589,721,31.0,5,0,0,0,34
FA_0535,1,Facebook,2025-10-07,00:10:57,Link,Case study alert: How we boosted results by 350% using AI Workflow. #Innovation #TechTrends,#Innovation #TechTrends,1513,1825,108.0,7,5,0,0,39
FA_0536,1,Facebook,2025-05-18,09:57:50,Image,Why Brand Strategy matters more than ever for modern business growth. #Leadership #MachineLearning #DesignThinking,#Leadership #MachineLearning #DesignThinking,5139,8970,179.0,16,23,0,0,235
FA_0537,1,Facebook,2025-10-28,11:20:40,Video,Behind the scenes at our team workshop on Executive Leadership. Innovation starts here! #Coding #Leadership #BusinessTips #Innovation,#Coding #Leadership #BusinessTips #Innovation,5945,9066,272.0,44,18,0,4258,78
FA_0538,1,Facebook,2025-10-28,14:55:14,Carousel,Mastering Brand Strategy in under 10 minutes. Read our full step-by-step guide now! #TechTrends #AI #MarketingStrategy #GrowthHacking,,4726,5438,280.0,34,33,0,0,76
FA_0539,1,Facebook,2025-08-27,20:39:39,Video,Behind the scenes at our team workshop on Cloud Scale. Innovation starts here! #BusinessTips,#BusinessTips,8043,9426,295.0,50,39,0,6675,110
FA_0540,1,Facebook,2025-06-12,11:39:18,Image,Top 5 actionable strategies for Executive Leadership in 2025. Save this post for later! #TechTrends #DigitalMarketing #BusinessTips #AI,,3462,5240,118.0,6,2,0,0,170
FA_0541,1,Facebook,2025-03-09,14:39:57,Carousel,Discover how Cloud Scale is transforming the industry! What are your thoughts? #GrowthHacking,#GrowthHacking,2078,3453,131.0,13,15,0,0,62
FA_0542,1,Facebook,2025-07-21,10:51:57,Text,Quick question for our community: How do you handle Executive Leadership in your daily workflow? #Productivity,#Productivity,692,869,48.0,3,7,0,0,36
FA_0543,1,Facebook,07-08-2025,19:34:18,Image,Discover how Customer Engagement is transforming the industry! What are your thoughts? #AI,#AI,1407,1872,79.0,16,4,0,0,26
FA_0544,1,Facebook,17/03/2025,21:16:03,Text,Case study alert: How we boosted results by 350% using Executive Leadership. #SocialMedia2025,#SocialMedia2025,2968,4283,109.0,22,9,0,0,43
FA_0545,1,Facebook,2025-05-05,23:33:41,Video,Discover how AI Workflow is transforming the industry! What are your thoughts? #Leadership,#Leadership,6331,9038,272.0,40,17,0,5109,304
FA_0546,1,Facebook,2025-12-29,16:31:49,Carousel,Mastering AI Workflow in under 10 minutes. Read our full step-by-step guide now! #DataAnalytics #GrowthHacking,#DataAnalytics #GrowthHacking,6343,9257,423.0,37,23,0,0,115
FA_0547,1,Facebook,17/03/2025,16:46:58,Image,Why Content Marketing matters more than ever for modern business growth. #Coding,#Coding,678,1059,31.0,3,4,0,0,9
FA_0548,1,Facebook,2025-09-18,12:09:03,Link,Mastering Brand Strategy in under 10 minutes. Read our full step-by-step guide now! #TechTrends,#TechTrends,2017,2633,89.0,15,7,0,0,69
FA_0549,1,Facebook,2025-02-26,07:59:40,Image,Top 5 actionable strategies for User Experience in 2025. Save this post for later! #DataAnalytics #AI #SocialMedia2025,#DataAnalytics #AI #SocialMedia2025,4829,7676,213.0,27,10,0,0,247
FA_0550,1,Facebook,2025-04-15,12:39:24,Carousel,We are excited to announce our newest breakthrough in Customer Engagement. Check out the link below! #AI,#AI,8180,11727,313.0,72,15,0,0,210
FA_0196,1,Facebook,2025-02-15,04:01:14,Text,Case study alert: How we boosted results by 350% using Social Media ROI. #DesignThinking,#DesignThinking,2704,4686,158.0,22,23,0,0,62
FA_0080,1,Facebook,2025-07-11,08:35:03,Image,Top 5 actionable strategies for Brand Strategy in 2025. Save this post for later! #TechTrends #GrowthHacking,#TechTrends #GrowthHacking,3698,6116,104.0,11,13,0,0,165
FA_0481,1,Facebook,2025-10-20,10:16:01,Carousel,Quick question for our community: How do you handle AI Workflow in your daily workflow? #MarketingStrategy,#MarketingStrategy,3244,4352,209.0,50,18,0,0,128
FA_0110,1,Facebook,2025-11-02,02:58:50,Carousel,Sunday motivation: Start your week with a fresh mindset on Brand Strategy. #Coding,#Coding,6090,10548,195.0,30,8,0,0,321
FA_0523,1,Facebook,31/12/2025,16:26:08,Carousel,Top 5 actionable strategies for Content Marketing in 2025. Save this post for later! #MarketingStrategy #Productivity #TechTrends,#MarketingStrategy #Productivity #TechTrends,3496,6203,132.0,11,18,0,0,119
FA_0533,1,Facebook,2025-05-14,01:53:02,Video,Why Data Analytics matters more than ever for modern business growth. #AI,#AI,1893,2270,67.0,5,2,0,1556,105
FA_0085,1,Facebook,02/07/2025,01:44:25,Link,Quick question for our community: How do you handle Customer Engagement in your daily workflow? #DesignThinking,#DesignThinking,1242,1748,96.0,11,4,0,0,55
FA_0369,1,Facebook,2025-12-17,04:26:37,Video,Top 5 actionable strategies for Executive Leadership in 2025. Save this post for later! #TechTrends #BusinessTips #DigitalMarketing #DesignThinking,#TechTrends #BusinessTips #DigitalMarketing #DesignThinking,7029,9195,503.0,41,38,0,3926,355
FA_0133,1,Facebook,2025-03-13,23:03:32,Link,Sunday motivation: Start your week with a fresh mindset on Social Media ROI. #DesignThinking #BusinessTips #AI #Leadership,#DesignThinking #BusinessTips #AI #Leadership,1243,1808,93.0,17,8,0,0,61
FA_0365,1,Facebook,2025-05-20,04:58:02,Link,Discover how Cloud Scale is transforming the industry! What are your thoughts? #StartupLife #Productivity,#StartupLife #Productivity,1450,1615,103.0,6,10,0,0,77
FA_0185,1,Facebook,2025-06-06,23:24:05,Text,Case study alert: How we boosted results by 350% using Brand Strategy. #DigitalMarketing #DataAnalytics #Leadership #Coding,#DigitalMarketing #DataAnalytics #Leadership #Coding,1646,1928,83.0,15,10,0,0,47
FA_0011,1,Facebook,2025-10-20,20:58:45,Text,Mastering Python Automation in under 10 minutes. Read our full step-by-step guide now! #AI #Coding,#AI #Coding,2631,4485,61.0,11,6,0,0,34
FA_0074,1,Facebook,2025-09-26,19:01:57,Link,Quick question for our community: How do you handle Brand Strategy in your daily workflow? #BusinessTips #Coding #DesignThinking,#BusinessTips #Coding #DesignThinking,617,951,24.0,2,2,0,0,18
FA_0221,1,Facebook,2025-12-31,23:19:55,Link,Why Social Media ROI matters more than ever for modern business growth. #Coding #Leadership #Productivity,#Coding #Leadership #Productivity,1012,1504,30.0,5,3,0,0,53
FA_0279,1,Facebook,2025-08-23,08:59:06,Image,Sunday motivation: Start your week with a fresh mindset on User Experience. #MachineLearning #GrowthHacking #BusinessTips #Innovation,#MachineLearning #GrowthHacking #BusinessTips #Innovation,3092,5296,207.0,31,16,0,0,158
