post_id,platform_id,platform,post_date,post_time,content_type,caption,hashtags,reach,impressions,likes,comments,shares,saves,video_views,clicks
IN_0001,2,Instagram,2025-03-14,00:27:49,Story Promotion,Behind the scenes at our team workshop on Brand Strategy. Innovation starts here! #MarketingStrategy,#MarketingStrategy,1027,1676,21.0,2,1,0,0,55
IN_0002,2,Instagram,2025-12-15,10:34:57,Reel,Behind the scenes at our team workshop on Social Media ROI. Innovation starts here! #AI,#AI,8142,11752,334.0,53,35,27,5124,418
IN_0003,2,Instagram,2025-12-06,21:41:25,Carousel,Mastering Cloud Scale in under 10 minutes. Read our full step-by-step guide now! #MarketingStrategy,#MarketingStrategy,13979,16762,697.0,68,81,203,0,391
IN_0004,2,Instagram,11-24-2025,03:55:46,Story Promotion,Quick question for our community: How do you handle Cloud Scale in your daily workflow? #DigitalMarketing #StartupLife,#DigitalMarketing #StartupLife,1830,2547,145.0,16,3,23,0,49
IN_0005,2,Instagram,2025-06-27,10:30:02,Image,We are excited to announce our newest breakthrough in Executive Leadership. Check out the link below! #Leadership #StartupLife,#Leadership #StartupLife,3507,5227,104.0,15,2,9,0,114
IN_0006,2,Instagram,2025-09-08,11:08:04,Carousel,We are excited to announce our newest breakthrough in Data Analytics. Check out the link below! #DigitalMarketing,#DigitalMarketing,4600,7826,275.0,56,11,9,0,108
IN_0007,2,Instagram,2025-02-11,10:35:16,Story Promotion,Mastering Brand Strategy in under 10 minutes. Read our full step-by-step guide now! #DesignThinking #StartupLife,#DesignThinking #StartupLife,3929,4591,140.0,15,8,24,0,172
IN_0008,2,Instagram,2025-04-13,09:06:10,Reel,Why Customer Engagement matters more than ever for modern business growth. #AI #DigitalMarketing #Innovation,#AI #DigitalMarketing #Innovation,8876,15205,410.0,31,31,41,7699,405
IN_0009,2,Instagram,2025-07-30,16:47:41,Image,We are excited to announce our newest breakthrough in Python Automation. Check out the link below! #DesignThinking,#DesignThinking,3617,4593,183.0,13,16,31,0,89
IN_0010,2,Instagram,2025-01-04,16:51:01,Story Promotion,Behind the scenes at our team workshop on Data Analytics. Innovation starts here! #TechTrends,#TechTrends,2773,3697,71.0,7,5,7,0,36
IN_0011,2,Instagram,2025-01-28,07:27:58,Story Promotion,We are excited to announce our newest breakthrough in Social Media ROI. Check out the link below! #Coding #StartupLife,#Coding #StartupLife,1538,2756,31.0,4,3,1,0,15
IN_0012,2,Instagram,2025-04-15,03:46:19,Story Promotion,Top 5 actionable strategies for Python Automation in 2025. Save this post for later! #Coding,#Coding,2168,2664,73.0,16,3,13,0,69
IN_0013,2,Instagram,2025-01-12,06:43:43,Reel,Behind the scenes at our team workshop on Social Media ROI. Innovation starts here! #Leadership #Coding,#Leadership #Coding,3847,5817,161.0,16,11,38,2431,194
IN_0014,2,Instagram,2025-07-19,00:24:04,Image,Why User Experience matters more than ever for modern business growth. #TechTrends #GrowthHacking #MarketingStrategy #Leadership,#TechTrends #GrowthHacking #MarketingStrategy #Leadership,9560,12910,682.0,102,44,146,0,282
IN_0015,2,Instagram,2025-10-16,12:21:11,Reel,Why Customer Engagement matters more than ever for modern business growth. #Coding #BusinessTips #AI,#Coding #BusinessTips #AI,16524,25798,901.0,212,108,146,7678,432
IN_0016,2,Instagram,2025-07-26,02:27:36,Reel,Top 5 actionable strategies for Content Marketing in 2025. Save this post for later! #StartupLife,#StartupLife,14405,19109,488.0,99,67,117,6521,778
IN_0017,2,Instagram,2025-02-02,02:15:16,Image,Quick question for our community: How do you handle Data Analytics in your daily workflow? #Leadership,#Leadership,8326,14541,326.0,61,22,96,0,322
IN_0018,2,Instagram,2025-05-27,08:12:36,Reel,Discover how Python Automation is transforming the industry! What are your thoughts? #AI #Innovation,#AI #Innovation,14211,17656,974.0,222,65,124,9568,193
IN_0019,2,Instagram,2025-11-25,19:13:46,Reel,Case study alert: How we boosted results by 350% using User Experience. #SocialMedia2025 #GrowthHacking #Productivity #Innovation,#SocialMedia2025 #GrowthHacking #Productivity #Innovation,25875,36411,1488.0,334,139,69,17041,389
IN_0020,2,Instagram,2025-01-12,08:09:22,Carousel,Behind the scenes at our team workshop on Customer Engagement. Innovation starts here! #MachineLearning #GrowthHacking #AI #MarketingStrategy,#MachineLearning #GrowthHacking #AI #MarketingStrategy,8006,13588,607.0,91,43,16,0,359
IN_0021,2,Instagram,2025-05-15,23:47:00,Carousel,Discover how Python Automation is transforming the industry! What are your thoughts? #DataAnalytics #GrowthHacking #DesignThinking,#DataAnalytics #GrowthHacking #DesignThinking,7677,12388,579.0,105,77,45,0,104
IN_0022,2,Instagram,01-19-2025,12:35:30,Story Promotion,Case study alert: How we boosted results by 350% using User Experience. #Coding,#Coding,1364,2191,35.0,5,1,3,0,46
IN_0023,2,Instagram,2025-01-29,00:57:34,Reel,Case study alert: How we boosted results by 350% using Cloud Scale. #StartupLife #Coding #MachineLearning #TechTrends,#StartupLife #Coding #MachineLearning #TechTrends,9080,12385,249.0,47,22,10,4167,370
IN_0024,2,Instagram,2025-01-30,08:40:17,Image,Sunday motivation: Start your week with a fresh mindset on Content Marketing. #MachineLearning #DesignThinking #Productivity #SocialMedia2025,#MachineLearning #DesignThinking #Productivity #SocialMedia2025,7985,13664,279.0,17,7,38,0,192
IN_0025,2,Instagram,2025-05-30,04:43:22,Story Promotion,Behind the scenes at our team workshop on AI Workflow. Innovation starts here! #AI,#AI,1155,1840,79.0,18,10,10,0,29
IN_0026,2,Instagram,06/05/2025,19:10:54,Carousel,Quick question for our community: How do you handle Cloud Scale in your daily workflow? #TechTrends,#TechTrends,14816,22747,545.0,49,20,159,0,318
IN_0027,2,Instagram,03-14-2025,01:18:21,Story Promotion,,#TechTrends,1390,2101,52.0,12,1,13,0,40
IN_0028,2,Instagram,2025-04-25,07:29:25,Story Promotion,Behind the scenes at our team workshop on Cloud Scale. Innovation starts here! #StartupLife,#StartupLife,3186,5594,237.0,47,15,59,0,73
IN_0029,2,Instagram,15/11/2025,15:48:15,Image,Why AI Workflow matters more than ever for modern business growth. #MachineLearning #StartupLife #DigitalMarketing #SocialMedia2025,#MachineLearning #StartupLife #DigitalMarketing #SocialMedia2025,7263,11899,258.0,62,20,76,0,159
IN_0030,2,Instagram,05-21-2025,03:06:51,Carousel,Behind the scenes at our team workshop on Brand Strategy. Innovation starts here! #TechTrends #Innovation #DigitalMarketing #GrowthHacking,#TechTrends #Innovation #DigitalMarketing #GrowthHacking,10422,17375,588.0,44,55,60,0,242
IN_0031,2,Instagram,08-27-2025,01:20:50,Story Promotion,Sunday motivation: Start your week with a fresh mindset on Cloud Scale. #BusinessTips #TechTrends,#BusinessTips #TechTrends,1412,2156,54.0,3,2,12,0,33
IN_0032,2,Instagram,2025-03-17,22:29:55,Reel,Case study alert: How we boosted results by 350% using AI Workflow. #MarketingStrategy,#MarketingStrategy,12593,14222,793.0,49,89,67,6658,553
IN_0033,2,Instagram,2025-11-04,08:32:42,Image,Unpopular opinion about Cloud Scale: Most teams are doing it wrong. Here is why... #AI #SocialMedia2025 #Coding #DataAnalytics,#AI #SocialMedia2025 #Coding #DataAnalytics,4220,7072,189.0,33,25,9,0,111
IN_0034,2,Instagram,2025-11-30,13:38:34,Carousel,Quick question for our community: How do you handle User Experience in your daily workflow? #MarketingStrategy,#MarketingStrategy,18895,32845,406.0,69,50,64,0,926
IN_0035,2,Instagram,2025-04-21,13:47:35,Image,Unpopular opinion about Social Media ROI: Most teams are doing it wrong. Here is why... #DesignThinking #StartupLife #AI #Coding,#DesignThinking #StartupLife #AI #Coding,15090,23257,966.0,152,34,255,0,753
IN_0036,2,Instagram,2025-06-12,09:48:02,Carousel,Quick question for our community: How do you handle Content Marketing in your daily workflow? #DataAnalytics #DesignThinking #Productivity,#DataAnalytics #DesignThinking #Productivity,4968,8846,305.0,42,44,39,0,69
IN_0037,2,Instagram,2025-09-05,22:02:07,Story Promotion,Unpopular opinion about Content Marketing: Most teams are doing it wrong. Here is why... #Coding #SocialMedia2025,#Coding #SocialMedia2025,1890,2852,53.0,5,3,5,0,26
IN_0038,2,Instagram,20/11/2025,07:12:45,Story Promotion,Behind the scenes at our team workshop on Data Analytics. Innovation starts here! #AI #BusinessTips,#AI #BusinessTips,2997,4282,78.0,17,10,1,0,54
IN_0039,2,Instagram,2025-07-18,15:22:39,Story Promotion,Top 5 actionable strategies for Cloud Scale in 2025. Save this post for later! #MachineLearning #DigitalMarketing,#MachineLearning #DigitalMarketing,3411,4555,192.0,13,21,6,0,191
IN_0040,2,Instagram,2025-08-12,10:31:57,Reel,Discover how Social Media ROI is transforming the industry! What are your thoughts? #MarketingStrategy,#MarketingStrategy,8765,13625,374.0,51,32,67,7646,130
IN_0041,2,Instagram,2025-09-26,21:06:39,Story Promotion,We are excited to announce our newest breakthrough in Customer Engagement. Check out the link below! #BusinessTips #GrowthHacking #DesignThinking,#BusinessTips #GrowthHacking #DesignThinking,867,1527,63.0,12,4,5,0,46
IN_0042,2,Instagram,2025-05-28,09:58:13,Reel,Top 5 actionable strategies for Social Media ROI in 2025. Save this post for later! #Coding #DigitalMarketing #Innovation,#Coding #DigitalMarketing #Innovation,14170,16985,,99,54,8,12062,821
IN_0043,2,Instagram,2025-01-14,13:27:16,Story Promotion,Behind the scenes at our team workshop on Executive Leadership. Innovation starts here! #Productivity #Leadership,#Productivity #Leadership,4691,8178,127.0,28,10,4,0,79
IN_0044,2,Instagram,2025-02-10,08:05:55,Carousel,Case study alert: How we boosted results by 350% using Social Media ROI. #DigitalMarketing #Leadership #StartupLife,#DigitalMarketing #Leadership #StartupLife,2160,3416,158.0,9,5,33,0,77
IN_0045,2,Instagram,11-17-2025,01:17:50,Image,Unpopular opinion about Content Marketing: Most teams are doing it wrong. Here is why... #Innovation #BusinessTips,#Innovation #BusinessTips,3292,3970,226.0,44,12,15,0,177
IN_0046,2,Instagram,2025-01-02,15:48:47,Reel,Behind the scenes at our team workshop on Social Media ROI. Innovation starts here! #BusinessTips,#BusinessTips,13525,17099,553.0,86,79,146,11095,726
IN_0047,2,Instagram,2025-11-03,13:00:09,Carousel,Behind the scenes at our team workshop on AI Workflow. Innovation starts here! #AI #DesignThinking,#AI #DesignThinking,10129,12896,460.0,39,66,92,0,277
IN_0048,2,Instagram,2025-09-08,21:53:01,Reel,Mastering Data Analytics in under 10 minutes. Read our full step-by-step guide now! #DigitalMarketing #SocialMedia2025 #DataAnalytics,#DigitalMarketing #SocialMedia2025 #DataAnalytics,25030,32116,977.0,125,75,122,21430,586
IN_0049,2,Instagram,2025-06-07,16:17:52,Reel,Top 5 actionable strategies for Cloud Scale in 2025. Save this post for later! #DesignThinking #StartupLife,#DesignThinking #StartupLife,13202,17568,743.0,40,84,180,5876,597
IN_0050,2,Instagram,2025-12-02,01:47:30,Carousel,,#MarketingStrategy #Productivity,9668,12598,286.0,35,21,48,0,216
IN_0051,2,Instagram,2025-09-27,03:43:57,Story Promotion,Discover how Data Analytics is transforming the industry! What are your thoughts? #DigitalMarketing #Coding,#DigitalMarketing #Coding,3220,4099,117.0,8,14,23,0,53
IN_0052,2,Instagram,2025-02-07,18:22:07,Story Promotion,Case study alert: How we boosted results by 350% using Data Analytics. #MachineLearning,#MachineLearning,1490,2406,100.0,8,9,10,0,39
IN_0053,2,Instagram,2025-04-14,03:37:45,Story Promotion,Mastering Python Automation in under 10 minutes. Read our full step-by-step guide now! #BusinessTips #AI #DataAnalytics,#BusinessTips #AI #DataAnalytics,2166,3758,112.0,11,2,17,0,64
IN_0054,2,Instagram,04-25-2025,21:02:23,Story Promotion,Behind the scenes at our team workshop on Content Marketing. Innovation starts here! #GrowthHacking #Leadership #Innovation #AI,#GrowthHacking #Leadership #Innovation #AI,5220,9307,134.0,11,17,20,0,117
IN_0055,2,Instagram,2025-10-18,08:27:45,Story Promotion,Discover how Customer Engagement is transforming the industry! What are your thoughts? #DigitalMarketing #MachineLearning #GrowthHacking #MarketingStrategy,#DigitalMarketing #MachineLearning #GrowthHacking #MarketingStrategy,2465,3412,50.0,9,5,12,0,91
IN_0056,2,Instagram,2025-12-29,17:35:07,Image,Discover how AI Workflow is transforming the industry! What are your thoughts? #MachineLearning #AI #BusinessTips #MarketingStrategy,#MachineLearning #AI #BusinessTips #MarketingStrategy,7516,9141,347.0,84,8,46,0,139
IN_0057,2,Instagram,2025-10-08,15:13:27,Carousel,Case study alert: How we boosted results by 350% using AI Workflow. #DigitalMarketing #MachineLearning #StartupLife #Coding,#DigitalMarketing #MachineLearning #StartupLife #Coding,11671,17444,349.0,37,38,84,0,672
IN_0058,2,Instagram,18/04/2025,12:01:16,Reel,We are excited to announce our newest breakthrough in Social Media ROI. Check out the link below! #TechTrends #GrowthHacking #BusinessTips #MarketingStrategy,#TechTrends #GrowthHacking #BusinessTips #MarketingStrategy,31310,34563,1943.0,174,62,277,14006,1291
IN_0059,2,Instagram,2025-04-26,12:33:34,Reel,Sunday motivation: Start your week with a fresh mindset on Customer Engagement. #Productivity #Coding #BusinessTips,#Productivity #Coding #BusinessTips,13562,22199,1031.0,167,106,70,9443,205
IN_0060,2,Instagram,2025-03-06,19:01:01,Story Promotion,,#DesignThinking #MachineLearning #Innovation,645,814,21.0,4,2,1,0,21
IN_0061,2,Instagram,2025-03-12,18:37:50,Story Promotion,Top 5 actionable strategies for Executive Leadership in 2025. Save this post for later! #DigitalMarketing #SocialMedia2025 #DesignThinking,#DigitalMarketing #SocialMedia2025 #DesignThinking,2859,4693,178.0,21,22,18,0,39
IN_0062,2,Instagram,2025-11-21,10:06:43,Story Promotion,Top 5 actionable strategies for Cloud Scale in 2025. Save this post for later! #Leadership #MachineLearning #DesignThinking #DigitalMarketing,#Leadership #MachineLearning #DesignThinking #DigitalMarketing,1992,2676,42.0,5,3,8,0,92
IN_0063,2,Instagram,2025-04-08,13:55:29,Image,Sunday motivation: Start your week with a fresh mindset on Content Marketing. #GrowthHacking #SocialMedia2025 #DataAnalytics #TechTrends,#GrowthHacking #SocialMedia2025 #DataAnalytics #TechTrends,2792,3792,98.0,22,9,1,0,66
IN_0064,2,Instagram,2025-05-10,09:58:56,Image,Case study alert: How we boosted results by 350% using Executive Leadership. #Leadership #MarketingStrategy #Coding #MachineLearning,#Leadership #MarketingStrategy #Coding #MachineLearning,1306,1462,96.0,7,11,25,0,21
IN_0065,2,Instagram,2025-11-23,02:16:09,Carousel,Quick question for our community: How do you handle Content Marketing in your daily workflow? #GrowthHacking,#GrowthHacking,3269,5852,207.0,25,4,41,0,100
IN_0066,2,Instagram,2025-09-14,05:22:14,Image,Case study alert: How we boosted results by 350% using Social Media ROI. #TechTrends #DigitalMarketing #Innovation #DataAnalytics,#TechTrends #DigitalMarketing #Innovation #DataAnalytics,6529,11030,499.0,56,46,22,0,217
IN_0067,2,Instagram,15/02/2025,04:13:58,Reel,Discover how AI Workflow is transforming the industry! What are your thoughts? #GrowthHacking #Innovation,#GrowthHacking #Innovation,16399,20535,696.0,46,79,56,13425,690
IN_0068,2,Instagram,2025-03-09,11:18:16,Carousel,Mastering Social Media ROI in under 10 minutes. Read our full step-by-step guide now! #MarketingStrategy #Innovation #GrowthHacking,#MarketingStrategy #Innovation #GrowthHacking,3491,5999,106.0,11,11,9,0,120
IN_0069,2,Instagram,2025-08-19,22:58:29,Reel,Mastering Data Analytics in under 10 minutes. Read our full step-by-step guide now! #MarketingStrategy #SocialMedia2025 #Innovation #DataAnalytics,#MarketingStrategy #SocialMedia2025 #Innovation #DataAnalytics,16803,27849,545.0,103,46,136,13394,244
IN_0070,2,Instagram,2025-01-17,04:11:52,Reel,Quick question for our community: How do you handle Executive Leadership in your daily workflow? #Leadership #Innovation,#Leadership #Innovation,8912,13473,196.0,37,19,51,3599,276
IN_0071,2,Instagram,2025-07-03,11:09:04,Reel,Sunday motivation: Start your week with a fresh mindset on Data Analytics. #DesignThinking #Innovation #Leadership #Productivity,#DesignThinking #Innovation #Leadership #Productivity,15346,21967,531.0,103,52,79,9216,184
IN_0072,2,Instagram,2025-09-17,03:55:36,Carousel,We are excited to announce our newest breakthrough in User Experience. Check out the link below! #Innovation #TechTrends #MarketingStrategy #SocialMedia2025,#Innovation #TechTrends #MarketingStrategy #SocialMedia2025,11637,20663,891.0,79,130,203,0,191
IN_0073,2,Instagram,2025-06-08,05:09:01,Story Promotion,We are excited to announce our newest breakthrough in Python Automation. Check out the link below! #Leadership #TechTrends,#Leadership #TechTrends,1032,1357,,7,2,7,0,18
IN_0074,2,Instagram,2025-03-23,12:33:02,Story Promotion,Unpopular opinion about Content Marketing: Most teams are doing it wrong. Here is why... #StartupLife #BusinessTips #Leadership #MachineLearning,#StartupLife #BusinessTips #Leadership #MachineLearning,1173,1395,77.0,5,9,20,0,59
IN_0075,2,Instagram,2025-02-06,12:37:44,Image,Quick question for our community: How do you handle Content Marketing in your daily workflow? #DesignThinking #DataAnalytics,#DesignThinking #DataAnalytics,8335,9177,466.0,60,14,35,0,291
IN_0076,2,Instagram,2025-07-16,23:48:46,Reel,Discover how Customer Engagement is transforming the industry! What are your thoughts? #BusinessTips #StartupLife #Leadership,#BusinessTips #StartupLife #Leadership,19430,23814,852.0,130,28,207,11136,906
IN_0077,2,Instagram,2025-03-24,11:36:55,Story Promotion,Mastering Executive Leadership in under 10 minutes. Read our full step-by-step guide now! #Leadership,#Leadership,603,842,38.0,2,4,10,0,21
IN_0078,2,Instagram,2025-07-06,04:03:57,Story Promotion,Discover how Cloud Scale is transforming the industry! What are your thoughts? #Productivity #StartupLife #AI #MarketingStrategy,#Productivity #StartupLife #AI #MarketingStrategy,3810,5764,121.0,25,13,17,0,47
IN_0079,2,Instagram,07/07/2025,01:49:23,Carousel,Case study alert: How we boosted results by 350% using Customer Engagement. #GrowthHacking #StartupLife #DigitalMarketing #TechTrends,#GrowthHacking #StartupLife #DigitalMarketing #TechTrends,4716,6564,220.0,24,5,9,0,219
IN_0080,2,Instagram,2025-10-01,03:26:35,Reel,Sunday motivation: Start your week with a fresh mindset on Executive Leadership. #Coding #DigitalMarketing #GrowthHacking #Leadership,#Coding #DigitalMarketing #GrowthHacking #Leadership,17071,28755,1091.0,168,86,35,10010,295
IN_0081,2,Instagram,07-15-2025,18:39:51,Image,We are excited to announce our newest breakthrough in Brand Strategy. Check out the link below! #BusinessTips #Coding #TechTrends,#BusinessTips #Coding #TechTrends,5007,7796,365.0,79,27,15,0,98
IN_0082,2,Instagram,2025-05-05,01:46:40,Story Promotion,Behind the scenes at our team workshop on Content Marketing. Innovation starts here! #DigitalMarketing #MachineLearning #Productivity #MarketingStrategy,#DigitalMarketing #MachineLearning #Productivity #MarketingStrategy,571,787,17.0,1,0,1,0,28
IN_0083,2,Instagram,2025-11-22,11:35:01,Reel,Behind the scenes at our team workshop on Data Analytics. Innovation starts here! #DataAnalytics #AI #Innovation,#DataAnalytics #AI #Innovation,13129,18675,594.0,100,53,87,8912,356
IN_0084,2,Instagram,2025-09-13,07:40:08,Reel,Sunday motivation: Start your week with a fresh mindset on Python Automation. #BusinessTips #TechTrends #StartupLife,#BusinessTips #TechTrends #StartupLife,13531,20200,550.0,50,81,64,7386,348
IN_0085,2,Instagram,2025-03-27,22:43:43,Story Promotion,Behind the scenes at our team workshop on Python Automation. Innovation starts here! #DesignThinking,#DesignThinking,2193,2772,165.0,12,16,42,0,32
IN_0086,2,Instagram,2025-04-02,05:47:35,Story Promotion,Sunday motivation: Start your week with a fresh mindset on Cloud Scale. #GrowthHacking #DesignThinking #DataAnalytics #BusinessTips,#GrowthHacking #DesignThinking #DataAnalytics #BusinessTips,3213,4951,192.0,35,19,37,0,112
IN_0087,2,Instagram,2025-08-26,10:25:23,Story Promotion,Discover how Social Media ROI is transforming the industry! What are your thoughts? #BusinessTips #DigitalMarketing,#BusinessTips #DigitalMarketing,1622,2311,49.0,11,3,9,0,95
IN_0088,2,Instagram,2025-03-12,22:11:55,Image,We are excited to announce our newest breakthrough in User Experience. Check out the link below! #TechTrends #GrowthHacking #Innovation #DataAnalytics,#TechTrends #GrowthHacking #Innovation #DataAnalytics,5100,5934,215.0,42,28,42,0,191
IN_0089,2,Instagram,2025-07-08,08:42:47,Reel,Discover how Brand Strategy is transforming the industry! What are your thoughts? #DigitalMarketing #AI,#DigitalMarketing #AI,10429,13260,586.0,145,72,171,6779,162
IN_0090,2,Instagram,2025-03-23,08:54:54,Image,Mastering Data Analytics in under 10 minutes. Read our full step-by-step guide now! #StartupLife,#StartupLife,9680,16490,234.0,31,12,50,0,155
IN_0091,2,Instagram,2025-01-13,15:57:57,Image,Quick question for our community: How do you handle Customer Engagement in your daily workflow? #Productivity #Coding #MachineLearning #TechTrends,#Productivity #Coding #MachineLearning #TechTrends,9084,13993,421.0,87,14,107,0,435
IN_0092,2,Instagram,2025-07-07,15:01:58,Reel,Top 5 actionable strategies for Content Marketing in 2025. Save this post for later! #DataAnalytics #DigitalMarketing #AI #GrowthHacking,#DataAnalytics #DigitalMarketing #AI #GrowthHacking,14948,24316,977.0,115,107,103,9345,342
IN_0093,2,Instagram,2025-09-25,10:30:05,Carousel,We are excited to announce our newest breakthrough in User Experience. Check out the link below! #MachineLearning #DigitalMarketing #Productivity,#MachineLearning #DigitalMarketing #Productivity,4850,7755,292.0,23,36,13,0,195
IN_0094,2,Instagram,2025-04-19,21:14:05,Image,Case study alert: How we boosted results by 350% using Customer Engagement. #MachineLearning #SocialMedia2025 #Coding,#MachineLearning #SocialMedia2025 #Coding,9928,12105,403.0,32,52,40,0,285
IN_0095,2,Instagram,2025-09-26,17:33:03,Story Promotion,Unpopular opinion about Data Analytics: Most teams are doing it wrong. Here is why... #GrowthHacking,#GrowthHacking,1222,1582,81.0,16,8,9,0,40
IN_0096,2,Instagram,2025-09-26,08:18:53,Carousel,Top 5 actionable strategies for Data Analytics in 2025. Save this post for later! #StartupLife #AI #GrowthHacking #SocialMedia2025,#StartupLife #AI #GrowthHacking #SocialMedia2025,12512,21178,653.0,43,80,91,0,452
IN_0097,2,Instagram,2025-11-30,08:55:24,Story Promotion,Behind the scenes at our team workshop on Social Media ROI. Innovation starts here! #Innovation,#Innovation,738,909,51.0,3,7,8,0,9
IN_0098,2,Instagram,2025-08-26,03:34:40,Image,Why Brand Strategy matters more than ever for modern business growth. #DataAnalytics,#DataAnalytics,1701,2106,89.0,8,7,15,0,66
IN_0099,2,Instagram,2025-11-26,07:05:32,Story Promotion,Behind the scenes at our team workshop on Data Analytics. Innovation starts here! #DesignThinking #BusinessTips #Innovation,#DesignThinking #BusinessTips #Innovation,1048,1524,53.0,12,3,13,0,23
IN_0100,2,Instagram,08-14-2025,04:03:30,Reel,Case study alert: How we boosted results by 350% using Executive Leadership. #GrowthHacking,#GrowthHacking,4998,5727,229.0,25,32,31,3593,184
IN_0101,2,Instagram,2025-04-20,11:11:05,Carousel,Unpopular opinion about Cloud Scale: Most teams are doing it wrong. Here is why... #AI #StartupLife #DigitalMarketing #Innovation,#AI #StartupLife #DigitalMarketing #Innovation,3099,3748,204.0,42,26,38,0,55
IN_0102,2,Instagram,2025-08-02,09:48:28,Carousel,Quick question for our community: How do you handle Executive Leadership in your daily workflow? #GrowthHacking #MarketingStrategy #DigitalMarketing,#GrowthHacking #MarketingStrategy #DigitalMarketing,10968,14485,422.0,68,50,4,0,625
IN_0103,2,Instagram,2025-03-13,16:38:05,Image,Behind the scenes at our team workshop on Content Marketing. Innovation starts here! #StartupLife #MachineLearning,#StartupLife #MachineLearning,4239,5617,285.0,32,26,19,0,87
IN_0104,2,Instagram,2025-05-05,05:50:26,Story Promotion,Why User Experience matters more than ever for modern business growth. #TechTrends #DesignThinking #StartupLife #BusinessTips,#TechTrends #DesignThinking #StartupLife #BusinessTips,4002,6044,94.0,5,6,15,0,127
IN_0105,2,Instagram,02-07-2025,11:48:58,Story Promotion,,#Innovation #DigitalMarketing,725,921,39.0,7,2,6,0,17
IN_0106,2,Instagram,12-25-2025,11:25:51,Carousel,Why Executive Leadership matters more than ever for modern business growth. #MarketingStrategy #GrowthHacking,#MarketingStrategy #GrowthHacking,5520,6840,432.0,43,42,121,0,93
IN_0107,2,Instagram,2025-01-25,19:14:18,Carousel,Case study alert: How we boosted results by 350% using Data Analytics. #TechTrends #SocialMedia2025 #DesignThinking #GrowthHacking,#TechTrends #SocialMedia2025 #DesignThinking #GrowthHacking,12445,19215,797.0,129,116,188,0,455
IN_0108,2,Instagram,2025-08-28,22:12:38,Reel,We are excited to announce our newest breakthrough in AI Workflow. Check out the link below! #Productivity #DigitalMarketing #Leadership #DesignThinking,,3355,5211,135.0,20,14,33,2067,37
IN_0109,2,Instagram,2025-01-10,00:18:39,Story Promotion,Quick question for our community: How do you handle Social Media ROI in your daily workflow? #Productivity #DataAnalytics #Innovation,#Productivity #DataAnalytics #Innovation,2787,3456,193.0,45,26,41,0,108
IN_0110,2,Instagram,2025-02-21,00:57:17,Image,Unpopular opinion about Social Media ROI: Most teams are doing it wrong. Here is why... #AI #GrowthHacking #Productivity,#AI #GrowthHacking #Productivity,2736,3322,217.0,20,30,50,0,31
IN_0111,2,Instagram,2025-07-12,00:55:32,Reel,Why Python Automation matters more than ever for modern business growth. #Leadership,#Leadership,5772,7886,397.0,27,16,109,4399,92
IN_0112,2,Instagram,2025-11-06,13:02:54,Carousel,Case study alert: How we boosted results by 350% using Python Automation. #DataAnalytics #AI,#DataAnalytics #AI,6647,7832,315.0,16,39,39,0,351
IN_0113,2,Instagram,2025-08-11,23:44:19,Image,Quick question for our community: How do you handle Python Automation in your daily workflow? #TechTrends #DigitalMarketing #MachineLearning #StartupLife,#TechTrends #DigitalMarketing #MachineLearning #StartupLife,8385,10264,172.0,26,6,25,0,100
IN_0114,2,Instagram,2025-05-31,13:31:59,Reel,We are excited to announce our newest breakthrough in Python Automation. Check out the link below! #MarketingStrategy #SocialMedia2025,#MarketingStrategy #SocialMedia2025,26122,32055,1900.0,136,78,293,14446,1077
IN_0115,2,Instagram,2025-01-14,12:04:21,Story Promotion,Discover how Data Analytics is transforming the industry! What are your thoughts? #Coding #BusinessTips,#Coding #BusinessTips,4953,7953,149.0,10,9,11,0,153
IN_0116,2,Instagram,2025-08-01,19:32:29,Image,Case study alert: How we boosted results by 350% using Customer Engagement. #Leadership #DigitalMarketing #MarketingStrategy #GrowthHacking,#Leadership #DigitalMarketing #MarketingStrategy #GrowthHacking,9861,15791,479.0,95,62,32,0,206
IN_0117,2,Instagram,2025-02-12,03:27:04,Carousel,Unpopular opinion about User Experience: Most teams are doing it wrong. Here is why... #DataAnalytics,#DataAnalytics,9811,12860,614.0,87,59,98,0,582
IN_0118,2,Instagram,2025-07-11,05:17:14,Image,Unpopular opinion about Python Automation: Most teams are doing it wrong. Here is why... #DesignThinking,#DesignThinking,1097,1694,76.0,7,5,1,0,37
IN_0119,2,Instagram,2025-10-23,14:46:10,Reel,Behind the scenes at our team workshop on Executive Leadership. Innovation starts here! #SocialMedia2025 #Leadership #AI,#SocialMedia2025 #Leadership #AI,17735,23696,1415.0,123,91,371,13939,581
IN_0120,2,Instagram,2025-05-15,02:17:52,Story Promotion,Why Data Analytics matters more than ever for modern business growth. #AI #DataAnalytics,#AI #DataAnalytics,843,1347,23.0,2,1,3,0,48
IN_0121,2,Instagram,2025-09-19,07:05:43,Reel,Quick question for our community: How do you handle Data Analytics in your daily workflow? #MachineLearning #Coding,#MachineLearning #Coding,16239,24261,841.0,49,75,139,12128,972
IN_0122,2,Instagram,22/11/2025,23:05:40,Reel,Mastering Social Media ROI in under 10 minutes. Read our full step-by-step guide now! #Productivity #DataAnalytics #DigitalMarketing #TechTrends,#Productivity #DataAnalytics #DigitalMarketing #TechTrends,18444,32837,1357.0,194,51,382,7380,416
IN_0123,2,Instagram,11-10-2025,21:37:34,Image,We are excited to announce our newest breakthrough in Python Automation. Check out the link below! #MarketingStrategy #Leadership,#MarketingStrategy #Leadership,12493,22058,431.0,89,44,53,0,245
IN_0124,2,Instagram,22/05/2025,05:06:47,Image,We are excited to announce our newest breakthrough in User Experience. Check out the link below! #DataAnalytics #Leadership,#DataAnalytics #Leadership,7625,8444,206.0,23,6,39,0,255
IN_0125,2,Instagram,2025-11-09,16:32:34,Carousel,Behind the scenes at our team workshop on Customer Engagement. Innovation starts here! #BusinessTips,#BusinessTips,6737,10169,488.0,91,60,112,0,143
IN_0126,2,Instagram,2025-11-03,13:12:00,Story Promotion,Behind the scenes at our team workshop on Python Automation. Innovation starts here! #TechTrends #StartupLife #AI #DigitalMarketing,#TechTrends #StartupLife #AI #DigitalMarketing,4260,5666,255.0,25,16,3,0,194
IN_0127,2,Instagram,2025-08-11,09:40:32,Story Promotion,Discover how Cloud Scale is transforming the industry! What are your thoughts? #Innovation #SocialMedia2025 #StartupLife #BusinessTips,#Innovation #SocialMedia2025 #StartupLife #BusinessTips,2556,4231,197.0,32,6,45,0,71
IN_0128,2,Instagram,2025-07-21,01:27:05,Story Promotion,Mastering Executive Leadership in under 10 minutes. Read our full step-by-step guide now! #BusinessTips,#BusinessTips,498,745,10.0,2,0,2,0,24
IN_0129,2,Instagram,2025-12-16,12:31:35,Reel,Behind the scenes at our team workshop on Customer Engagement. Innovation starts here! #DesignThinking #TechTrends #GrowthHacking #Leadership,#DesignThinking #TechTrends #GrowthHacking #Leadership,7702,11483,553.0,99,64,126,6088,143
IN_0130,2,Instagram,2025-10-03,08:17:08,Carousel,Mastering AI Workflow in under 10 minutes. Read our full step-by-step guide now! #StartupLife,#StartupLife,7095,8729,304.0,31,34,33,0,356
IN_0131,2,Instagram,2025-06-15,00:34:47,Carousel,We are excited to announce our newest breakthrough in Cloud Scale. Check out the link below! #DesignThinking #SocialMedia2025 #Productivity,#DesignThinking #SocialMedia2025 #Productivity,9409,11658,239.0,40,32,30,0,217
IN_0132,2,Instagram,2025-07-17,03:46:22,Carousel,Unpopular opinion about User Experience: Most teams are doing it wrong. Here is why... #GrowthHacking,#GrowthHacking,1771,2627,106.0,11,8,26,0,104
IN_0133,2,Instagram,2025-04-21,05:17:34,Reel,Case study alert: How we boosted results by 350% using Data Analytics. #Productivity #Leadership #BusinessTips #SocialMedia2025,#Productivity #Leadership #BusinessTips #SocialMedia2025,5528,6800,282.0,36,26,76,3281,127
IN_0134,2,Instagram,2025-08-09,13:28:46,Reel,Quick question for our community: How do you handle Brand Strategy in your daily workflow? #AI #MachineLearning #MarketingStrategy,#AI #MachineLearning #MarketingStrategy,31110,39597,1626.0,123,239,386,20337,1051
IN_0135,2,Instagram,06-28-2025,23:28:56,Reel,Why Executive Leadership matters more than ever for modern business growth. #Innovation #Productivity #TechTrends,#Innovation #Productivity #TechTrends,11085,15578,855.0,72,79,147,4752,303
IN_0136,2,Instagram,2025-02-03,10:03:07,Image,Mastering User Experience in under 10 minutes. Read our full step-by-step guide now! #BusinessTips #MachineLearning #DesignThinking #MarketingStrategy,#BusinessTips #MachineLearning #DesignThinking #MarketingStrategy,4927,7276,297.0,34,27,78,0,282
IN_0137,2,Instagram,06-11-2025,00:14:48,Image,Top 5 actionable strategies for Brand Strategy in 2025. Save this post for later! #DesignThinking,#DesignThinking,5606,9032,358.0,35,35,82,0,106
IN_0138,2,Instagram,2025-03-03,12:04:48,Story Promotion,Why User Experience matters more than ever for modern business growth. #DesignThinking #BusinessTips #Productivity #MachineLearning,#DesignThinking #BusinessTips #Productivity #MachineLearning,2576,3006,106.0,20,14,16,0,49
IN_0139,2,Instagram,2025-11-21,02:58:11,Image,Case study alert: How we boosted results by 350% using Cloud Scale. #TechTrends #Innovation #Coding,#TechTrends #Innovation #Coding,4236,5159,329.0,51,6,39,0,48
IN_0140,2,Instagram,2025-03-30,06:51:44,Story Promotion,We are excited to announce our newest breakthrough in Social Media ROI. Check out the link below! #GrowthHacking #AI,#GrowthHacking #AI,2497,4304,155.0,35,6,8,0,127
IN_0141,2,Instagram,03-03-2025,11:20:50,Image,We are excited to announce our newest breakthrough in Brand Strategy. Check out the link below! #Innovation #SocialMedia2025,#Innovation #SocialMedia2025,5325,8107,425.0,99,60,118,0,199
IN_0142,2,Instagram,2025-10-11,02:23:00,Carousel,Unpopular opinion about Social Media ROI: Most teams are doing it wrong. Here is why... #Productivity #Leadership,#Productivity #Leadership,1781,2032,140.0,20,18,28,0,85
IN_0143,2,Instagram,02/12/2025,11:40:15,Story Promotion,We are excited to announce our newest breakthrough in Cloud Scale. Check out the link below! #DigitalMarketing #GrowthHacking,#DigitalMarketing #GrowthHacking,1126,1982,51.0,6,1,0,0,17
IN_0144,2,Instagram,2025-05-28,02:00:24,Image,Sunday motivation: Start your week with a fresh mindset on Content Marketing. #DigitalMarketing,#DigitalMarketing,5969,7290,231.0,13,5,67,0,174
IN_0145,2,Instagram,2025-12-17,15:47:39,Reel,Unpopular opinion about Cloud Scale: Most teams are doing it wrong. Here is why... #StartupLife #MachineLearning #TechTrends,#StartupLife #MachineLearning #TechTrends,19338,33351,1213.0,78,56,84,13927,208
IN_0146,2,Instagram,29/05/2025,00:10:21,Carousel,Discover how Social Media ROI is transforming the industry! What are your thoughts? #Productivity #DataAnalytics #GrowthHacking #BusinessTips,#Productivity #DataAnalytics #GrowthHacking #BusinessTips,8279,12710,293.0,68,31,63,0,456
IN_0147,2,Instagram,2025-05-20,14:53:55,Story Promotion,Behind the scenes at our team workshop on Python Automation. Innovation starts here! #DigitalMarketing #Productivity #DataAnalytics #Leadership,#DigitalMarketing #Productivity #DataAnalytics #Leadership,4182,5757,258.0,36,27,19,0,175
IN_0148,2,Instagram,2025-04-04,19:32:57,Carousel,Sunday motivation: Start your week with a fresh mindset on Python Automation. #SocialMedia2025 #DigitalMarketing #Productivity,#SocialMedia2025 #DigitalMarketing #Productivity,15823,21779,1157.0,104,36,295,0,317
IN_0149,2,Instagram,2025-02-27,08:19:28,Story Promotion,Top 5 actionable strategies for Social Media ROI in 2025. Save this post for later! #DesignThinking,#DesignThinking,2647,3723,75.0,12,1,21,0,127
IN_0150,2,Instagram,10-19-2025,00:31:02,Carousel,Unpopular opinion about Customer Engagement: Most teams are doing it wrong. Here is why... #GrowthHacking #Leadership,#GrowthHacking #Leadership,1954,2669,150.0,22,7,28,0,52
IN_0151,2,Instagram,2025-05-06,21:54:20,Reel,Top 5 actionable strategies for Social Media ROI in 2025. Save this post for later! #TechTrends #AI #StartupLife,#TechTrends #AI #StartupLife,18296,28047,552.0,130,37,28,8267,396
IN_0152,2,Instagram,18/10/2025,04:21:21,Image,Why User Experience matters more than ever for modern business growth. #TechTrends,#TechTrends,6612,8580,376.0,52,44,78,0,268
IN_0153,2,Instagram,2025-03-20,16:32:15,Carousel,We are excited to announce our newest breakthrough in Content Marketing. Check out the link below! #DigitalMarketing #StartupLife,#DigitalMarketing #StartupLife,5826,7457,172.0,34,13,16,0,70
IN_0154,2,Instagram,2025-07-25,04:33:07,Carousel,Why Content Marketing matters more than ever for modern business growth. #BusinessTips #Coding #Leadership #MachineLearning,#BusinessTips #Coding #Leadership #MachineLearning,5826,7891,230.0,29,26,16,0,121
IN_0155,2,Instagram,2025-12-04,22:31:57,Story Promotion,Mastering Cloud Scale in under 10 minutes. Read our full step-by-step guide now! #GrowthHacking #StartupLife #DigitalMarketing #DataAnalytics,#GrowthHacking #StartupLife #DigitalMarketing #DataAnalytics,801,1246,30.0,6,3,5,0,10
IN_0156,2,Instagram,2025-07-16,18:50:29,Story Promotion,We are excited to announce our newest breakthrough in Data Analytics. Check out the link below! #BusinessTips #Innovation,#BusinessTips #Innovation,4859,7261,142.0,18,17,9,0,148
IN_0157,2,Instagram,2025-09-07,11:30:46,Image,Discover how AI Workflow is transforming the industry! What are your thoughts? #AI,#AI,20119,34138,780.0,179,36,41,0,415
IN_0158,2,Instagram,2025-10-26,16:15:38,Reel,We are excited to announce our newest breakthrough in Customer Engagement. Check out the link below! #AI #DesignThinking #SocialMedia2025,#AI #DesignThinking #SocialMedia2025,4795,6668,249.0,43,10,42,3043,283
IN_0159,2,Instagram,06/12/2025,05:20:21,Image,Why Data Analytics matters more than ever for modern business growth. #Coding #BusinessTips,#Coding #BusinessTips,2463,2743,150.0,32,21,26,0,47
IN_0160,2,Instagram,18/10/2025,12:31:06,Image,We are excited to announce our newest breakthrough in Brand Strategy. Check out the link below! #MarketingStrategy,#MarketingStrategy,10729,18687,286.0,67,41,19,0,447
IN_0161,2,Instagram,07-01-2025,21:56:51,Story Promotion,Case study alert: How we boosted results by 350% using Data Analytics. #MarketingStrategy #GrowthHacking #DigitalMarketing #DataAnalytics,#MarketingStrategy #GrowthHacking #DigitalMarketing #DataAnalytics,3580,6233,176.0,40,4,13,0,90
IN_0162,2,Instagram,2025-12-03,16:40:42,Carousel,Sunday motivation: Start your week with a fresh mindset on Cloud Scale. #MarketingStrategy,#MarketingStrategy,57996,71900,2795.0,356,308,247,0,1667
IN_0163,2,Instagram,2025-08-06,14:49:31,Reel,Behind the scenes at our team workshop on Brand Strategy. Innovation starts here! #SocialMedia2025 #DataAnalytics #Leadership,#SocialMedia2025 #DataAnalytics #Leadership,29043,50626,728.0,133,44,114,13265,1467
IN_0164,2,Instagram,2025-07-11,02:21:54,Reel,Discover how AI Workflow is transforming the industry! What are your thoughts? #TechTrends,#TechTrends,8242,14310,199.0,33,28,57,5897,218
IN_0165,2,Instagram,13/03/2025,07:15:51,Image,Top 5 actionable strategies for Social Media ROI in 2025. Save this post for later! #MachineLearning,#MachineLearning,40771,46275,1009.0,115,89,149,0,809
IN_0166,2,Instagram,28/05/2025,21:32:49,Image,Top 5 actionable strategies for Executive Leadership in 2025. Save this post for later! #SocialMedia2025 #TechTrends,#SocialMedia2025 #TechTrends,4202,5045,220.0,53,24,47,0,57
IN_0167,2,Instagram,2025-03-25,14:22:09,Carousel,Mastering User Experience in under 10 minutes. Read our full step-by-step guide now! #SocialMedia2025 #StartupLife #DigitalMarketing #DataAnalytics,#SocialMedia2025 #StartupLife #DigitalMarketing #DataAnalytics,8271,10492,168.0,38,18,15,0,149
IN_0168,2,Instagram,2025-01-31,22:34:04,Story Promotion,Quick question for our community: How do you handle AI Workflow in your daily workflow? #TechTrends #MachineLearning #StartupLife #AI,#TechTrends #MachineLearning #StartupLife #AI,3745,5067,227.0,42,6,19,0,194
IN_0169,2,Instagram,2025-09-13,10:55:53,Carousel,We are excited to announce our newest breakthrough in Cloud Scale. Check out the link below! #DataAnalytics #Innovation,#DataAnalytics #Innovation,5412,7714,258.0,60,33,75,0,179
IN_0170,2,Instagram,07-17-2025,15:16:37,Reel,,#Productivity #StartupLife #MarketingStrategy #BusinessTips,190716,232853,10599.0,919,342,1308,90580,5123
IN_0171,2,Instagram,2025-10-09,10:06:34,Story Promotion,Discover how User Experience is transforming the industry! What are your thoughts? #BusinessTips #Coding #MarketingStrategy #Leadership,#BusinessTips #Coding #MarketingStrategy #Leadership,791,1397,49.0,8,1,7,0,27
IN_0172,2,Instagram,2025-11-20,05:46:28,Carousel,Case study alert: How we boosted results by 350% using User Experience. #Innovation #AI #Coding #MarketingStrategy,#Innovation #AI #Coding #MarketingStrategy,9749,16231,700.0,86,102,19,0,315
IN_0173,2,Instagram,2025-04-30,11:22:44,Story Promotion,Unpopular opinion about Customer Engagement: Most teams are doing it wrong. Here is why... #Innovation #DesignThinking #GrowthHacking,#Innovation #DesignThinking #GrowthHacking,3924,6463,213.0,49,23,39,0,198
IN_0174,2,Instagram,10/06/2025,18:36:12,Story Promotion,Why Social Media ROI matters more than ever for modern business growth. #AI #SocialMedia2025 #Leadership,#AI #SocialMedia2025 #Leadership,5681,10059,204.0,28,24,48,0,135
IN_0175,2,Instagram,2025-05-07,08:07:52,Carousel,Quick question for our community: How do you handle Brand Strategy in your daily workflow? #SocialMedia2025 #MarketingStrategy #DesignThinking #DigitalMarketing,#SocialMedia2025 #MarketingStrategy #DesignThinking #DigitalMarketing,4960,8522,158.0,33,7,43,0,199
IN_0176,2,Instagram,2025-09-26,18:21:17,Story Promotion,Behind the scenes at our team workshop on Python Automation. Innovation starts here! #DigitalMarketing,#DigitalMarketing,2308,2585,135.0,18,9,31,0,137
IN_0177,2,Instagram,2025-08-16,11:26:08,Carousel,Why Executive Leadership matters more than ever for modern business growth. #DataAnalytics #MachineLearning #Innovation,#DataAnalytics #MachineLearning #Innovation,8136,10788,170.0,10,10,25,0,139
IN_0178,2,Instagram,2025-08-11,23:31:55,Reel,Behind the scenes at our team workshop on Brand Strategy. Innovation starts here! #StartupLife,#StartupLife,15812,17829,801.0,155,90,123,13653,268
IN_0179,2,Instagram,02-17-2025,13:07:07,Carousel,Mastering AI Workflow in under 10 minutes. Read our full step-by-step guide now! #GrowthHacking #DesignThinking #AI #Leadership,#GrowthHacking #DesignThinking #AI #Leadership,11535,17870,504.0,40,63,124,0,374
IN_0180,2,Instagram,2025-05-03,02:03:27,Image,,#Leadership #TechTrends,3007,3628,217.0,32,13,49,0,130
IN_0181,2,Instagram,2025-12-09,15:06:26,Image,Unpopular opinion about Content Marketing: Most teams are doing it wrong. Here is why... #DataAnalytics,#DataAnalytics,1034,1645,56.0,6,7,3,0,21
IN_0182,2,Instagram,2025-05-25,09:40:18,Story Promotion,Behind the scenes at our team workshop on Social Media ROI. Innovation starts here! #DesignThinking #Innovation,#DesignThinking #Innovation,1597,2047,43.0,4,1,7,0,67
IN_0183,2,Instagram,2025-01-22,14:06:24,Reel,Unpopular opinion about Content Marketing: Most teams are doing it wrong. Here is why... #Productivity #MachineLearning #StartupLife,#Productivity #MachineLearning #StartupLife,26336,35623,612.0,107,57,163,13857,936
IN_0184,2,Instagram,2025-06-20,07:30:47,Story Promotion,Why Brand Strategy matters more than ever for modern business growth. #BusinessTips #Innovation #DesignThinking #MarketingStrategy,#BusinessTips #Innovation #DesignThinking #MarketingStrategy,2580,4273,154.0,36,4,6,0,25
IN_0185,2,Instagram,2025-05-21,00:00:01,Story Promotion,Quick question for our community: How do you handle User Experience in your daily workflow? #AI #TechTrends,#AI #TechTrends,1100,1535,79.0,5,5,1,0,53
IN_0186,2,Instagram,15/04/2025,04:22:51,Image,Top 5 actionable strategies for Executive Leadership in 2025. Save this post for later! #TechTrends #AI,#TechTrends #AI,4954,8523,305.0,31,6,52,0,65
IN_0187,2,Instagram,2025-07-13,01:05:18,Story Promotion,Top 5 actionable strategies for Executive Leadership in 2025. Save this post for later! #MarketingStrategy #TechTrends #Innovation #Productivity,#MarketingStrategy #TechTrends #Innovation #Productivity,3599,5747,227.0,20,12,46,0,209
IN_0188,2,Instagram,29/11/2025,01:36:23,Story Promotion,Discover how Cloud Scale is transforming the industry! What are your thoughts? #DesignThinking #DataAnalytics #MachineLearning #Coding,#DesignThinking #DataAnalytics #MachineLearning #Coding,727,986,50.0,7,3,13,0,33
IN_0189,2,Instagram,2025-07-28,06:20:01,Carousel,Why Executive Leadership matters more than ever for modern business growth. #DesignThinking #DigitalMarketing #MarketingStrategy,#DesignThinking #DigitalMarketing #MarketingStrategy,6052,10730,152.0,15,5,42,0,255
IN_0190,2,Instagram,2025-01-22,12:30:17,Reel,We are excited to announce our newest breakthrough in User Experience. Check out the link below! #SocialMedia2025 #StartupLife #MachineLearning,#SocialMedia2025 #StartupLife #MachineLearning,19414,34635,1311.0,281,93,326,16314,1155
IN_0191,2,Instagram,2025-05-11,20:02:28,Reel,Quick question for our community: How do you handle Content Marketing in your daily workflow? #Leadership #AI #GrowthHacking,#Leadership #AI #GrowthHacking,14347,22378,625.0,103,73,130,12825,305
IN_0192,2,Instagram,07/04/2025,00:01:18,Image,Behind the scenes at our team workshop on Executive Leadership. Innovation starts here! #Coding #AI,#Coding #AI,4524,7589,237.0,16,29,3,0,52
IN_0193,2,Instagram,2025-02-06,02:26:24,Image,Sunday motivation: Start your week with a fresh mindset on Python Automation. #StartupLife #BusinessTips #TechTrends,#StartupLife #BusinessTips #TechTrends,4364,5437,199.0,33,16,37,0,52
IN_0194,2,Instagram,2025-01-16,09:18:45,Story Promotion,Sunday motivation: Start your week with a fresh mindset on Cloud Scale. #BusinessTips,#BusinessTips,1684,2997,83.0,4,2,12,0,93
IN_0195,2,Instagram,2025-11-20,03:25:21,Carousel,Why Content Marketing matters more than ever for modern business growth. #TechTrends #GrowthHacking #DigitalMarketing #SocialMedia2025,#TechTrends #GrowthHacking #DigitalMarketing #SocialMedia2025,6085,6737,168.0,37,20,47,0,196
IN_0196,2,Instagram,2025-07-18,19:30:10,Image,Case study alert: How we boosted results by 350% using Customer Engagement. #MachineLearning,#MachineLearning,13789,17999,410.0,44,25,17,0,244
IN_0197,2,Instagram,2025-01-03,14:06:04,Reel,We are excited to announce our newest breakthrough in Python Automation. Check out the link below! #DigitalMarketing,#DigitalMarketing,27688,41767,1373.0,264,171,391,12682,504
IN_0198,2,Instagram,2025-01-13,15:57:02,Story Promotion,Mastering Data Analytics in under 10 minutes. Read our full step-by-step guide now! #StartupLife #SocialMedia2025 #AI,#StartupLife #SocialMedia2025 #AI,1421,2117,64.0,4,3,18,0,39
IN_0199,2,Instagram,2025-03-12,04:24:21,Image,Why User Experience matters more than ever for modern business growth. #StartupLife #DataAnalytics,#StartupLife #DataAnalytics,5747,8563,279.0,68,29,49,0,90
IN_0200,2,Instagram,2025-12-26,14:13:31,Image,Case study alert: How we boosted results by 350% using Cloud Scale. #AI,#AI,9480,10486,690.0,53,96,179,0,474
IN_0201,2,Instagram,2025-02-20,06:16:39,Image,We are excited to announce our newest breakthrough in Social Media ROI. Check out the link below! #Productivity #SocialMedia2025,#Productivity #SocialMedia2025,1566,2285,124.0,20,6,28,0,81
IN_0202,2,Instagram,2025-01-31,15:43:26,Carousel,Quick question for our community: How do you handle Python Automation in your daily workflow? #DataAnalytics,#DataAnalytics,8369,14284,543.0,40,54,129,0,455
IN_0203,2,Instagram,2025-11-03,18:58:42,Image,Top 5 actionable strategies for Python Automation in 2025. Save this post for later! #BusinessTips,#BusinessTips,11098,18244,736.0,42,41,67,0,471
IN_0204,2,Instagram,06/11/2025,11:54:32,Story Promotion,Case study alert: How we boosted results by 350% using Cloud Scale. #BusinessTips #DesignThinking #MachineLearning #Innovation,#BusinessTips #DesignThinking #MachineLearning #Innovation,2610,4078,142.0,20,4,21,0,70
IN_0205,2,Instagram,18/05/2025,09:52:33,Reel,Unpopular opinion about Brand Strategy: Most teams are doing it wrong. Here is why... #Coding #DataAnalytics #Innovation,#Coding #DataAnalytics #Innovation,7608,12766,388.0,51,21,51,5550,368
IN_0206,2,Instagram,2025-06-01,06:54:59,Carousel,Sunday motivation: Start your week with a fresh mindset on Cloud Scale. #DataAnalytics #DesignThinking #Leadership,#DataAnalytics #DesignThinking #Leadership,2663,4276,99.0,9,9,19,0,71
IN_0207,2,Instagram,2025-07-20,17:38:03,Story Promotion,Top 5 actionable strategies for Cloud Scale in 2025. Save this post for later! #MarketingStrategy #DigitalMarketing #Innovation,#MarketingStrategy #DigitalMarketing #Innovation,3927,6554,310.0,15,13,87,0,221
IN_0208,2,Instagram,2025-05-22,18:36:33,Reel,Why Customer Engagement matters more than ever for modern business growth. #BusinessTips,#BusinessTips,16655,22830,452.0,38,30,109,7115,872
IN_0209,2,Instagram,2025-02-19,15:24:38,Image,Sunday motivation: Start your week with a fresh mindset on Data Analytics. #GrowthHacking,#GrowthHacking,3458,4386,114.0,19,13,31,0,95
IN_0210,2,Instagram,2025-04-23,06:15:23,Story Promotion,Top 5 actionable strategies for Content Marketing in 2025. Save this post for later! #MarketingStrategy,#MarketingStrategy,2643,4709,181.0,13,9,23,0,58
IN_0211,2,Instagram,2025-05-24,03:54:35,Carousel,Top 5 actionable strategies for Python Automation in 2025. Save this post for later! #Leadership #DataAnalytics #Productivity #AI,#Leadership #DataAnalytics #Productivity #AI,6476,7805,474.0,104,55,7,0,312
IN_0212,2,Instagram,2025-09-26,12:27:44,Story Promotion,Quick question for our community: How do you handle Cloud Scale in your daily workflow? #Productivity #Leadership #Innovation #DataAnalytics,#Productivity #Leadership #Innovation #DataAnalytics,1068,1800,65.0,5,4,4,0,29
IN_0213,2,Instagram,14/07/2025,21:51:40,Image,Top 5 actionable strategies for User Experience in 2025. Save this post for later! #StartupLife #MachineLearning,#StartupLife #MachineLearning,12399,17014,504.0,63,42,110,0,687
IN_0214,2,Instagram,2025-07-07,09:27:40,Reel,Mastering Content Marketing in under 10 minutes. Read our full step-by-step guide now! #Productivity #TechTrends,#Productivity #TechTrends,15888,18477,1190.0,81,131,29,6984,899
IN_0215,2,Instagram,2025-05-23,06:46:22,Carousel,Top 5 actionable strategies for Social Media ROI in 2025. Save this post for later! #DataAnalytics,#DataAnalytics,7974,13142,576.0,128,67,53,0,267
IN_0216,2,Instagram,2025-04-11,21:56:28,Image,Case study alert: How we boosted results by 350% using AI Workflow. #Productivity #DesignThinking #MarketingStrategy,#Productivity #DesignThinking #MarketingStrategy,7806,12744,494.0,39,69,40,0,81
IN_0217,2,Instagram,2025-01-11,18:14:15,Image,Why Python Automation matters more than ever for modern business growth. #MarketingStrategy #TechTrends,#MarketingStrategy #TechTrends,3312,5640,232.0,38,13,18,0,62
IN_0218,2,Instagram,01-22-2025,02:26:31,Reel,Why Data Analytics matters more than ever for modern business growth. #Leadership #SocialMedia2025 #DesignThinking,#Leadership #SocialMedia2025 #DesignThinking,9224,13642,408.0,63,59,115,5321,371
IN_0219,2,Instagram,2025-09-26,14:50:35,Story Promotion,Top 5 actionable strategies for Social Media ROI in 2025. Save this post for later! #DataAnalytics,,2713,3551,152.0,20,10,17,0,69
IN_0220,2,Instagram,2025-11-23,05:21:29,Reel,Why Customer Engagement matters more than ever for modern business growth. #DataAnalytics #MarketingStrategy #TechTrends #Coding,#DataAnalytics #MarketingStrategy #TechTrends #Coding,9301,14872,393.0,35,14,113,4861,160
IN_0221,2,Instagram,29/06/2025,16:56:00,Story Promotion,Case study alert: How we boosted results by 350% using AI Workflow. #GrowthHacking #Productivity #SocialMedia2025,#GrowthHacking #Productivity #SocialMedia2025,3809,6505,185.0,22,8,51,0,69
IN_0222,2,Instagram,2025-05-19,02:10:49,Reel,Quick question for our community: How do you handle Cloud Scale in your daily workflow? #TechTrends #Leadership #BusinessTips,#TechTrends #Leadership #BusinessTips,10413,15986,386.0,23,33,17,6447,357
IN_0223,2,Instagram,2025-10-17,18:25:15,Reel,Behind the scenes at our team workshop on Python Automation. Innovation starts here! #StartupLife #MachineLearning #Leadership,#StartupLife #MachineLearning #Leadership,24755,30632,1411.0,148,68,32,10051,412
IN_0224,2,Instagram,2025-03-19,15:32:36,Carousel,We are excited to announce our newest breakthrough in Content Marketing. Check out the link below! #AI,#AI,4392,6315,105.0,15,15,29,0,152
IN_0225,2,Instagram,12/11/2025,13:32:54,Carousel,,#StartupLife #Coding #GrowthHacking,14389,23045,736.0,77,71,198,0,306
IN_0226,2,Instagram,2025-09-18,10:56:36,Story Promotion,Top 5 actionable strategies for Data Analytics in 2025. Save this post for later! #DesignThinking #Productivity #DigitalMarketing,#DesignThinking #Productivity #DigitalMarketing,2428,4106,80.0,19,6,4,0,36
IN_0227,2,Instagram,2025-08-03,20:37:41,Image,Top 5 actionable strategies for Content Marketing in 2025. Save this post for later! #Innovation #Leadership,#Innovation #Leadership,14114,16087,626.0,85,46,183,0,376
IN_0228,2,Instagram,2025-09-09,14:25:49,Story Promotion,Sunday motivation: Start your week with a fresh mindset on Python Automation. #DigitalMarketing #DataAnalytics,#DigitalMarketing #DataAnalytics,2535,3849,140.0,30,4,4,0,118
IN_0229,2,Instagram,2025-12-24,23:35:30,Image,Quick question for our community: How do you handle Data Analytics in your daily workflow? #MarketingStrategy #TechTrends #Coding #DigitalMarketing,#MarketingStrategy #TechTrends #Coding #DigitalMarketing,9003,14314,539.0,36,22,53,0,135
IN_0230,2,Instagram,2025-01-01,06:59:58,Story Promotion,Sunday motivation: Start your week with a fresh mindset on Executive Leadership. #DigitalMarketing,#DigitalMarketing,3455,3973,196.0,15,15,50,0,61
IN_0231,2,Instagram,2025-04-25,10:19:44,Carousel,Behind the scenes at our team workshop on Social Media ROI. Innovation starts here! #DesignThinking #Leadership #GrowthHacking #SocialMedia2025,#DesignThinking #Leadership #GrowthHacking #SocialMedia2025,9526,13153,651.0,63,96,64,0,250
IN_0232,2,Instagram,2025-02-10,02:08:20,Image,We are excited to announce our newest breakthrough in Social Media ROI. Check out the link below! #Leadership,#Leadership,1614,2645,98.0,16,11,13,0,26
IN_0233,2,Instagram,10-28-2025,11:00:55,Reel,We are excited to announce our newest breakthrough in Executive Leadership. Check out the link below! #GrowthHacking,#GrowthHacking,8314,9430,585.0,123,41,143,5252,484
IN_0234,2,Instagram,2025-06-17,15:22:38,Reel,Top 5 actionable strategies for Data Analytics in 2025. Save this post for later! #DigitalMarketing #BusinessTips,#DigitalMarketing #BusinessTips,20038,24120,1463.0,143,144,420,17105,922
IN_0235,2,Instagram,2025-12-31,12:29:12,Carousel,Why Brand Strategy matters more than ever for modern business growth. #AI,#AI,19602,24329,565.0,105,74,127,0,464
IN_0236,2,Instagram,2025-11-10,07:09:36,Image,Discover how Executive Leadership is transforming the industry! What are your thoughts? #SocialMedia2025 #DesignThinking #Leadership,#SocialMedia2025 #DesignThinking #Leadership,1128,1706,87.0,5,11,11,0,37
IN_0237,2,Instagram,2025-10-30,08:06:55,Carousel,Behind the scenes at our team workshop on Data Analytics. Innovation starts here! #StartupLife #Innovation,#StartupLife #Innovation,1345,1695,44.0,9,2,0,0,16
IN_0238,2,Instagram,2025-10-07,15:10:24,Carousel,Sunday motivation: Start your week with a fresh mindset on User Experience. #Leadership,#Leadership,9009,11723,242.0,23,35,41,0,238
IN_0239,2,Instagram,2025-02-10,11:58:13,Story Promotion,Behind the scenes at our team workshop on Data Analytics. Innovation starts here! #MarketingStrategy,#MarketingStrategy,1470,1881,43.0,5,4,4,0,70
IN_0240,2,Instagram,2025-11-24,02:29:50,Reel,Top 5 actionable strategies for AI Workflow in 2025. Save this post for later! #DataAnalytics,#DataAnalytics,16503,29062,1285.0,93,101,58,12921,808
IN_0241,2,Instagram,2025-05-23,03:01:54,Image,Unpopular opinion about Brand Strategy: Most teams are doing it wrong. Here is why... #BusinessTips #DesignThinking,#BusinessTips #DesignThinking,3161,3517,236.0,49,29,8,0,41
IN_0242,2,Instagram,2025-10-01,07:04:10,Carousel,Mastering Data Analytics in under 10 minutes. Read our full step-by-step guide now! #Productivity #BusinessTips #DesignThinking,#Productivity #BusinessTips #DesignThinking,7272,12131,238.0,20,24,55,0,344
IN_0243,2,Instagram,2025-12-03,17:59:58,Story Promotion,,#StartupLife #GrowthHacking #DataAnalytics,1090,1634,22.0,4,1,2,0,51
IN_0244,2,Instagram,2025-03-10,03:29:39,Image,Case study alert: How we boosted results by 350% using User Experience. #Leadership #Coding,#Leadership #Coding,7322,9800,420.0,23,54,42,0,187
IN_0245,2,Instagram,2025-01-29,10:55:48,Reel,Top 5 actionable strategies for Customer Engagement in 2025. Save this post for later! #MarketingStrategy #DigitalMarketing #GrowthHacking #BusinessTips,#MarketingStrategy #DigitalMarketing #GrowthHacking #BusinessTips,8654,12537,556.0,73,13,51,4261,126
IN_0246,2,Instagram,2025-02-21,13:11:57,Carousel,Sunday motivation: Start your week with a fresh mindset on Brand Strategy. #Coding #AI #MarketingStrategy,#Coding #AI #MarketingStrategy,16537,20870,605.0,132,55,101,0,875
IN_0247,2,Instagram,2025-12-20,19:52:53,Carousel,Top 5 actionable strategies for AI Workflow in 2025. Save this post for later! #DesignThinking #TechTrends #DigitalMarketing #BusinessTips,#DesignThinking #TechTrends #DigitalMarketing #BusinessTips,6897,7838,166.0,39,16,6,0,233
IN_0248,2,Instagram,2025-05-16,05:46:55,Reel,Sunday motivation: Start your week with a fresh mindset on AI Workflow. #MarketingStrategy #Coding #StartupLife,#MarketingStrategy #Coding #StartupLife,3918,6537,188.0,36,6,42,3177,172
IN_0249,2,Instagram,2025-05-20,20:59:48,Reel,Unpopular opinion about Executive Leadership: Most teams are doing it wrong. Here is why... #TechTrends #BusinessTips,#TechTrends #BusinessTips,14162,23757,531.0,41,77,68,9759,332
IN_0250,2,Instagram,2025-05-11,23:36:18,Image,We are excited to announce our newest breakthrough in AI Workflow. Check out the link below! #Innovation #DataAnalytics #MachineLearning #DigitalMarketing,#Innovation #DataAnalytics #MachineLearning #DigitalMarketing,8096,12193,631.0,62,70,48,0,182
IN_0251,2,Instagram,04-22-2025,10:04:07,Image,Discover how Content Marketing is transforming the industry! What are your thoughts? #Productivity,#Productivity,3958,5592,114.0,20,4,13,0,232
IN_0252,2,Instagram,06/12/2025,07:20:17,Reel,Unpopular opinion about Content Marketing: Most teams are doing it wrong. Here is why... #GrowthHacking #DataAnalytics #StartupLife #DesignThinking,#GrowthHacking #DataAnalytics #StartupLife #DesignThinking,19323,27172,678.0,92,27,160,15783,916
IN_0253,2,Instagram,2025-05-28,05:07:21,Reel,Case study alert: How we boosted results by 350% using Python Automation. #Leadership,#Leadership,10306,13523,344.0,31,45,87,9087,242
IN_0254,2,Instagram,2025-05-01,23:29:30,Reel,Quick question for our community: How do you handle Cloud Scale in your daily workflow? #AI #DigitalMarketing,#AI #DigitalMarketing,14598,18835,868.0,182,101,13,9978,791
IN_0255,2,Instagram,09/12/2025,20:14:30,Reel,Discover how Executive Leadership is transforming the industry! What are your thoughts? #MarketingStrategy,#MarketingStrategy,22701,33772,1227.0,61,55,50,12557,1094
IN_0256,2,Instagram,2025-11-18,14:38:04,Carousel,Quick question for our community: How do you handle AI Workflow in your daily workflow? #Leadership #Innovation #DataAnalytics #DesignThinking,#Leadership #Innovation #DataAnalytics #DesignThinking,8115,11604,279.0,32,13,80,0,87
IN_0257,2,Instagram,2025-07-30,01:35:51,Story Promotion,Case study alert: How we boosted results by 350% using Cloud Scale. #AI,#AI,899,1453,29.0,2,1,8,0,27
IN_0258,2,Instagram,2025-04-18,03:24:12,Reel,,#AI,11809,18190,775.0,45,84,129,8604,528
IN_0259,2,Instagram,21/04/2025,14:59:36,Image,Behind the scenes at our team workshop on AI Workflow. Innovation starts here! #Coding #Innovation,#Coding #Innovation,183216,298152,9779.0,810,1134,2878,0,7069
IN_0260,2,Instagram,2025-04-30,01:38:45,Reel,Why Content Marketing matters more than ever for modern business growth. #MarketingStrategy #DigitalMarketing,#MarketingStrategy #DigitalMarketing,10216,15661,223.0,43,25,25,7951,490
IN_0261,2,Instagram,2025-03-23,17:14:52,Reel,We are excited to announce our newest breakthrough in Brand Strategy. Check out the link below! #SocialMedia2025,#SocialMedia2025,18298,21517,1205.0,111,48,49,9416,926
IN_0262,2,Instagram,12-13-2025,19:19:41,Carousel,Case study alert: How we boosted results by 350% using Executive Leadership. #Productivity #Innovation,#Productivity #Innovation,5927,8382,179.0,38,13,18,0,238
IN_0263,2,Instagram,2025-04-11,14:46:31,Story Promotion,We are excited to announce our newest breakthrough in AI Workflow. Check out the link below! #DesignThinking,#DesignThinking,1932,3072,148.0,10,12,40,0,75
IN_0264,2,Instagram,2025-10-03,08:26:22,Reel,Case study alert: How we boosted results by 350% using Data Analytics. #DataAnalytics,#DataAnalytics,8205,12113,291.0,33,10,17,5036,430
IN_0265,2,Instagram,2025-11-22,03:15:15,Story Promotion,,#MachineLearning #StartupLife #SocialMedia2025 #AI,2888,5183,116.0,6,2,2,0,124
IN_0266,2,Instagram,2025-06-15,06:00:16,Image,Top 5 actionable strategies for AI Workflow in 2025. Save this post for later! #Leadership #DesignThinking,#Leadership #DesignThinking,8795,13661,206.0,36,30,3,0,153
IN_0267,2,Instagram,2025-09-16,23:30:21,Carousel,We are excited to announce our newest breakthrough in Customer Engagement. Check out the link below! #AI #SocialMedia2025,#AI #SocialMedia2025,8018,11495,396.0,91,11,24,0,386
IN_0268,2,Instagram,2025-08-29,01:28:13,Story Promotion,Discover how Data Analytics is transforming the industry! What are your thoughts? #Innovation,#Innovation,12780,17147,517.0,63,45,84,0,386
IN_0269,2,Instagram,2025-05-18,18:37:47,Carousel,Behind the scenes at our team workshop on Brand Strategy. Innovation starts here! #GrowthHacking,#GrowthHacking,16261,22159,366.0,70,37,9,0,331
IN_0270,2,Instagram,2025-11-13,12:55:40,Image,,#MarketingStrategy #AI,2151,2550,93.0,20,3,15,0,78
IN_0271,2,Instagram,2025-11-26,06:27:38,Story Promotion,Mastering Executive Leadership in under 10 minutes. Read our full step-by-step guide now! #SocialMedia2025 #DataAnalytics,#SocialMedia2025 #DataAnalytics,1089,1691,47.0,4,5,2,0,32
IN_0272,2,Instagram,2025-11-27,11:11:44,Reel,We are excited to announce our newest breakthrough in Data Analytics. Check out the link below! #Coding #BusinessTips,#Coding #BusinessTips,15242,22403,500.0,55,60,16,12753,778
IN_0273,2,Instagram,2025-07-01,13:36:17,Image,Quick question for our community: How do you handle Social Media ROI in your daily workflow? #DesignThinking #DataAnalytics #MachineLearning #StartupLife,#DesignThinking #DataAnalytics #MachineLearning #StartupLife,10808,14111,838.0,194,19,28,0,311
IN_0274,2,Instagram,2025-10-22,19:18:34,Image,Unpopular opinion about Content Marketing: Most teams are doing it wrong. Here is why... #GrowthHacking,#GrowthHacking,8329,10202,657.0,76,96,95,0,429
IN_0275,2,Instagram,2025-12-18,23:16:05,Carousel,Unpopular opinion about Content Marketing: Most teams are doing it wrong. Here is why... #Coding #DataAnalytics,#Coding #DataAnalytics,10906,13480,562.0,94,75,25,0,506
IN_0276,2,Instagram,2025-12-31,21:50:24,Story Promotion,Unpopular opinion about AI Workflow: Most teams are doing it wrong. Here is why... #Innovation,#Innovation,1148,1808,56.0,4,5,16,0,13
IN_0277,2,Instagram,2025-02-12,22:16:39,Story Promotion,Case study alert: How we boosted results by 350% using Brand Strategy. #AI #Leadership #SocialMedia2025 #BusinessTips,#AI #Leadership #SocialMedia2025 #BusinessTips,2316,2561,172.0,15,4,42,0,91
IN_0278,2,Instagram,02/11/2025,19:04:24,Reel,Why Python Automation matters more than ever for modern business growth. #Leadership #StartupLife #MachineLearning,#Leadership #StartupLife #MachineLearning,11191,19979,304.0,59,22,3,7951,231
IN_0279,2,Instagram,2025-01-30,02:46:34,Image,Unpopular opinion about AI Workflow: Most teams are doing it wrong. Here is why... #AI #SocialMedia2025 #DigitalMarketing,#AI #SocialMedia2025 #DigitalMarketing,5607,7513,121.0,9,18,8,0,284
IN_0280,2,Instagram,2025-03-17,02:40:33,Carousel,Behind the scenes at our team workshop on Brand Strategy. Innovation starts here! #BusinessTips #AI #Productivity,#BusinessTips #AI #Productivity,9407,15992,354.0,54,25,80,0,484
IN_0281,2,Instagram,2025-09-10,14:23:58,Image,We are excited to announce our newest breakthrough in Cloud Scale. Check out the link below! #AI,#AI,13031,22897,998.0,224,27,266,0,365
IN_0282,2,Instagram,2025-01-14,14:03:51,Story Promotion,We are excited to announce our newest breakthrough in AI Workflow. Check out the link below! #MachineLearning #DataAnalytics #AI,#MachineLearning #DataAnalytics #AI,2070,2770,47.0,6,4,6,0,31
IN_0283,2,Instagram,2025-11-26,05:11:30,Carousel,Unpopular opinion about Customer Engagement: Most teams are doing it wrong. Here is why... #AI,#AI,7764,12854,614.0,126,39,48,0,412
IN_0284,2,Instagram,2025-07-28,01:40:45,Carousel,Top 5 actionable strategies for User Experience in 2025. Save this post for later! #TechTrends,#TechTrends,6562,10405,369.0,21,25,64,0,297
IN_0285,2,Instagram,01-09-2025,16:29:49,Reel,Behind the scenes at our team workshop on Python Automation. Innovation starts here! #DesignThinking #Innovation #Productivity #BusinessTips,#DesignThinking #Innovation #Productivity #BusinessTips,13720,22386,888.0,164,105,228,6103,495
IN_0286,2,Instagram,2025-11-23,20:42:28,Carousel,Discover how User Experience is transforming the industry! What are your thoughts? #DigitalMarketing,#DigitalMarketing,18115,27147,1223.0,270,176,328,0,279
IN_0287,2,Instagram,2025-03-14,15:39:04,Image,Why Python Automation matters more than ever for modern business growth. #SocialMedia2025,#SocialMedia2025,6572,9332,296.0,67,30,17,0,136
IN_0288,2,Instagram,2025-11-07,08:01:27,Carousel,Discover how Content Marketing is transforming the industry! What are your thoughts? #StartupLife #SocialMedia2025,#StartupLife #SocialMedia2025,12737,21393,940.0,227,127,41,0,218
IN_0289,2,Instagram,2025-10-09,05:21:39,Carousel,Behind the scenes at our team workshop on Cloud Scale. Innovation starts here! #BusinessTips #StartupLife,#BusinessTips #StartupLife,7718,11585,313.0,55,43,22,0,293
IN_0290,2,Instagram,2025-03-16,06:55:41,Carousel,Behind the scenes at our team workshop on User Experience. Innovation starts here! #Coding #DesignThinking #AI,#Coding #DesignThinking #AI,10361,14288,299.0,50,36,76,0,244
IN_0291,2,Instagram,2025-03-26,17:25:07,Image,Discover how Data Analytics is transforming the industry! What are your thoughts? #Innovation #BusinessTips #Productivity #AI,#Innovation #BusinessTips #Productivity #AI,9541,13081,306.0,20,13,57,0,488
IN_0292,2,Instagram,2025-07-12,19:13:01,Carousel,Quick question for our community: How do you handle AI Workflow in your daily workflow? #StartupLife #Innovation #AI,#StartupLife #Innovation #AI,9414,11523,543.0,48,51,75,0,287
IN_0293,2,Instagram,2025-05-24,09:50:05,Story Promotion,Discover how Executive Leadership is transforming the industry! What are your thoughts? #Innovation #DigitalMarketing #BusinessTips #MarketingStrategy,#Innovation #DigitalMarketing #BusinessTips #MarketingStrategy,2041,2444,90.0,20,9,16,0,55
IN_0294,2,Instagram,17/11/2025,17:15:46,Image,Behind the scenes at our team workshop on Social Media ROI. Innovation starts here! #DesignThinking,#DesignThinking,9165,14409,327.0,79,14,46,0,132
IN_0295,2,Instagram,2025-03-29,07:22:37,Story Promotion,Unpopular opinion about AI Workflow: Most teams are doing it wrong. Here is why... #SocialMedia2025 #AI #Leadership #TechTrends,#SocialMedia2025 #AI #Leadership #TechTrends,3682,4473,96.0,16,1,4,0,174
IN_0296,2,Instagram,2025-03-09,17:01:46,Carousel,Unpopular opinion about Python Automation: Most teams are doing it wrong. Here is why... #DataAnalytics,#DataAnalytics,11693,17324,449.0,75,51,26,0,455
IN_0297,2,Instagram,2025-01-23,03:26:28,Carousel,Behind the scenes at our team workshop on Data Analytics. Innovation starts here! #Leadership #DataAnalytics,#Leadership #DataAnalytics,5942,8758,449.0,103,52,69,0,211
IN_0298,2,Instagram,24/11/2025,03:21:33,Reel,Mastering AI Workflow in under 10 minutes. Read our full step-by-step guide now! #DigitalMarketing #SocialMedia2025,#DigitalMarketing #SocialMedia2025,11978,19334,592.0,116,58,46,7342,614
IN_0299,2,Instagram,2025-09-21,06:27:08,Carousel,Unpopular opinion about Python Automation: Most teams are doing it wrong. Here is why... #GrowthHacking,#GrowthHacking,6540,10576,324.0,61,29,63,0,197
IN_0300,2,Instagram,01/02/2025,14:39:37,Story Promotion,Discover how Content Marketing is transforming the industry! What are your thoughts? #SocialMedia2025 #DesignThinking #Productivity #MarketingStrategy,#SocialMedia2025 #DesignThinking #Productivity #MarketingStrategy,642,949,16.0,3,0,3,0,16
IN_0301,2,Instagram,2025-12-04,13:19:37,Carousel,Mastering Cloud Scale in under 10 minutes. Read our full step-by-step guide now! #Coding #AI #StartupLife #DigitalMarketing,#Coding #AI #StartupLife #DigitalMarketing,15306,22438,1013.0,85,149,50,0,587
IN_0302,2,Instagram,2025-10-13,21:30:15,Carousel,Case study alert: How we boosted results by 350% using Content Marketing. #Innovation #Coding #SocialMedia2025 #DigitalMarketing,#Innovation #Coding #SocialMedia2025 #DigitalMarketing,19308,22953,1450.0,319,179,414,0,860
IN_0303,2,Instagram,2025-11-03,09:07:49,Carousel,Sunday motivation: Start your week with a fresh mindset on Social Media ROI. #Coding #Innovation #GrowthHacking,#Coding #Innovation #GrowthHacking,8638,13415,319.0,44,29,45,0,436
IN_0304,2,Instagram,2025-07-02,06:31:07,Story Promotion,We are excited to announce our newest breakthrough in Executive Leadership. Check out the link below! #Leadership #DataAnalytics #SocialMedia2025 #StartupLife,#Leadership #DataAnalytics #SocialMedia2025 #StartupLife,2648,3422,176.0,42,4,33,0,155
IN_0305,2,Instagram,2025-03-18,22:42:21,Story Promotion,Quick question for our community: How do you handle Cloud Scale in your daily workflow? #MachineLearning #Productivity #MarketingStrategy #DesignThinking,#MachineLearning #Productivity #MarketingStrategy #DesignThinking,1119,2009,24.0,4,1,3,0,33
IN_0306,2,Instagram,27/01/2025,09:48:21,Carousel,Why Python Automation matters more than ever for modern business growth. #MachineLearning #Innovation #GrowthHacking #StartupLife,#MachineLearning #Innovation #GrowthHacking #StartupLife,1653,1962,60.0,9,7,6,0,47
IN_0307,2,Instagram,2025-10-31,14:20:51,Carousel,We are excited to announce our newest breakthrough in User Experience. Check out the link below! #MarketingStrategy #StartupLife #DataAnalytics,#MarketingStrategy #StartupLife #DataAnalytics,15430,26118,1039.0,224,50,293,0,575
IN_0308,2,Instagram,2025-07-27,05:59:11,Carousel,Quick question for our community: How do you handle Social Media ROI in your daily workflow? #MachineLearning #Leadership #MarketingStrategy,#MachineLearning #Leadership #MarketingStrategy,12594,15368,966.0,91,106,105,0,508
IN_0309,2,Instagram,2025-09-16,03:52:01,Story Promotion,Case study alert: How we boosted results by 350% using Brand Strategy. #TechTrends #StartupLife #Leadership,,1812,3071,71.0,12,8,16,0,44
IN_0310,2,Instagram,16/11/2025,04:22:05,Image,Unpopular opinion about AI Workflow: Most teams are doing it wrong. Here is why... #Innovation #Leadership #MarketingStrategy #TechTrends,#Innovation #Leadership #MarketingStrategy #TechTrends,7136,10756,257.0,14,33,18,0,181
IN_0311,2,Instagram,2025-06-17,07:21:55,Reel,Why Brand Strategy matters more than ever for modern business growth. #Productivity #BusinessTips,#Productivity #BusinessTips,19350,22603,1314.0,183,80,19,13745,1115
IN_0312,2,Instagram,2025-05-26,03:10:21,Carousel,Sunday motivation: Start your week with a fresh mindset on Social Media ROI. #BusinessTips #Innovation #SocialMedia2025 #AI,#BusinessTips #Innovation #SocialMedia2025 #AI,7845,11952,549.0,110,11,62,0,170
IN_0313,2,Instagram,25/07/2025,05:55:37,Carousel,Case study alert: How we boosted results by 350% using Cloud Scale. #BusinessTips #TechTrends #GrowthHacking #Innovation,#BusinessTips #TechTrends #GrowthHacking #Innovation,10094,14911,371.0,82,14,79,0,358
IN_0314,2,Instagram,2025-11-20,12:21:43,Story Promotion,Behind the scenes at our team workshop on Brand Strategy. Innovation starts here! #DesignThinking #MachineLearning #Innovation,#DesignThinking #MachineLearning #Innovation,1360,2408,101.0,24,12,13,0,36
IN_0315,2,Instagram,2025-01-22,05:40:39,Carousel,We are excited to announce our newest breakthrough in Content Marketing. Check out the link below! #AI #DataAnalytics,#AI #DataAnalytics,10928,19603,294.0,33,18,20,0,286
IN_0316,2,Instagram,2025-08-06,20:13:36,Image,Case study alert: How we boosted results by 350% using Customer Engagement. #DigitalMarketing #Productivity #SocialMedia2025,#DigitalMarketing #Productivity #SocialMedia2025,6762,10372,426.0,33,61,89,0,384
IN_0317,2,Instagram,2025-05-30,23:24:58,Image,We are excited to announce our newest breakthrough in Social Media ROI. Check out the link below! #Productivity #SocialMedia2025 #MachineLearning,#Productivity #SocialMedia2025 #MachineLearning,3490,6159,84.0,7,10,18,0,175
IN_0318,2,Instagram,2025-03-06,07:17:18,Image,Mastering Customer Engagement in under 10 minutes. Read our full step-by-step guide now! #TechTrends,#TechTrends,8718,12760,391.0,57,18,66,0,237
IN_0319,2,Instagram,2025-12-28,03:10:15,Reel,Behind the scenes at our team workshop on Social Media ROI. Innovation starts here! #Leadership #Coding #GrowthHacking,#Leadership #Coding #GrowthHacking,8644,13306,423.0,53,55,119,4864,353
IN_0320,2,Instagram,21/08/2025,13:55:23,Reel,Why AI Workflow matters more than ever for modern business growth. #TechTrends #SocialMedia2025 #MarketingStrategy #MachineLearning,#TechTrends #SocialMedia2025 #MarketingStrategy #MachineLearning,21447,26227,1017.0,94,78,221,10908,819
IN_0321,2,Instagram,2025-01-15,11:51:46,Reel,We are excited to announce our newest breakthrough in User Experience. Check out the link below! #MachineLearning #BusinessTips,#MachineLearning #BusinessTips,15380,25524,914.0,152,94,71,10386,335
IN_0322,2,Instagram,06/05/2025,21:01:47,Reel,Why Brand Strategy matters more than ever for modern business growth. #DigitalMarketing #BusinessTips #AI,#DigitalMarketing #BusinessTips #AI,16276,26376,807.0,66,57,65,6669,433
IN_0323,2,Instagram,2025-09-13,22:15:12,Image,Discover how Social Media ROI is transforming the industry! What are your thoughts? #Innovation #Productivity #Coding #Leadership,#Innovation #Productivity #Coding #Leadership,2497,2868,58.0,5,7,8,0,90
IN_0324,2,Instagram,2025-06-17,05:02:04,Reel,Top 5 actionable strategies for Social Media ROI in 2025. Save this post for later! #TechTrends #DesignThinking,#TechTrends #DesignThinking,8664,13952,550.0,33,24,11,3658,416
IN_0325,2,Instagram,2025-08-27,18:52:57,Story Promotion,Quick question for our community: How do you handle Brand Strategy in your daily workflow? #MachineLearning #Coding,#MachineLearning #Coding,2656,3361,138.0,32,17,38,0,131
IN_0326,2,Instagram,04/06/2025,08:36:10,Image,Quick question for our community: How do you handle User Experience in your daily workflow? #AI #Leadership #Coding,#AI #Leadership #Coding,2397,2989,152.0,34,20,2,0,41
IN_0327,2,Instagram,2025-10-28,12:40:45,Image,Case study alert: How we boosted results by 350% using Customer Engagement. #Leadership #DigitalMarketing,#Leadership #DigitalMarketing,9841,12177,199.0,26,16,14,0,390
IN_0328,2,Instagram,2025-01-25,23:03:26,Reel,Why AI Workflow matters more than ever for modern business growth. #MarketingStrategy #AI,#MarketingStrategy #AI,15742,18854,423.0,86,45,18,9308,239
IN_0329,2,Instagram,2025-01-17,16:15:22,Carousel,Unpopular opinion about Cloud Scale: Most teams are doing it wrong. Here is why... #Coding #DataAnalytics #Productivity #Innovation,#Coding #DataAnalytics #Productivity #Innovation,7966,11168,320.0,50,33,45,0,428
IN_0330,2,Instagram,2025-05-25,06:24:46,Carousel,Discover how Data Analytics is transforming the industry! What are your thoughts? #StartupLife #SocialMedia2025 #MarketingStrategy #GrowthHacking,#StartupLife #SocialMedia2025 #MarketingStrategy #GrowthHacking,5105,6096,284.0,35,6,70,0,100
IN_0331,2,Instagram,2025-07-14,02:24:13,Image,Sunday motivation: Start your week with a fresh mindset on Content Marketing. #MarketingStrategy #DesignThinking #MachineLearning,#MarketingStrategy #DesignThinking #MachineLearning,1121,1309,87.0,6,4,11,0,31
IN_0332,2,Instagram,2025-03-08,07:43:08,Carousel,Why AI Workflow matters more than ever for modern business growth. #TechTrends #MarketingStrategy,#TechTrends #MarketingStrategy,6223,8421,184.0,17,15,5,0,248
IN_0333,2,Instagram,09/08/2025,15:31:02,Image,,#MarketingStrategy #Coding,9240,10856,361.0,86,14,95,0,384
IN_0334,2,Instagram,2025-01-17,09:05:28,Image,Sunday motivation: Start your week with a fresh mindset on User Experience. #Coding #BusinessTips #Leadership,#Coding #BusinessTips #Leadership,6569,8920,483.0,53,13,66,0,288
IN_0335,2,Instagram,2025-03-30,08:57:36,Image,Top 5 actionable strategies for Social Media ROI in 2025. Save this post for later! #Leadership #BusinessTips #TechTrends,#Leadership #BusinessTips #TechTrends,1491,1763,99.0,7,4,24,0,69
IN_0336,2,Instagram,2025-05-22,03:16:33,Story Promotion,Discover how Cloud Scale is transforming the industry! What are your thoughts? #SocialMedia2025,#SocialMedia2025,3365,5280,157.0,12,3,34,0,197
IN_0337,2,Instagram,2025-01-22,14:52:34,Reel,,#MachineLearning #DataAnalytics #GrowthHacking #AI,11307,20114,873.0,129,40,110,5168,224
IN_0338,2,Instagram,2025-09-28,12:56:14,Story Promotion,Top 5 actionable strategies for User Experience in 2025. Save this post for later! #Leadership #TechTrends #DataAnalytics,#Leadership #TechTrends #DataAnalytics,2522,4539,172.0,35,17,9,0,127
IN_0339,2,Instagram,2025-07-21,15:54:13,Image,Unpopular opinion about Brand Strategy: Most teams are doing it wrong. Here is why... #SocialMedia2025,#SocialMedia2025,7091,10157,155.0,38,11,20,0,181
IN_0340,2,Instagram,2025-03-01,01:50:29,Story Promotion,Behind the scenes at our team workshop on Executive Leadership. Innovation starts here! #Coding,#Coding,3135,4024,107.0,21,9,26,0,119
IN_0341,2,Instagram,2025-10-21,00:06:36,Image,Sunday motivation: Start your week with a fresh mindset on Brand Strategy. #TechTrends #DigitalMarketing,#TechTrends #DigitalMarketing,1303,1971,76.0,12,6,20,0,64
IN_0342,2,Instagram,2025-02-03,07:13:59,Story Promotion,Behind the scenes at our team workshop on AI Workflow. Innovation starts here! #BusinessTips #Innovation #SocialMedia2025 #MachineLearning,#BusinessTips #Innovation #SocialMedia2025 #MachineLearning,3714,6569,107.0,15,15,16,0,143
IN_0343,2,Instagram,2025-08-12,06:39:48,Carousel,Why User Experience matters more than ever for modern business growth. #Innovation,#Innovation,2077,3480,74.0,16,9,21,0,35
IN_0344,2,Instagram,2025-10-04,06:14:42,Story Promotion,Discover how Data Analytics is transforming the industry! What are your thoughts? #StartupLife #Coding,#StartupLife #Coding,2812,3603,199.0,45,18,58,0,39
IN_0345,2,Instagram,2025-09-20,21:40:49,Story Promotion,Why Social Media ROI matters more than ever for modern business growth. #AI,#AI,4774,7047,274.0,66,38,43,0,242
IN_0346,2,Instagram,2025-05-14,11:04:20,Reel,Unpopular opinion about AI Workflow: Most teams are doing it wrong. Here is why... #Coding #GrowthHacking #SocialMedia2025 #DesignThinking,#Coding #GrowthHacking #SocialMedia2025 #DesignThinking,10050,14620,464.0,24,19,113,5323,124
IN_0347,2,Instagram,2025-04-03,06:52:41,Image,Top 5 actionable strategies for Customer Engagement in 2025. Save this post for later! #AI #DesignThinking #StartupLife #Productivity,#AI #DesignThinking #StartupLife #Productivity,5441,7888,375.0,39,15,76,0,206
IN_0348,2,Instagram,2025-10-24,17:22:19,Image,Quick question for our community: How do you handle Customer Engagement in your daily workflow? #Innovation,#Innovation,2003,3471,50.0,8,1,6,0,69
IN_0349,2,Instagram,2025-12-12,20:08:30,Carousel,Sunday motivation: Start your week with a fresh mindset on Python Automation. #AI #DesignThinking #Leadership,#AI #DesignThinking #Leadership,16618,26073,729.0,79,18,135,0,516
IN_0350,2,Instagram,2025-10-07,09:03:11,Story Promotion,We are excited to announce our newest breakthrough in Data Analytics. Check out the link below! #Leadership #SocialMedia2025 #DigitalMarketing,#Leadership #SocialMedia2025 #DigitalMarketing,447,667,11.0,0,1,1,0,21
IN_0351,2,Instagram,2025-03-06,00:00:44,Reel,,#SocialMedia2025 #MachineLearning #Coding #DataAnalytics,9969,17839,435.0,34,64,70,6987,133
IN_0352,2,Instagram,02-07-2025,07:48:28,Image,,#GrowthHacking #StartupLife,2400,4018,77.0,10,3,11,0,72
IN_0353,2,Instagram,2025-05-11,11:41:42,Image,Discover how Python Automation is transforming the industry! What are your thoughts? #DesignThinking #Productivity #MachineLearning,#DesignThinking #Productivity #MachineLearning,4124,7296,268.0,39,14,50,0,129
IN_0354,2,Instagram,2025-05-21,01:01:43,Story Promotion,Why Python Automation matters more than ever for modern business growth. #Leadership,#Leadership,3799,4352,193.0,36,18,34,0,141
IN_0355,2,Instagram,2025-01-02,14:35:21,Reel,Mastering AI Workflow in under 10 minutes. Read our full step-by-step guide now! #AI #Leadership #DigitalMarketing,#AI #Leadership #DigitalMarketing,31366,51788,2207.0,385,307,423,27401,1169
IN_0356,2,Instagram,2025-05-08,21:10:53,Story Promotion,Quick question for our community: How do you handle Customer Engagement in your daily workflow? #Innovation #DigitalMarketing #MachineLearning #AI,#Innovation #DigitalMarketing #MachineLearning #AI,2111,2785,125.0,9,12,27,0,92
IN_0357,2,Instagram,2025-07-04,08:58:15,Story Promotion,Top 5 actionable strategies for Data Analytics in 2025. Save this post for later! #AI #Coding #Leadership,#AI #Coding #Leadership,3059,3851,170.0,34,15,21,0,95
IN_0358,2,Instagram,2025-02-21,18:44:18,Carousel,Why Brand Strategy matters more than ever for modern business growth. #BusinessTips,#BusinessTips,113770,170732,7784.0,854,1138,642,0,1404
IN_0359,2,Instagram,2025-05-21,20:16:14,Story Promotion,,#TechTrends #GrowthHacking #DesignThinking #BusinessTips,5280,9250,205.0,45,17,28,0,194
IN_0360,2,Instagram,2025-06-13,08:02:11,Image,Quick question for our community: How do you handle Python Automation in your daily workflow? #DataAnalytics #Productivity,#DataAnalytics #Productivity,4510,6164,125.0,22,15,13,0,110
IN_0361,2,Instagram,27/06/2025,08:20:02,Image,Top 5 actionable strategies for Python Automation in 2025. Save this post for later! #Productivity #MarketingStrategy,#Productivity #MarketingStrategy,3544,6288,240.0,32,32,50,0,119
IN_0362,2,Instagram,2025-07-19,01:00:37,Reel,Quick question for our community: How do you handle Customer Engagement in your daily workflow? #AI,#AI,17548,29317,615.0,128,63,183,7072,969
IN_0363,2,Instagram,2025-07-22,17:31:11,Reel,Sunday motivation: Start your week with a fresh mindset on Content Marketing. #MarketingStrategy,#MarketingStrategy,19188,27071,1288.0,67,160,179,17213,583
IN_0364,2,Instagram,2025-02-08,05:21:43,Reel,Unpopular opinion about Data Analytics: Most teams are doing it wrong. Here is why... #SocialMedia2025 #DigitalMarketing,#SocialMedia2025 #DigitalMarketing,18144,24303,831.0,157,95,217,12086,599
IN_0365,2,Instagram,2025-05-16,18:42:58,Reel,Behind the scenes at our team workshop on AI Workflow. Innovation starts here! #SocialMedia2025 #GrowthHacking,#SocialMedia2025 #GrowthHacking,24481,43209,558.0,103,42,55,14289,1043
IN_0366,2,Instagram,2025-02-09,04:03:21,Reel,Why Social Media ROI matters more than ever for modern business growth. #DigitalMarketing #DesignThinking #SocialMedia2025 #Innovation,#DigitalMarketing #DesignThinking #SocialMedia2025 #Innovation,13338,22286,334.0,45,40,77,6955,329
IN_0367,2,Instagram,16/01/2025,06:58:37,Story Promotion,Why Social Media ROI matters more than ever for modern business growth. #Coding,#Coding,450,666,30.0,1,3,8,0,23
IN_0368,2,Instagram,07-17-2025,22:10:07,Reel,Unpopular opinion about Brand Strategy: Most teams are doing it wrong. Here is why... #DigitalMarketing #Innovation,#DigitalMarketing #Innovation,6207,8155,137.0,32,15,26,2805,83
IN_0369,2,Instagram,2025-09-21,02:26:16,Carousel,Quick question for our community: How do you handle Social Media ROI in your daily workflow? #DigitalMarketing #Coding #StartupLife,#DigitalMarketing #Coding #StartupLife,6282,10541,204.0,32,13,5,0,252
IN_0370,2,Instagram,2025-01-08,23:22:00,Carousel,Case study alert: How we boosted results by 350% using Content Marketing. #MarketingStrategy,#MarketingStrategy,7155,11181,518.0,102,64,90,0,223
IN_0371,2,Instagram,2025-12-20,21:48:12,Carousel,Top 5 actionable strategies for Executive Leadership in 2025. Save this post for later! #Productivity #Leadership,#Productivity #Leadership,10170,12166,433.0,24,13,95,0,405
IN_0372,2,Instagram,18/05/2025,04:48:47,Reel,Sunday motivation: Start your week with a fresh mindset on User Experience. #MarketingStrategy #SocialMedia2025 #DataAnalytics #DesignThinking,#MarketingStrategy #SocialMedia2025 #DataAnalytics #DesignThinking,4776,5630,280.0,44,6,77,2285,258
IN_0373,2,Instagram,2025-01-26,21:02:49,Reel,Top 5 actionable strategies for Social Media ROI in 2025. Save this post for later! #AI #TechTrends,#AI #TechTrends,272467,302818,16756.0,2131,1280,724,232964,9644
IN_0374,2,Instagram,2025-12-13,17:30:25,Image,Behind the scenes at our team workshop on Data Analytics. Innovation starts here! #Productivity,#Productivity,4328,5042,102.0,19,13,9,0,112
IN_0375,2,Instagram,2025-01-25,17:34:13,Reel,Quick question for our community: How do you handle Content Marketing in your daily workflow? #DigitalMarketing #BusinessTips #Innovation,#DigitalMarketing #BusinessTips #Innovation,16424,18467,524.0,107,11,132,9889,314
IN_0376,2,Instagram,2025-10-29,13:48:21,Image,Discover how Brand Strategy is transforming the industry! What are your thoughts? #Coding,#Coding,14745,23118,668.0,45,14,132,0,822
IN_0377,2,Instagram,2025-04-26,10:16:27,Story Promotion,Sunday motivation: Start your week with a fresh mindset on Cloud Scale. #AI #BusinessTips #Innovation,#AI #BusinessTips #Innovation,2659,3002,151.0,18,14,10,0,82
IN_0378,2,Instagram,2025-10-18,20:33:23,Reel,Case study alert: How we boosted results by 350% using Python Automation. #DesignThinking #TechTrends #SocialMedia2025 #DataAnalytics,#DesignThinking #TechTrends #SocialMedia2025 #DataAnalytics,18896,32659,1019.0,147,152,205,12143,769
IN_0379,2,Instagram,2025-04-03,13:13:01,Image,Sunday motivation: Start your week with a fresh mindset on User Experience. #Coding #BusinessTips #TechTrends #MachineLearning,#Coding #BusinessTips #TechTrends #MachineLearning,1815,2107,83.0,15,12,11,0,105
IN_0380,2,Instagram,2025-07-14,00:32:05,Image,Sunday motivation: Start your week with a fresh mindset on Cloud Scale. #DesignThinking,#DesignThinking,2189,2519,104.0,12,6,29,0,72
IN_0381,2,Instagram,2025-03-12,17:46:39,Reel,Case study alert: How we boosted results by 350% using AI Workflow. #SocialMedia2025,#SocialMedia2025,3699,5914,163.0,12,8,9,2595,125
IN_0382,2,Instagram,2025-12-29,09:37:26,Carousel,Case study alert: How we boosted results by 350% using Customer Engagement. #AI #Productivity,#AI #Productivity,4721,6799,330.0,37,40,15,0,246
IN_0383,2,Instagram,2025-01-01,20:55:03,Image,Behind the scenes at our team workshop on AI Workflow. Innovation starts here! #DataAnalytics #MachineLearning #GrowthHacking #BusinessTips,#DataAnalytics #MachineLearning #GrowthHacking #BusinessTips,7762,9686,218.0,47,17,13,0,140
IN_0384,2,Instagram,2025-05-24,00:11:02,Story Promotion,Behind the scenes at our team workshop on Cloud Scale. Innovation starts here! #MarketingStrategy #MachineLearning,#MarketingStrategy #MachineLearning,1281,1531,57.0,7,8,15,0,63
IN_0385,2,Instagram,2025-06-29,20:28:42,Image,Quick question for our community: How do you handle AI Workflow in your daily workflow? #Innovation,#Innovation,9818,16599,718.0,51,90,25,0,189
IN_0386,2,Instagram,2025-04-27,16:02:28,Reel,Why Content Marketing matters more than ever for modern business growth. #TechTrends,#TechTrends,9865,13019,206.0,49,10,43,8819,141
IN_0387,2,Instagram,2025-06-17,10:40:08,Reel,Unpopular opinion about User Experience: Most teams are doing it wrong. Here is why... #BusinessTips #Innovation #SocialMedia2025 #Productivity,#BusinessTips #Innovation #SocialMedia2025 #Productivity,9535,11366,337.0,81,40,43,7307,552
IN_0388,2,Instagram,2025-08-31,07:21:40,Image,Behind the scenes at our team workshop on Content Marketing. Innovation starts here! #TechTrends,#TechTrends,2316,3803,138.0,18,15,4,0,126
IN_0389,2,Instagram,2025-07-04,15:56:29,Reel,Discover how Brand Strategy is transforming the industry! What are your thoughts? #BusinessTips #SocialMedia2025,#BusinessTips #SocialMedia2025,7000,10373,156.0,21,7,26,6264,418
IN_0390,2,Instagram,10-08-2025,11:03:18,Carousel,Mastering Content Marketing in under 10 minutes. Read our full step-by-step guide now! #Coding #DesignThinking #StartupLife #DigitalMarketing,#Coding #DesignThinking #StartupLife #DigitalMarketing,7596,10114,176.0,37,24,37,0,225
IN_0391,2,Instagram,2025-07-23,05:48:20,Reel,Quick question for our community: How do you handle Data Analytics in your daily workflow? #SocialMedia2025,#SocialMedia2025,7939,8969,458.0,51,10,136,3579,172
IN_0392,2,Instagram,2025-09-17,14:07:22,Image,Why Social Media ROI matters more than ever for modern business growth. #DesignThinking #DigitalMarketing #MachineLearning,#DesignThinking #DigitalMarketing #MachineLearning,2246,3575,67.0,3,7,7,0,48
IN_0393,2,Instagram,02-12-2025,06:26:56,Image,Sunday motivation: Start your week with a fresh mindset on Social Media ROI. #Leadership #GrowthHacking,#Leadership #GrowthHacking,9387,10395,672.0,135,74,16,0,243
IN_0394,2,Instagram,2025-06-27,23:50:09,Carousel,Discover how Executive Leadership is transforming the industry! What are your thoughts? #TechTrends #Leadership #DigitalMarketing,#TechTrends #Leadership #DigitalMarketing,7038,11510,438.0,95,35,74,0,397
IN_0395,2,Instagram,2025-01-15,08:23:45,Image,Behind the scenes at our team workshop on Data Analytics. Innovation starts here! #BusinessTips,#BusinessTips,6413,11407,425.0,22,46,75,0,65
IN_0396,2,Instagram,2025-08-08,01:39:37,Carousel,Behind the scenes at our team workshop on AI Workflow. Innovation starts here! #SocialMedia2025,#SocialMedia2025,11908,21062,945.0,110,94,253,0,690
IN_0397,2,Instagram,2025-07-11,20:38:48,Image,Why Brand Strategy matters more than ever for modern business growth. #AI #TechTrends #Productivity #BusinessTips,#AI #TechTrends #Productivity #BusinessTips,9372,14534,411.0,55,57,102,0,121
IN_0398,2,Instagram,01-23-2025,08:47:51,Carousel,Sunday motivation: Start your week with a fresh mindset on Social Media ROI. #StartupLife #DataAnalytics,#StartupLife #DataAnalytics,4874,7745,385.0,85,8,47,0,160
IN_0399,2,Instagram,2025-01-05,07:56:09,Carousel,Unpopular opinion about Data Analytics: Most teams are doing it wrong. Here is why... #Leadership,#Leadership,4948,5893,215.0,23,17,18,0,193
IN_0400,2,Instagram,2025-03-18,07:58:03,Carousel,Discover how Brand Strategy is transforming the industry! What are your thoughts? #AI,#AI,1668,1881,122.0,16,13,13,0,17
IN_0401,2,Instagram,2025-09-19,09:13:17,Reel,Mastering AI Workflow in under 10 minutes. Read our full step-by-step guide now! #BusinessTips,#BusinessTips,16506,25277,336.0,77,21,98,14129,440
IN_0402,2,Instagram,2025-10-06,16:25:32,Reel,Sunday motivation: Start your week with a fresh mindset on AI Workflow. #Innovation #MachineLearning,#Innovation #MachineLearning,7705,10607,260.0,56,19,63,3772,80
IN_0403,2,Instagram,2025-04-06,02:49:49,Story Promotion,Top 5 actionable strategies for Data Analytics in 2025. Save this post for later! #TechTrends #Leadership,#TechTrends #Leadership,1659,2013,104.0,16,4,14,0,96
IN_0404,2,Instagram,2025-03-29,02:27:30,Image,Sunday motivation: Start your week with a fresh mindset on Cloud Scale. #MachineLearning #TechTrends #StartupLife #GrowthHacking,#MachineLearning #TechTrends #StartupLife #GrowthHacking,1902,2241,87.0,13,5,14,0,88
IN_0405,2,Instagram,2025-08-29,06:05:51,Image,Discover how Python Automation is transforming the industry! What are your thoughts? #MachineLearning,#MachineLearning,7735,13474,376.0,76,41,97,0,103
IN_0406,2,Instagram,25/10/2025,17:27:41,Carousel,Top 5 actionable strategies for Brand Strategy in 2025. Save this post for later! #Productivity #TechTrends #StartupLife,#Productivity #TechTrends #StartupLife,2906,4666,141.0,7,6,10,0,71
IN_0407,2,Instagram,2025-03-11,05:39:40,Image,Unpopular opinion about Customer Engagement: Most teams are doing it wrong. Here is why... #Leadership #DigitalMarketing #StartupLife,#Leadership #DigitalMarketing #StartupLife,9060,15421,587.0,37,86,168,0,352
IN_0408,2,Instagram,2025-11-18,00:28:29,Reel,We are excited to announce our newest breakthrough in Data Analytics. Check out the link below! #Coding #MachineLearning #Productivity,#Coding #MachineLearning #Productivity,4416,7073,220.0,48,8,58,2304,202
IN_0409,2,Instagram,2025-02-17,15:12:58,Image,Discover how Python Automation is transforming the industry! What are your thoughts? #BusinessTips #DataAnalytics #TechTrends,#BusinessTips #DataAnalytics #TechTrends,7909,9977,551.0,77,36,149,0,117
IN_0410,2,Instagram,2025-01-12,23:43:47,Image,Behind the scenes at our team workshop on Python Automation. Innovation starts here! #Leadership,#Leadership,6291,10709,185.0,36,16,8,0,309
IN_0411,2,Instagram,2025-05-22,02:26:06,Story Promotion,Unpopular opinion about Social Media ROI: Most teams are doing it wrong. Here is why... #Innovation #AI,#Innovation #AI,1935,2147,45.0,5,6,13,0,59
IN_0412,2,Instagram,2025-01-21,13:57:02,Story Promotion,Case study alert: How we boosted results by 350% using Social Media ROI. #Innovation,#Innovation,2682,3063,147.0,30,17,14,0,31
IN_0413,2,Instagram,2025-06-06,22:00:53,Reel,Sunday motivation: Start your week with a fresh mindset on User Experience. #GrowthHacking #TechTrends #DigitalMarketing #StartupLife,#GrowthHacking #TechTrends #DigitalMarketing #StartupLife,10292,12253,310.0,23,41,13,5637,178
IN_0414,2,Instagram,2025-06-25,23:49:52,Carousel,Case study alert: How we boosted results by 350% using Customer Engagement. #AI #StartupLife,#AI #StartupLife,8717,15415,453.0,67,67,129,0,356
IN_0415,2,Instagram,03/05/2025,11:19:41,Image,Quick question for our community: How do you handle User Experience in your daily workflow? #DigitalMarketing #DataAnalytics #Productivity #SocialMedia2025,#DigitalMarketing #DataAnalytics #Productivity #SocialMedia2025,8734,14010,679.0,72,54,195,0,475
IN_0416,2,Instagram,05-06-2025,09:29:35,Image,Quick question for our community: How do you handle Content Marketing in your daily workflow? #AI,#AI,5599,7748,237.0,45,16,34,0,259
IN_0417,2,Instagram,2025-06-19,16:30:45,Carousel,Mastering Brand Strategy in under 10 minutes. Read our full step-by-step guide now! #GrowthHacking #DataAnalytics,#GrowthHacking #DataAnalytics,6803,11565,296.0,69,28,46,0,395
IN_0418,2,Instagram,2025-02-10,06:26:50,Carousel,Quick question for our community: How do you handle Data Analytics in your daily workflow? #Innovation,#Innovation,12223,21291,469.0,31,30,108,0,486
IN_0419,2,Instagram,2025-07-23,10:59:55,Reel,Behind the scenes at our team workshop on AI Workflow. Innovation starts here! #TechTrends #Leadership,#TechTrends #Leadership,8730,13987,691.0,71,48,193,4740,522
IN_0420,2,Instagram,05-07-2025,05:43:52,Image,Discover how Customer Engagement is transforming the industry! What are your thoughts? #Coding #DigitalMarketing #DataAnalytics,#Coding #DigitalMarketing #DataAnalytics,4581,7148,217.0,15,29,59,0,52
IN_0421,2,Instagram,29/09/2025,12:58:16,Reel,Case study alert: How we boosted results by 350% using AI Workflow. #GrowthHacking,#GrowthHacking,29122,43388,1138.0,104,143,228,22411,547
IN_0422,2,Instagram,17/05/2025,23:41:00,Story Promotion,Unpopular opinion about Data Analytics: Most teams are doing it wrong. Here is why... #Leadership,#Leadership,1001,1555,69.0,3,6,16,0,53
IN_0423,2,Instagram,2025-08-20,04:48:28,Story Promotion,Top 5 actionable strategies for Brand Strategy in 2025. Save this post for later! #DataAnalytics #Coding #Leadership #TechTrends,#DataAnalytics #Coding #Leadership #TechTrends,630,1057,47.0,8,3,2,0,20
IN_0424,2,Instagram,2025-06-16,23:37:55,Image,We are excited to announce our newest breakthrough in Data Analytics. Check out the link below! #Coding,#Coding,6941,11179,166.0,14,13,42,0,137
IN_0425,2,Instagram,2025-10-21,04:29:36,Reel,We are excited to announce our newest breakthrough in Python Automation. Check out the link below! #Leadership,#Leadership,5641,6987,323.0,38,12,75,2752,259
IN_0426,2,Instagram,2025-09-06,08:57:40,Carousel,Unpopular opinion about User Experience: Most teams are doing it wrong. Here is why... #Productivity #Coding #StartupLife,#Productivity #Coding #StartupLife,3026,3647,186.0,39,9,35,0,165
IN_0427,2,Instagram,2025-08-31,08:05:05,Reel,Top 5 actionable strategies for Social Media ROI in 2025. Save this post for later! #BusinessTips #Coding,#BusinessTips #Coding,19739,28200,503.0,30,73,11,9745,796
IN_0428,2,Instagram,2025-03-23,07:16:41,Image,Quick question for our community: How do you handle Data Analytics in your daily workflow? #AI #MarketingStrategy #BusinessTips #Coding,#AI #MarketingStrategy #BusinessTips #Coding,9301,16614,310.0,75,33,59,0,178
IN_0429,2,Instagram,19/11/2025,15:49:42,Carousel,Unpopular opinion about Cloud Scale: Most teams are doing it wrong. Here is why... #DesignThinking #BusinessTips #Leadership,#DesignThinking #BusinessTips #Leadership,10087,12020,328.0,80,15,68,0,177
IN_0430,2,Instagram,2025-11-21,03:51:50,Carousel,Sunday motivation: Start your week with a fresh mindset on Customer Engagement. #GrowthHacking #SocialMedia2025,#GrowthHacking #SocialMedia2025,10810,19388,625.0,54,72,70,0,138
IN_0431,2,Instagram,2025-06-22,07:41:04,Image,Why Python Automation matters more than ever for modern business growth. #Productivity #StartupLife,,3112,5285,83.0,5,5,19,0,74
IN_0432,2,Instagram,04-28-2025,20:20:54,Image,Top 5 actionable strategies for Cloud Scale in 2025. Save this post for later! #MarketingStrategy #TechTrends #StartupLife,#MarketingStrategy #TechTrends #StartupLife,6756,9329,158.0,32,16,12,0,347
IN_0433,2,Instagram,2025-05-22,17:20:09,Carousel,We are excited to announce our newest breakthrough in Customer Engagement. Check out the link below! #DesignThinking,#DesignThinking,8990,12206,410.0,79,12,71,0,502
IN_0434,2,Instagram,2025-12-10,03:19:30,Story Promotion,Why User Experience matters more than ever for modern business growth. #Innovation #GrowthHacking,,1709,2101,83.0,4,3,6,0,54
IN_0435,2,Instagram,2025-11-30,18:03:48,Image,Unpopular opinion about Social Media ROI: Most teams are doing it wrong. Here is why... #AI #DataAnalytics #Innovation,#AI #DataAnalytics #Innovation,7363,12978,325.0,50,33,41,0,282
IN_0436,2,Instagram,2025-09-09,17:37:02,Reel,Why Social Media ROI matters more than ever for modern business growth. #StartupLife #BusinessTips #Coding #TechTrends,#StartupLife #BusinessTips #Coding #TechTrends,14699,26086,765.0,110,69,85,12058,834
IN_0437,2,Instagram,2025-12-24,11:14:30,Image,Case study alert: How we boosted results by 350% using Python Automation. #DigitalMarketing #DataAnalytics #TechTrends,#DigitalMarketing #DataAnalytics #TechTrends,7844,12125,242.0,18,6,10,0,105
IN_0438,2,Instagram,07-13-2025,09:54:49,Story Promotion,We are excited to announce our newest breakthrough in Customer Engagement. Check out the link below! #TechTrends #MachineLearning #Coding #DesignThinking,#TechTrends #MachineLearning #Coding #DesignThinking,2450,3373,94.0,17,7,11,0,94
IN_0439,2,Instagram,2025-02-15,15:17:02,Story Promotion,Discover how Brand Strategy is transforming the industry! What are your thoughts? #MachineLearning #TechTrends #DigitalMarketing #GrowthHacking,#MachineLearning #TechTrends #DigitalMarketing #GrowthHacking,1295,1709,43.0,3,4,5,0,30
IN_0440,2,Instagram,10/02/2025,04:00:06,Carousel,Quick question for our community: How do you handle Social Media ROI in your daily workflow? #DataAnalytics #GrowthHacking #Coding #TechTrends,#DataAnalytics #GrowthHacking #Coding #TechTrends,9682,11865,396.0,32,16,51,0,196
IN_0441,2,Instagram,11/11/2025,10:33:28,Carousel,Mastering User Experience in under 10 minutes. Read our full step-by-step guide now! #GrowthHacking #DigitalMarketing #BusinessTips #StartupLife,#GrowthHacking #DigitalMarketing #BusinessTips #StartupLife,12637,20568,915.0,218,53,67,0,574
IN_0442,2,Instagram,2025-03-04,14:24:01,Reel,Behind the scenes at our team workshop on User Experience. Innovation starts here! #Productivity #MachineLearning,#Productivity #MachineLearning,15932,20050,1160.0,261,62,188,11757,682
IN_0443,2,Instagram,2025-06-18,18:13:22,Story Promotion,Top 5 actionable strategies for Content Marketing in 2025. Save this post for later! #AI #DataAnalytics #MarketingStrategy,#AI #DataAnalytics #MarketingStrategy,6286,10259,293.0,18,12,76,0,302
IN_0444,2,Instagram,2025-06-28,07:00:59,Story Promotion,We are excited to announce our newest breakthrough in Brand Strategy. Check out the link below! #Leadership #DesignThinking #Innovation,#Leadership #DesignThinking #Innovation,863,1096,19.0,2,1,1,0,48
IN_0445,2,Instagram,15/01/2025,05:08:58,Carousel,Unpopular opinion about AI Workflow: Most teams are doing it wrong. Here is why... #DesignThinking #AI,#DesignThinking #AI,6678,11358,479.0,74,46,31,0,261
IN_0446,2,Instagram,10-12-2025,15:39:52,Image,Quick question for our community: How do you handle User Experience in your daily workflow? #AI #DigitalMarketing,#AI #DigitalMarketing,2626,4167,115.0,10,3,32,0,98
IN_0447,2,Instagram,2025-04-08,14:49:58,Reel,Why Data Analytics matters more than ever for modern business growth. #DataAnalytics #DigitalMarketing,#DataAnalytics #DigitalMarketing,10666,13284,282.0,31,29,61,6483,502
IN_0448,2,Instagram,2025-10-04,01:01:12,Carousel,Discover how Social Media ROI is transforming the industry! What are your thoughts? #BusinessTips #DesignThinking #Innovation,#BusinessTips #DesignThinking #Innovation,10682,12420,638.0,94,86,18,0,247
IN_0449,2,Instagram,2025-01-30,05:38:57,Carousel,Case study alert: How we boosted results by 350% using Data Analytics. #MarketingStrategy #Productivity,#MarketingStrategy #Productivity,4565,6270,140.0,28,16,32,0,218
IN_0450,2,Instagram,2025-11-16,08:30:41,Image,Unpopular opinion about Social Media ROI: Most teams are doing it wrong. Here is why... #BusinessTips #Innovation #AI,#BusinessTips #Innovation #AI,1059,1181,33.0,4,2,7,0,17
IN_0451,2,Instagram,06/01/2025,15:55:49,Reel,Unpopular opinion about Executive Leadership: Most teams are doing it wrong. Here is why... #DesignThinking #Productivity #GrowthHacking,#DesignThinking #Productivity #GrowthHacking,3057,3957,129.0,7,18,7,1575,119
IN_0452,2,Instagram,2025-01-15,07:53:34,Reel,Why Data Analytics matters more than ever for modern business growth. #SocialMedia2025 #DigitalMarketing,#SocialMedia2025 #DigitalMarketing,19743,29754,1273.0,318,152,46,14981,1142
IN_0453,2,Instagram,2025-07-11,02:07:46,Story Promotion,Why Customer Engagement matters more than ever for modern business growth. #MachineLearning #DesignThinking #AI #Leadership,#MachineLearning #DesignThinking #AI #Leadership,1354,1589,90.0,15,11,25,0,16
IN_0454,2,Instagram,2025-08-14,05:36:36,Story Promotion,We are excited to announce our newest breakthrough in Social Media ROI. Check out the link below! #SocialMedia2025 #Productivity #AI,#SocialMedia2025 #Productivity #AI,2587,4299,142.0,26,9,32,0,62
IN_0455,2,Instagram,2025-05-07,17:40:31,Reel,We are excited to announce our newest breakthrough in Executive Leadership. Check out the link below! #DesignThinking,#DesignThinking,3565,6365,96.0,13,8,7,2043,158
IN_0456,2,Instagram,2025-12-09,02:41:30,Image,Unpopular opinion about Executive Leadership: Most teams are doing it wrong. Here is why... #MachineLearning #TechTrends #DesignThinking,#MachineLearning #TechTrends #DesignThinking,4055,6128,231.0,23,15,42,0,189
IN_0457,2,Instagram,31/03/2025,05:10:25,Story Promotion,Why Customer Engagement matters more than ever for modern business growth. #DataAnalytics #SocialMedia2025,#DataAnalytics #SocialMedia2025,483,821,13.0,0,0,2,0,21
IN_0458,2,Instagram,2025-04-09,07:06:38,Image,,#DataAnalytics #DigitalMarketing,8645,14553,330.0,71,28,60,0,485
IN_0459,2,Instagram,2025-01-06,13:37:25,Story Promotion,Quick question for our community: How do you handle Cloud Scale in your daily workflow? #AI #Innovation #DesignThinking,#AI #Innovation #DesignThinking,4496,6509,258.0,59,18,50,0,91
IN_0460,2,Instagram,2025-04-30,09:45:28,Story Promotion,Quick question for our community: How do you handle Executive Leadership in your daily workflow? #DesignThinking #MarketingStrategy #Productivity,#DesignThinking #MarketingStrategy #Productivity,468,541,20.0,3,0,3,0,5
IN_0461,2,Instagram,2025-10-31,10:24:25,Carousel,Sunday motivation: Start your week with a fresh mindset on Python Automation. #TechTrends #MarketingStrategy,#TechTrends #MarketingStrategy,10130,16114,447.0,61,35,97,0,179
IN_0462,2,Instagram,2025-12-07,06:32:57,Story Promotion,Case study alert: How we boosted results by 350% using AI Workflow. #StartupLife #DigitalMarketing #Innovation,#StartupLife #DigitalMarketing #Innovation,2842,3801,90.0,17,4,14,0,149
IN_0463,2,Instagram,2025-04-25,05:43:02,Image,We are excited to announce our newest breakthrough in Social Media ROI. Check out the link below! #AI #Productivity,#AI #Productivity,4227,5525,252.0,57,28,41,0,226
IN_0464,2,Instagram,2025-06-02,00:18:25,Image,Discover how Cloud Scale is transforming the industry! What are your thoughts? #DigitalMarketing #SocialMedia2025 #Productivity,#DigitalMarketing #SocialMedia2025 #Productivity,9622,15636,675.0,124,17,82,0,370
IN_0465,2,Instagram,2025-09-26,17:29:32,Carousel,Mastering Cloud Scale in under 10 minutes. Read our full step-by-step guide now! #DesignThinking #MachineLearning #BusinessTips,#DesignThinking #MachineLearning #BusinessTips,11446,18591,761.0,56,58,36,0,283
IN_0466,2,Instagram,2025-08-12,05:16:23,Reel,Top 5 actionable strategies for Social Media ROI in 2025. Save this post for later! #DigitalMarketing,#DigitalMarketing,4997,6381,164.0,40,9,24,3275,269
IN_0467,2,Instagram,2025-08-30,22:23:28,Story Promotion,Top 5 actionable strategies for User Experience in 2025. Save this post for later! #Innovation #MachineLearning #SocialMedia2025,#Innovation #MachineLearning #SocialMedia2025,2277,2822,146.0,7,7,19,0,69
IN_0468,2,Instagram,2025-02-01,00:11:45,Reel,Unpopular opinion about Social Media ROI: Most teams are doing it wrong. Here is why... #DataAnalytics #SocialMedia2025 #BusinessTips,#DataAnalytics #SocialMedia2025 #BusinessTips,2095,3231,82.0,7,4,13,1084,95
IN_0469,2,Instagram,2025-08-02,22:25:33,Image,We are excited to announce our newest breakthrough in Data Analytics. Check out the link below! #BusinessTips #SocialMedia2025 #MachineLearning #Coding,#BusinessTips #SocialMedia2025 #MachineLearning #Coding,7587,13303,542.0,46,50,145,0,410
IN_0470,2,Instagram,2025-04-15,07:48:33,Story Promotion,Case study alert: How we boosted results by 350% using AI Workflow. #StartupLife #AI #Coding,#StartupLife #AI #Coding,3138,5138,96.0,13,5,16,0,182
IN_0471,2,Instagram,2025-12-06,18:25:01,Reel,Case study alert: How we boosted results by 350% using Content Marketing. #AI #StartupLife,#AI #StartupLife,23876,30004,1763.0,250,172,455,15857,627
IN_0472,2,Instagram,2025-07-27,17:33:33,Image,Sunday motivation: Start your week with a fresh mindset on Data Analytics. #DesignThinking #StartupLife #MachineLearning #GrowthHacking,#DesignThinking #StartupLife #MachineLearning #GrowthHacking,6525,11445,335.0,74,42,27,0,89
IN_0473,2,Instagram,01/03/2025,16:46:17,Image,Unpopular opinion about Brand Strategy: Most teams are doing it wrong. Here is why... #Innovation #Productivity #SocialMedia2025 #StartupLife,#Innovation #Productivity #SocialMedia2025 #StartupLife,3586,5603,110.0,20,16,27,0,62
IN_0474,2,Instagram,2025-07-24,19:26:14,Reel,We are excited to announce our newest breakthrough in User Experience. Check out the link below! #Innovation #Productivity #AI,,8937,13688,496.0,113,20,51,6266,389
IN_0475,2,Instagram,2025-06-02,04:58:11,Image,Sunday motivation: Start your week with a fresh mindset on Executive Leadership. #StartupLife #Leadership #MarketingStrategy,#StartupLife #Leadership #MarketingStrategy,6135,11030,145.0,19,14,21,0,233
IN_0476,2,Instagram,2025-12-15,18:07:57,Carousel,Case study alert: How we boosted results by 350% using User Experience. #BusinessTips #DigitalMarketing #AI,#BusinessTips #DigitalMarketing #AI,13052,18962,497.0,65,25,125,0,469
IN_0477,2,Instagram,2025-10-02,19:24:49,Story Promotion,Behind the scenes at our team workshop on Customer Engagement. Innovation starts here! #DigitalMarketing,#DigitalMarketing,5122,6231,299.0,63,40,31,0,94
IN_0478,2,Instagram,2025-03-13,16:42:00,Story Promotion,Case study alert: How we boosted results by 350% using Customer Engagement. #TechTrends,#TechTrends,2353,3004,120.0,24,2,31,0,90
IN_0479,2,Instagram,2025-09-05,11:06:32,Reel,Case study alert: How we boosted results by 350% using User Experience. #DigitalMarketing #Productivity #MachineLearning #AI,#DigitalMarketing #Productivity #MachineLearning #AI,19962,25263,578.0,139,70,159,8456,412
IN_0480,2,Instagram,2025-07-26,03:42:26,Carousel,Quick question for our community: How do you handle Content Marketing in your daily workflow? #Coding,#Coding,2428,3114,130.0,27,19,26,0,133
IN_0481,2,Instagram,2025-09-03,00:42:36,Story Promotion,Discover how Social Media ROI is transforming the industry! What are your thoughts? #Coding #StartupLife #DesignThinking #TechTrends,#Coding #StartupLife #DesignThinking #TechTrends,3139,4392,230.0,17,11,63,0,78
IN_0482,2,Instagram,2025-01-23,14:19:23,Carousel,Discover how Python Automation is transforming the industry! What are your thoughts? #Productivity #GrowthHacking #MarketingStrategy #DigitalMarketing,#Productivity #GrowthHacking #MarketingStrategy #DigitalMarketing,16302,19370,642.0,76,62,168,0,274
IN_0483,2,Instagram,2025-04-03,04:32:48,Carousel,Behind the scenes at our team workshop on Content Marketing. Innovation starts here! #Coding #StartupLife,#Coding #StartupLife,1638,2373,79.0,10,7,16,0,43
IN_0484,2,Instagram,2025-02-19,08:26:17,Carousel,Quick question for our community: How do you handle Data Analytics in your daily workflow? #Productivity #AI #MarketingStrategy #DigitalMarketing,#Productivity #AI #MarketingStrategy #DigitalMarketing,3840,4670,267.0,61,7,60,0,114
IN_0485,2,Instagram,2025-02-04,17:11:45,Reel,Case study alert: How we boosted results by 350% using Executive Leadership. #MarketingStrategy #BusinessTips #DesignThinking #DigitalMarketing,#MarketingStrategy #BusinessTips #DesignThinking #DigitalMarketing,15356,23529,819.0,157,50,85,7531,666
IN_0486,2,Instagram,2025-06-10,03:41:31,Carousel,Top 5 actionable strategies for Executive Leadership in 2025. Save this post for later! #Innovation #AI #Leadership,#Innovation #AI #Leadership,11982,17617,697.0,85,68,59,0,391
IN_0487,2,Instagram,2025-04-20,12:59:03,Carousel,Why Executive Leadership matters more than ever for modern business growth. #AI #Productivity #DesignThinking,#AI #Productivity #DesignThinking,12550,19974,988.0,140,53,252,0,503
IN_0488,2,Instagram,2025-01-16,08:05:30,Reel,Top 5 actionable strategies for Python Automation in 2025. Save this post for later! #Productivity,#Productivity,6392,9914,480.0,118,36,10,4073,234
IN_0489,2,Instagram,2025-03-31,17:28:23,Reel,We are excited to announce our newest breakthrough in Data Analytics. Check out the link below! #Productivity #SocialMedia2025 #BusinessTips,#Productivity #SocialMedia2025 #BusinessTips,3165,3883,147.0,16,9,29,2732,147
IN_0490,2,Instagram,2025-02-21,18:38:13,Image,Behind the scenes at our team workshop on Brand Strategy. Innovation starts here! #StartupLife #Leadership #DataAnalytics #DigitalMarketing,#StartupLife #Leadership #DataAnalytics #DigitalMarketing,8269,13351,385.0,48,15,94,0,326
IN_0491,2,Instagram,2025-07-22,04:58:18,Carousel,Sunday motivation: Start your week with a fresh mindset on Python Automation. #DigitalMarketing #GrowthHacking #TechTrends #Innovation,#DigitalMarketing #GrowthHacking #TechTrends #Innovation,10514,16639,281.0,43,25,41,0,408
IN_0492,2,Instagram,2025-12-29,12:23:34,Image,We are excited to announce our newest breakthrough in Cloud Scale. Check out the link below! #StartupLife #SocialMedia2025 #DigitalMarketing #DesignThinking,#StartupLife #SocialMedia2025 #DigitalMarketing #DesignThinking,6817,11011,346.0,53,34,97,0,354
IN_0493,2,Instagram,29/03/2025,20:25:36,Carousel,Quick question for our community: How do you handle Executive Leadership in your daily workflow? #StartupLife #MachineLearning #Innovation,#StartupLife #MachineLearning #Innovation,4309,6303,114.0,19,4,3,0,203
IN_0494,2,Instagram,2025-12-06,22:58:52,Reel,Why Customer Engagement matters more than ever for modern business growth. #StartupLife #Innovation,#StartupLife #Innovation,10447,18265,679.0,105,94,58,5895,156
IN_0495,2,Instagram,03-23-2025,19:02:40,Image,Discover how AI Workflow is transforming the industry! What are your thoughts? #MachineLearning #DataAnalytics,#MachineLearning #DataAnalytics,8353,13585,592.0,43,18,48,0,495
IN_0496,2,Instagram,2025-06-22,20:59:14,Image,Why User Experience matters more than ever for modern business growth. #Productivity #AI,#Productivity #AI,2151,2841,115.0,15,8,8,0,110
IN_0497,2,Instagram,2025-09-16,19:36:17,Story Promotion,Mastering Data Analytics in under 10 minutes. Read our full step-by-step guide now! #DataAnalytics #MarketingStrategy #StartupLife,#DataAnalytics #MarketingStrategy #StartupLife,4850,5748,167.0,27,3,48,0,177
IN_0498,2,Instagram,2025-11-27,11:28:27,Reel,Discover how Python Automation is transforming the industry! What are your thoughts? #Innovation,#Innovation,8004,11801,208.0,31,7,19,3445,134
IN_0499,2,Instagram,2025-06-25,19:19:50,Story Promotion,,#Coding #Leadership,2607,4182,114.0,11,7,27,0,33
IN_0500,2,Instagram,2025-08-09,03:17:22,Carousel,Quick question for our community: How do you handle Executive Leadership in your daily workflow? #AI #StartupLife,#AI #StartupLife,10865,13772,534.0,46,34,141,0,163
IN_0501,2,Instagram,2025-01-22,04:52:46,Reel,Case study alert: How we boosted results by 350% using Executive Leadership. #MarketingStrategy #Leadership #TechTrends #Coding,#MarketingStrategy #Leadership #TechTrends #Coding,20191,31399,900.0,106,47,55,8906,1016
IN_0502,2,Instagram,09/02/2025,01:16:22,Story Promotion,Behind the scenes at our team workshop on Brand Strategy. Innovation starts here! #GrowthHacking #SocialMedia2025,,1373,2447,106.0,6,11,17,0,23
IN_0503,2,Instagram,2025-08-03,07:35:32,Image,Top 5 actionable strategies for Customer Engagement in 2025. Save this post for later! #StartupLife #DigitalMarketing #Leadership,#StartupLife #DigitalMarketing #Leadership,6037,9142,408.0,96,38,72,0,73
IN_0504,2,Instagram,2025-12-04,22:05:36,Image,Case study alert: How we boosted results by 350% using User Experience. #MarketingStrategy #SocialMedia2025,#MarketingStrategy #SocialMedia2025,3405,5208,160.0,16,9,46,0,53
IN_0505,2,Instagram,2025-10-03,16:31:04,Story Promotion,Mastering AI Workflow in under 10 minutes. Read our full step-by-step guide now! #DigitalMarketing #DataAnalytics #TechTrends #StartupLife,#DigitalMarketing #DataAnalytics #TechTrends #StartupLife,3903,6984,262.0,52,33,64,0,190
IN_0506,2,Instagram,2025-04-17,21:30:17,Image,Quick question for our community: How do you handle Cloud Scale in your daily workflow? #DataAnalytics #SocialMedia2025 #Leadership #DesignThinking,#DataAnalytics #SocialMedia2025 #Leadership #DesignThinking,4539,5736,200.0,40,15,50,0,66
IN_0507,2,Instagram,2025-02-27,12:42:38,Story Promotion,Mastering Data Analytics in under 10 minutes. Read our full step-by-step guide now! #SocialMedia2025 #MarketingStrategy,#SocialMedia2025 #MarketingStrategy,2129,2590,47.0,4,4,2,0,113
IN_0508,2,Instagram,2025-07-02,16:23:29,Image,Why Customer Engagement matters more than ever for modern business growth. #AI #TechTrends #Productivity,#AI #TechTrends #Productivity,8310,10723,447.0,36,30,105,0,432
IN_0509,2,Instagram,2025-11-12,11:16:15,Reel,Sunday motivation: Start your week with a fresh mindset on Social Media ROI. #SocialMedia2025 #Leadership #TechTrends,#SocialMedia2025 #Leadership #TechTrends,12194,14702,529.0,53,74,67,5995,349
IN_0510,2,Instagram,2025-04-05,10:32:40,Reel,Discover how Social Media ROI is transforming the industry! What are your thoughts? #AI #Coding #SocialMedia2025 #Innovation,#AI #Coding #SocialMedia2025 #Innovation,7592,11145,197.0,24,5,2,5110,246
IN_0511,2,Instagram,2025-01-18,01:09:27,Reel,Quick question for our community: How do you handle Python Automation in your daily workflow? #MachineLearning #MarketingStrategy #AI #Innovation,#MachineLearning #MarketingStrategy #AI #Innovation,19492,29401,401.0,57,39,7,8730,432
IN_0512,2,Instagram,2025-01-14,16:47:55,Story Promotion,Discover how AI Workflow is transforming the industry! What are your thoughts? #DesignThinking #Coding,#DesignThinking #Coding,1030,1200,33.0,7,3,7,0,34
IN_0513,2,Instagram,2025-03-03,00:54:30,Carousel,Top 5 actionable strategies for Brand Strategy in 2025. Save this post for later! #MachineLearning #BusinessTips #DesignThinking,#MachineLearning #BusinessTips #DesignThinking,2590,3152,177.0,42,14,2,0,59
IN_0514,2,Instagram,2025-04-26,10:58:42,Reel,Mastering Social Media ROI in under 10 minutes. Read our full step-by-step guide now! #MarketingStrategy #AI #StartupLife,#MarketingStrategy #AI #StartupLife,8263,10330,456.0,91,17,101,7174,384
IN_0515,2,Instagram,2025-08-31,06:33:51,Image,Quick question for our community: How do you handle Content Marketing in your daily workflow? #BusinessTips #StartupLife,#BusinessTips #StartupLife,2937,3499,130.0,23,12,12,0,111
IN_0516,2,Instagram,2025-06-26,13:04:26,Carousel,Sunday motivation: Start your week with a fresh mindset on AI Workflow. #TechTrends #MarketingStrategy #AI #DesignThinking,#TechTrends #MarketingStrategy #AI #DesignThinking,7816,13686,428.0,93,18,57,0,422
IN_0517,2,Instagram,2025-10-02,15:03:34,Story Promotion,Discover how Cloud Scale is transforming the industry! What are your thoughts? #MarketingStrategy #DataAnalytics #Leadership #BusinessTips,#MarketingStrategy #DataAnalytics #Leadership #BusinessTips,2228,2870,105.0,5,12,14,0,95
IN_0518,2,Instagram,2025-01-17,17:51:56,Reel,Sunday motivation: Start your week with a fresh mindset on AI Workflow. #DigitalMarketing #TechTrends #Productivity #BusinessTips,#DigitalMarketing #TechTrends #Productivity #BusinessTips,15950,27965,1054.0,251,48,196,12204,261
IN_0519,2,Instagram,2025-10-04,09:47:40,Carousel,We are excited to announce our newest breakthrough in Executive Leadership. Check out the link below! #SocialMedia2025,#SocialMedia2025,7992,11743,312.0,42,12,80,0,147
IN_0520,2,Instagram,18/12/2025,05:24:09,Carousel,Unpopular opinion about Brand Strategy: Most teams are doing it wrong. Here is why... #Coding,#Coding,1319,1469,69.0,8,8,15,0,78
IN_0521,2,Instagram,2025-01-02,18:47:33,Image,Discover how AI Workflow is transforming the industry! What are your thoughts? #AI #BusinessTips #DesignThinking,#AI #BusinessTips #DesignThinking,14506,24591,624.0,125,63,154,0,245
IN_0522,2,Instagram,10-25-2025,19:22:01,Story Promotion,Discover how User Experience is transforming the industry! What are your thoughts? #BusinessTips,#BusinessTips,4786,6270,379.0,91,54,99,0,178
IN_0523,2,Instagram,26/01/2025,00:50:22,Carousel,Top 5 actionable strategies for Content Marketing in 2025. Save this post for later! #BusinessTips #AI,#BusinessTips #AI,4145,5852,314.0,48,9,11,0,166
IN_0524,2,Instagram,03-14-2025,20:52:27,Carousel,Behind the scenes at our team workshop on Social Media ROI. Innovation starts here! #DataAnalytics,#DataAnalytics,14076,16157,453.0,91,25,58,0,454
IN_0525,2,Instagram,26/05/2025,21:11:24,Carousel,Top 5 actionable strategies for Python Automation in 2025. Save this post for later! #Leadership #MarketingStrategy #MachineLearning #TechTrends,#Leadership #MarketingStrategy #MachineLearning #TechTrends,4518,7756,285.0,60,31,47,0,65
IN_0526,2,Instagram,2025-09-20,16:15:54,Carousel,We are excited to announce our newest breakthrough in Data Analytics. Check out the link below! #Coding #BusinessTips,#Coding #BusinessTips,5339,9188,265.0,49,36,38,0,264
IN_0527,2,Instagram,2025-03-23,08:05:33,Story Promotion,Top 5 actionable strategies for Data Analytics in 2025. Save this post for later! #DigitalMarketing,#DigitalMarketing,750,1230,57.0,9,3,9,0,33
IN_0528,2,Instagram,2025-06-17,12:35:44,Carousel,Discover how Python Automation is transforming the industry! What are your thoughts? #Coding,#Coding,12931,16206,463.0,60,12,21,0,285
IN_0529,2,Instagram,03-31-2025,07:18:00,Reel,Discover how User Experience is transforming the industry! What are your thoughts? #AI #GrowthHacking #Coding #MarketingStrategy,#AI #GrowthHacking #Coding #MarketingStrategy,6845,10080,290.0,43,21,66,3505,347
IN_0530,2,Instagram,2025-06-09,13:54:07,Carousel,Unpopular opinion about Social Media ROI: Most teams are doing it wrong. Here is why... #Leadership #BusinessTips,#Leadership #BusinessTips,7456,12508,160.0,27,10,1,0,260
IN_0531,2,Instagram,2025-06-08,17:54:23,Carousel,Why Content Marketing matters more than ever for modern business growth. #SocialMedia2025 #BusinessTips #AI,#SocialMedia2025 #BusinessTips #AI,7533,9146,,20,31,73,0,326
IN_0532,2,Instagram,2025-07-20,15:13:48,Story Promotion,Top 5 actionable strategies for Brand Strategy in 2025. Save this post for later! #MarketingStrategy #Productivity #Coding #DigitalMarketing,#MarketingStrategy #Productivity #Coding #DigitalMarketing,2670,3762,213.0,46,16,55,0,62
IN_0533,2,Instagram,2025-12-06,05:48:44,Reel,Mastering Brand Strategy in under 10 minutes. Read our full step-by-step guide now! #TechTrends,#TechTrends,4008,5840,200.0,29,11,10,2074,213
IN_0534,2,Instagram,2025-08-03,13:46:38,Image,Mastering Social Media ROI in under 10 minutes. Read our full step-by-step guide now! #GrowthHacking,#GrowthHacking,9739,15834,290.0,29,35,4,0,292
IN_0535,2,Instagram,2025-02-15,04:30:16,Story Promotion,We are excited to announce our newest breakthrough in Content Marketing. Check out the link below! #SocialMedia2025,#SocialMedia2025,414,649,14.0,1,1,3,0,14
IN_0536,2,Instagram,2025-09-28,18:49:00,Story Promotion,Mastering Cloud Scale in under 10 minutes. Read our full step-by-step guide now! #BusinessTips,#BusinessTips,5019,6741,129.0,9,3,4,0,254
IN_0537,2,Instagram,2025-02-12,06:47:23,Image,Case study alert: How we boosted results by 350% using AI Workflow. #TechTrends #DigitalMarketing #Innovation #MachineLearning,#TechTrends #DigitalMarketing #Innovation #MachineLearning,8178,10368,233.0,44,24,36,0,103
IN_0538,2,Instagram,2025-04-14,03:49:27,Image,Behind the scenes at our team workshop on AI Workflow. Innovation starts here! #DesignThinking,#DesignThinking,1087,1422,82.0,17,4,18,0,37
IN_0539,2,Instagram,2025-10-12,15:06:27,Image,Sunday motivation: Start your week with a fresh mindset on Python Automation. #DesignThinking #GrowthHacking,#DesignThinking #GrowthHacking,9637,15469,342.0,56,19,100,0,321
IN_0540,2,Instagram,2025-11-18,04:23:11,Story Promotion,We are excited to announce our newest breakthrough in Brand Strategy. Check out the link below! #GrowthHacking #SocialMedia2025,#GrowthHacking #SocialMedia2025,487,850,26.0,4,3,4,0,4
IN_0541,2,Instagram,2025-04-27,17:02:14,Story Promotion,Top 5 actionable strategies for AI Workflow in 2025. Save this post for later! #TechTrends #SocialMedia2025 #MachineLearning #Productivity,#TechTrends #SocialMedia2025 #MachineLearning #Productivity,2118,3567,58.0,5,5,13,0,88
IN_0542,2,Instagram,2025-10-02,07:12:27,Reel,Discover how Data Analytics is transforming the industry! What are your thoughts? #Coding #BusinessTips #SocialMedia2025 #AI,#Coding #BusinessTips #SocialMedia2025 #AI,7251,8051,459.0,73,55,66,6418,83
IN_0543,2,Instagram,2025-04-10,04:54:48,Story Promotion,Mastering Social Media ROI in under 10 minutes. Read our full step-by-step guide now! #Productivity #AI,#Productivity #AI,3282,4493,197.0,24,12,28,0,98
IN_0544,2,Instagram,2025-12-16,12:58:48,Image,Top 5 actionable strategies for Content Marketing in 2025. Save this post for later! #MachineLearning #Coding #MarketingStrategy,#MachineLearning #Coding #MarketingStrategy,11524,19442,849.0,182,59,9,0,649
IN_0545,2,Instagram,2025-11-29,19:01:48,Reel,Top 5 actionable strategies for Customer Engagement in 2025. Save this post for later! #MachineLearning #Coding,#MachineLearning #Coding,27692,41663,1033.0,228,88,76,11218,1540
IN_0546,2,Instagram,08/01/2025,11:31:10,Image,Top 5 actionable strategies for Social Media ROI in 2025. Save this post for later! #GrowthHacking,#GrowthHacking,7267,11878,456.0,113,50,58,0,361
IN_0547,2,Instagram,2025-06-18,08:28:16,Image,Discover how AI Workflow is transforming the industry! What are your thoughts? #GrowthHacking,#GrowthHacking,8674,11218,433.0,44,64,65,0,442
IN_0548,2,Instagram,2025-06-13,17:12:06,Carousel,Case study alert: How we boosted results by 350% using Brand Strategy. #MarketingStrategy,#MarketingStrategy,11861,20582,471.0,32,23,55,0,452
IN_0549,2,Instagram,2025-07-12,23:16:59,Story Promotion,Discover how Social Media ROI is transforming the industry! What are your thoughts? #MachineLearning #BusinessTips,#MachineLearning #BusinessTips,3272,4595,210.0,52,25,27,0,108
IN_0550,2,Instagram,2025-01-14,16:46:23,Story Promotion,Why AI Workflow matters more than ever for modern business growth. #BusinessTips #DesignThinking #DigitalMarketing,#BusinessTips #DesignThinking #DigitalMarketing,2742,3457,164.0,10,5,16,0,161
IN_0196,2,Instagram,2025-07-18,19:30:10,Image,Case study alert: How we boosted results by 350% using Customer Engagement. #MachineLearning,#MachineLearning,13789,17999,410.0,44,25,17,0,244
IN_0080,2,Instagram,2025-10-01,03:26:35,Reel,Sunday motivation: Start your week with a fresh mindset on Executive Leadership. #Coding #DigitalMarketing #GrowthHacking #Leadership,#Coding #DigitalMarketing #GrowthHacking #Leadership,17071,28755,1091.0,168,86,35,10010,295
IN_0481,2,Instagram,2025-09-03,00:42:36,Story Promotion,Discover how Social Media ROI is transforming the industry! What are your thoughts? #Coding #StartupLife #DesignThinking #TechTrends,#Coding #StartupLife #DesignThinking #TechTrends,3139,4392,230.0,17,11,63,0,78
IN_0110,2,Instagram,2025-02-21,00:57:17,Image,Unpopular opinion about Social Media ROI: Most teams are doing it wrong. Here is why... #AI #GrowthHacking #Productivity,#AI #GrowthHacking #Productivity,2736,3322,217.0,20,30,50,0,31
IN_0523,2,Instagram,26/01/2025,00:50:22,Carousel,Top 5 actionable strategies for Content Marketing in 2025. Save this post for later! #BusinessTips #AI,#BusinessTips #AI,4145,5852,314.0,48,9,11,0,166
IN_0533,2,Instagram,2025-12-06,05:48:44,Reel,Mastering Brand Strategy in under 10 minutes. Read our full step-by-step guide now! #TechTrends,#TechTrends,4008,5840,200.0,29,11,10,2074,213
IN_0085,2,Instagram,2025-03-27,22:43:43,Story Promotion,Behind the scenes at our team workshop on Python Automation. Innovation starts here! #DesignThinking,#DesignThinking,2193,2772,165.0,12,16,42,0,32
IN_0369,2,Instagram,2025-09-21,02:26:16,Carousel,Quick question for our community: How do you handle Social Media ROI in your daily workflow? #DigitalMarketing #Coding #StartupLife,#DigitalMarketing #Coding #StartupLife,6282,10541,204.0,32,13,5,0,252
IN_0133,2,Instagram,2025-04-21,05:17:34,Reel,Case study alert: How we boosted results by 350% using Data Analytics. #Productivity #Leadership #BusinessTips #SocialMedia2025,#Productivity #Leadership #BusinessTips #SocialMedia2025,5528,6800,282.0,36,26,76,3281,127
IN_0365,2,Instagram,2025-05-16,18:42:58,Reel,Behind the scenes at our team workshop on AI Workflow. Innovation starts here! #SocialMedia2025 #GrowthHacking,#SocialMedia2025 #GrowthHacking,24481,43209,558.0,103,42,55,14289,1043
IN_0185,2,Instagram,2025-05-21,00:00:01,Story Promotion,Quick question for our community: How do you handle User Experience in your daily workflow? #AI #TechTrends,#AI #TechTrends,1100,1535,79.0,5,5,1,0,53
IN_0011,2,Instagram,2025-01-28,07:27:58,Story Promotion,We are excited to announce our newest breakthrough in Social Media ROI. Check out the link below! #Coding #StartupLife,#Coding #StartupLife,1538,2756,31.0,4,3,1,0,15
IN_0074,2,Instagram,2025-03-23,12:33:02,Story Promotion,Unpopular opinion about Content Marketing: Most teams are doing it wrong. Here is why... #StartupLife #BusinessTips #Leadership #MachineLearning,#StartupLife #BusinessTips #Leadership #MachineLearning,1173,1395,77.0,5,9,20,0,59
IN_0221,2,Instagram,29/06/2025,16:56:00,Story Promotion,Case study alert: How we boosted results by 350% using AI Workflow. #GrowthHacking #Productivity #SocialMedia2025,#GrowthHacking #Productivity #SocialMedia2025,3809,6505,185.0,22,8,51,0,69
IN_0279,2,Instagram,2025-01-30,02:46:34,Image,Unpopular opinion about AI Workflow: Most teams are doing it wrong. Here is why... #AI #SocialMedia2025 #DigitalMarketing,#AI #SocialMedia2025 #DigitalMarketing,5607,7513,121.0,9,18,8,0,284
