post_id,platform_id,platform,post_date,post_time,content_type,caption,hashtags,reach,impressions,likes,comments,shares,saves,video_views,clicks
LI_0001,3,LinkedIn,2025-06-01,02:39:14,Document/Carousel,We are excited to announce our newest breakthrough in Brand Strategy. Check out the link below! #StartupLife #MarketingStrategy #BusinessTips #TechTrends,#StartupLife #MarketingStrategy #BusinessTips #TechTrends,3663,6005,159.0,24,23,42,0,70
LI_0002,3,LinkedIn,2025-08-02,15:36:18,Image,Top 5 actionable strategies for Executive Leadership in 2025. Save this post for later! #StartupLife #DataAnalytics #MarketingStrategy #Leadership,#StartupLife #DataAnalytics #MarketingStrategy #Leadership,4767,8390,154.0,24,21,22,0,212
LI_0003,3,LinkedIn,2025-08-09,18:20:53,Document/Carousel,Behind the scenes at our team workshop on Data Analytics. Innovation starts here! #Coding #StartupLife #MachineLearning #TechTrends,,13459,24166,746.0,72,20,79,0,383
LI_0004,3,LinkedIn,12-18-2025,19:06:30,Document/Carousel,Top 5 actionable strategies for Social Media ROI in 2025. Save this post for later! #DataAnalytics #Innovation #BusinessTips #MachineLearning,#DataAnalytics #Innovation #BusinessTips #MachineLearning,5635,9566,257.0,26,5,16,0,241
LI_0005,3,LinkedIn,14/09/2025,21:40:37,Text,Top 5 actionable strategies for Brand Strategy in 2025. Save this post for later! #DigitalMarketing #MarketingStrategy #BusinessTips,#DigitalMarketing #MarketingStrategy #BusinessTips,5889,7472,393.0,40,51,58,0,312
LI_0006,3,LinkedIn,2025-04-03,02:10:16,Video,Why Social Media ROI matters more than ever for modern business growth. #AI #Coding #DesignThinking #Productivity,#AI #Coding #DesignThinking #Productivity,7410,10693,417.0,101,14,24,5851,132
LI_0007,3,LinkedIn,2025-10-10,14:42:52,Video,Sunday motivation: Start your week with a fresh mindset on Data Analytics. #MarketingStrategy #AI #BusinessTips,#MarketingStrategy #AI #BusinessTips,167757,206513,12398.0,2471,1851,3661,133762,1794
LI_0008,3,LinkedIn,2025-07-23,09:46:50,Image,Why Data Analytics matters more than ever for modern business growth. #SocialMedia2025 #TechTrends #AI #Leadership,#SocialMedia2025 #TechTrends #AI #Leadership,5077,8859,347.0,22,48,48,0,248
LI_0009,3,LinkedIn,2025-05-30,21:14:14,Video,Sunday motivation: Start your week with a fresh mindset on Python Automation. #MarketingStrategy #DigitalMarketing #Productivity #BusinessTips,#MarketingStrategy #DigitalMarketing #Productivity #BusinessTips,3390,5647,100.0,10,7,29,2908,34
LI_0010,3,LinkedIn,2025-06-16,09:28:13,Article/Link,Unpopular opinion about User Experience: Most teams are doing it wrong. Here is why... #AI #MachineLearning #Innovation,#AI #MachineLearning #Innovation,1142,1625,33.0,6,1,8,0,20
LI_0011,3,LinkedIn,2025-11-30,01:44:19,Document/Carousel,Mastering Python Automation in under 10 minutes. Read our full step-by-step guide now! #MarketingStrategy,#MarketingStrategy,4657,7228,323.0,45,13,63,0,129
LI_0012,3,LinkedIn,2025-11-17,21:20:58,Text,Why Data Analytics matters more than ever for modern business growth. #DigitalMarketing #Productivity #TechTrends #BusinessTips,#DigitalMarketing #Productivity #TechTrends #BusinessTips,5229,8850,111.0,6,2,24,0,79
LI_0013,3,LinkedIn,2025-03-26,06:46:41,Article/Link,,#Innovation #TechTrends,2325,2613,77.0,17,5,5,0,47
LI_0014,3,LinkedIn,2025-01-21,05:36:20,Article/Link,Sunday motivation: Start your week with a fresh mindset on Brand Strategy. #AI,#AI,1147,1532,45.0,8,6,3,0,34
LI_0015,3,LinkedIn,2025-12-22,07:34:42,Video,Unpopular opinion about Content Marketing: Most teams are doing it wrong. Here is why... #DigitalMarketing #Productivity,#DigitalMarketing #Productivity,2666,3729,54.0,8,3,12,1784,112
LI_0016,3,LinkedIn,2025-05-19,03:17:37,Document/Carousel,Mastering Data Analytics in under 10 minutes. Read our full step-by-step guide now! #DesignThinking #GrowthHacking #Coding #Innovation,#DesignThinking #GrowthHacking #Coding #Innovation,8143,12383,228.0,13,8,66,0,244
LI_0017,3,LinkedIn,2025-05-23,05:49:38,Image,Behind the scenes at our team workshop on Python Automation. Innovation starts here! #Innovation #DesignThinking,#Innovation #DesignThinking,3950,6838,160.0,39,5,7,0,117
LI_0018,3,LinkedIn,2025-04-29,14:35:31,Text,,#GrowthHacking #MarketingStrategy #StartupLife #SocialMedia2025,1294,2243,80.0,18,6,11,0,62
LI_0019,3,LinkedIn,2025-09-30,09:46:43,Video,We are excited to announce our newest breakthrough in Customer Engagement. Check out the link below! #DataAnalytics,#DataAnalytics,1690,2676,121.0,14,7,10,1284,28
LI_0020,3,LinkedIn,26/01/2025,18:50:19,Text,Sunday motivation: Start your week with a fresh mindset on User Experience. #StartupLife #MarketingStrategy #DigitalMarketing #Leadership,#StartupLife #MarketingStrategy #DigitalMarketing #Leadership,2936,4753,210.0,16,6,35,0,133
LI_0021,3,LinkedIn,2025-10-04,03:59:07,Image,Mastering Customer Engagement in under 10 minutes. Read our full step-by-step guide now! #Leadership #TechTrends #BusinessTips #Coding,#Leadership #TechTrends #BusinessTips #Coding,1804,2248,61.0,5,5,10,0,49
LI_0022,3,LinkedIn,2025-06-24,17:00:46,Article/Link,Case study alert: How we boosted results by 350% using Python Automation. #TechTrends #SocialMedia2025 #GrowthHacking,#TechTrends #SocialMedia2025 #GrowthHacking,1600,2350,50.0,9,2,11,0,71
LI_0023,3,LinkedIn,2025-03-30,00:39:17,Article/Link,Quick question for our community: How do you handle Python Automation in your daily workflow? #MarketingStrategy #StartupLife #Innovation #Coding,#MarketingStrategy #StartupLife #Innovation #Coding,1115,1835,80.0,15,2,14,0,20
LI_0024,3,LinkedIn,2025-02-24,19:24:58,Text,Mastering Social Media ROI in under 10 minutes. Read our full step-by-step guide now! #Leadership #MarketingStrategy #SocialMedia2025,#Leadership #MarketingStrategy #SocialMedia2025,5271,9048,309.0,21,44,74,0,117
LI_0025,3,LinkedIn,2025-11-01,00:25:00,Document/Carousel,Discover how Python Automation is transforming the industry! What are your thoughts? #MarketingStrategy #Productivity #MachineLearning #Leadership,#MarketingStrategy #Productivity #MachineLearning #Leadership,4210,5403,294.0,34,37,85,0,118
LI_0026,3,LinkedIn,2025-11-28,01:25:56,Video,Top 5 actionable strategies for User Experience in 2025. Save this post for later! #TechTrends,#TechTrends,3467,5665,181.0,15,7,45,1549,199
LI_0027,3,LinkedIn,08-03-2025,00:46:27,Video,Behind the scenes at our team workshop on Executive Leadership. Innovation starts here! #StartupLife #TechTrends #GrowthHacking #BusinessTips,#StartupLife #TechTrends #GrowthHacking #BusinessTips,10056,16329,702.0,42,103,184,5987,210
LI_0028,3,LinkedIn,2025-10-21,11:51:12,Video,Mastering Content Marketing in under 10 minutes. Read our full step-by-step guide now! #BusinessTips #AI #Leadership,#BusinessTips #AI #Leadership,9413,14790,304.0,67,13,39,3823,535
LI_0029,3,LinkedIn,2025-08-11,10:54:38,Video,Unpopular opinion about AI Workflow: Most teams are doing it wrong. Here is why... #GrowthHacking #DigitalMarketing #Productivity #AI,#GrowthHacking #DigitalMarketing #Productivity #AI,5589,8724,242.0,29,34,65,4337,173
LI_0030,3,LinkedIn,04-03-2025,22:42:26,Article/Link,Quick question for our community: How do you handle Python Automation in your daily workflow? #Leadership,#Leadership,718,1066,15.0,1,1,2,0,27
LI_0031,3,LinkedIn,2025-03-28,10:27:01,Text,Why Customer Engagement matters more than ever for modern business growth. #DesignThinking #DigitalMarketing #AI,,1476,2066,59.0,5,7,10,0,47
LI_0032,3,LinkedIn,2025-05-31,19:31:03,Video,Sunday motivation: Start your week with a fresh mindset on Python Automation. #BusinessTips #SocialMedia2025,#BusinessTips #SocialMedia2025,12085,14756,615.0,121,33,122,10751,122
LI_0033,3,LinkedIn,2025-06-10,17:32:18,Article/Link,Behind the scenes at our team workshop on Social Media ROI. Innovation starts here! #BusinessTips,#BusinessTips,3032,4615,212.0,11,25,31,0,42
LI_0034,3,LinkedIn,2025-11-28,23:07:22,Image,Case study alert: How we boosted results by 350% using Customer Engagement. #Leadership #SocialMedia2025,#Leadership #SocialMedia2025,1886,2142,120.0,7,14,30,0,109
LI_0035,3,LinkedIn,2025-08-28,04:46:59,Text,Quick question for our community: How do you handle Content Marketing in your daily workflow? #SocialMedia2025 #DesignThinking #Productivity #AI,#SocialMedia2025 #DesignThinking #Productivity #AI,3862,4483,163.0,25,16,3,0,50
LI_0036,3,LinkedIn,2025-02-26,00:24:13,Article/Link,Why Brand Strategy matters more than ever for modern business growth. #MachineLearning,#MachineLearning,3227,4419,120.0,11,8,31,0,37
LI_0037,3,LinkedIn,2025-05-17,15:28:00,Video,Why Content Marketing matters more than ever for modern business growth. #BusinessTips,#BusinessTips,7552,8424,334.0,63,45,14,6543,144
LI_0038,3,LinkedIn,2025-10-22,23:23:17,Image,Case study alert: How we boosted results by 350% using User Experience. #DesignThinking,#DesignThinking,4421,6196,146.0,29,15,35,0,54
LI_0039,3,LinkedIn,2025-06-05,06:09:32,Document/Carousel,Quick question for our community: How do you handle Cloud Scale in your daily workflow? #BusinessTips #TechTrends #MachineLearning #GrowthHacking,#BusinessTips #TechTrends #MachineLearning #GrowthHacking,7889,12194,428.0,33,15,60,0,182
LI_0040,3,LinkedIn,09/02/2025,19:50:42,Text,Top 5 actionable strategies for Data Analytics in 2025. Save this post for later! #BusinessTips #DataAnalytics #MarketingStrategy #TechTrends,#BusinessTips #DataAnalytics #MarketingStrategy #TechTrends,1656,2900,100.0,22,8,28,0,64
LI_0041,3,LinkedIn,2025-02-11,20:37:51,Video,We are excited to announce our newest breakthrough in Executive Leadership. Check out the link below! #SocialMedia2025,#SocialMedia2025,6561,11275,211.0,44,16,30,5624,67
LI_0042,3,LinkedIn,2025-03-29,14:45:13,Video,Sunday motivation: Start your week with a fresh mindset on Data Analytics. #MachineLearning #Coding,#MachineLearning #Coding,16099,20350,1176.0,217,59,123,11970,675
LI_0043,3,LinkedIn,10-17-2025,22:13:38,Text,Quick question for our community: How do you handle Data Analytics in your daily workflow? #Innovation #MarketingStrategy #AI #Coding,#Innovation #MarketingStrategy #AI #Coding,2139,2355,75.0,12,3,22,0,46
LI_0044,3,LinkedIn,2025-05-06,01:58:37,Image,Why Executive Leadership matters more than ever for modern business growth. #BusinessTips,#BusinessTips,6056,8299,258.0,45,27,53,0,164
LI_0045,3,LinkedIn,2025-01-27,03:44:54,Article/Link,Case study alert: How we boosted results by 350% using User Experience. #Coding #Productivity,#Coding #Productivity,383,673,25.0,1,0,4,0,6
LI_0046,3,LinkedIn,2025-04-15,01:07:54,Document/Carousel,We are excited to announce our newest breakthrough in Data Analytics. Check out the link below! #Leadership,#Leadership,5286,8037,237.0,20,31,22,0,131
LI_0047,3,LinkedIn,2025-01-10,16:39:44,Document/Carousel,Why User Experience matters more than ever for modern business growth. #Innovation #MarketingStrategy #StartupLife,#Innovation #MarketingStrategy #StartupLife,1651,2300,33.0,7,3,7,0,89
LI_0048,3,LinkedIn,2025-07-27,14:16:08,Document/Carousel,Unpopular opinion about Data Analytics: Most teams are doing it wrong. Here is why... #Productivity #TechTrends,#Productivity #TechTrends,7292,11265,497.0,123,37,101,0,394
LI_0049,3,LinkedIn,2025-07-15,22:56:43,Article/Link,,#Coding #TechTrends #AI #MarketingStrategy,1382,2160,82.0,8,8,9,0,42
LI_0050,3,LinkedIn,2025-04-25,16:41:40,Image,Discover how Social Media ROI is transforming the industry! What are your thoughts? #Innovation #Leadership #BusinessTips,#Innovation #Leadership #BusinessTips,2845,4645,57.0,13,3,6,0,47
LI_0051,3,LinkedIn,2025-07-01,08:05:38,Text,Case study alert: How we boosted results by 350% using Customer Engagement. #MachineLearning,#MachineLearning,3502,5761,128.0,6,6,16,0,157
LI_0052,3,LinkedIn,02/03/2025,12:49:33,Document/Carousel,Mastering Executive Leadership in under 10 minutes. Read our full step-by-step guide now! #DataAnalytics #SocialMedia2025 #GrowthHacking #DigitalMarketing,#DataAnalytics #SocialMedia2025 #GrowthHacking #DigitalMarketing,14267,25288,482.0,27,34,69,0,695
LI_0053,3,LinkedIn,2025-03-08,13:34:27,Document/Carousel,Discover how Executive Leadership is transforming the industry! What are your thoughts? #MarketingStrategy #MachineLearning,#MarketingStrategy #MachineLearning,3818,5601,118.0,28,11,5,0,111
LI_0054,3,LinkedIn,2025-10-19,21:14:28,Video,We are excited to announce our newest breakthrough in Brand Strategy. Check out the link below! #Innovation #Coding #Productivity #StartupLife,#Innovation #Coding #Productivity #StartupLife,12827,21213,821.0,81,50,139,8192,752
LI_0055,3,LinkedIn,2025-11-09,06:49:08,Text,Case study alert: How we boosted results by 350% using Data Analytics. #AI #DataAnalytics #DigitalMarketing,#AI #DataAnalytics #DigitalMarketing,2466,4209,86.0,14,4,9,0,99
LI_0056,3,LinkedIn,2025-03-21,04:35:22,Image,Behind the scenes at our team workshop on Data Analytics. Innovation starts here! #DigitalMarketing,#DigitalMarketing,6356,10098,481.0,38,48,109,0,84
LI_0057,3,LinkedIn,2025-01-18,10:20:56,Document/Carousel,Discover how AI Workflow is transforming the industry! What are your thoughts? #DigitalMarketing #AI,#DigitalMarketing #AI,7622,11028,222.0,39,20,10,0,301
LI_0058,3,LinkedIn,2025-07-16,10:49:04,Video,Sunday motivation: Start your week with a fresh mindset on Customer Engagement. #GrowthHacking,#GrowthHacking,7387,8413,228.0,26,11,39,4744,231
LI_0059,3,LinkedIn,14/05/2025,20:20:29,Text,Quick question for our community: How do you handle Social Media ROI in your daily workflow? #StartupLife,#StartupLife,1468,1619,71.0,8,7,0,0,59
LI_0060,3,LinkedIn,2025-06-20,17:29:12,Article/Link,Why Data Analytics matters more than ever for modern business growth. #DataAnalytics #DesignThinking #DigitalMarketing,#DataAnalytics #DesignThinking #DigitalMarketing,2796,3697,217.0,39,17,41,0,146
LI_0061,3,LinkedIn,2025-04-11,23:23:15,Text,Mastering Brand Strategy in under 10 minutes. Read our full step-by-step guide now! #DataAnalytics,#DataAnalytics,2669,4175,208.0,16,13,39,0,138
LI_0062,3,LinkedIn,2025-09-05,07:02:26,Image,Behind the scenes at our team workshop on Content Marketing. Innovation starts here! #MachineLearning #MarketingStrategy #DesignThinking,#MachineLearning #MarketingStrategy #DesignThinking,2458,4160,91.0,15,11,13,0,27
LI_0063,3,LinkedIn,04-26-2025,11:28:35,Image,Top 5 actionable strategies for Executive Leadership in 2025. Save this post for later! #GrowthHacking #AI #DesignThinking #Innovation,#GrowthHacking #AI #DesignThinking #Innovation,4321,7709,264.0,58,38,9,0,193
LI_0064,3,LinkedIn,2025-06-27,02:51:23,Text,Case study alert: How we boosted results by 350% using Content Marketing. #TechTrends #Innovation #AI,#TechTrends #Innovation #AI,2410,3231,126.0,8,14,4,0,131
LI_0065,3,LinkedIn,2025-07-20,13:18:58,Image,Why Python Automation matters more than ever for modern business growth. #StartupLife,#StartupLife,1032,1341,57.0,13,7,12,0,26
LI_0066,3,LinkedIn,08/05/2025,21:59:54,Document/Carousel,Case study alert: How we boosted results by 350% using Social Media ROI. #AI #DesignThinking,#AI #DesignThinking,4114,5627,272.0,55,31,5,0,146
LI_0067,3,LinkedIn,05-23-2025,22:52:38,Image,Mastering Executive Leadership in under 10 minutes. Read our full step-by-step guide now! #MarketingStrategy,#MarketingStrategy,4194,5605,328.0,41,36,70,0,85
LI_0068,3,LinkedIn,2025-03-09,07:17:05,Video,Case study alert: How we boosted results by 350% using User Experience. #DigitalMarketing #Coding #TechTrends #SocialMedia2025,#DigitalMarketing #Coding #TechTrends #SocialMedia2025,8487,14328,417.0,63,60,71,7606,102
LI_0069,3,LinkedIn,2025-11-03,22:23:46,Article/Link,Unpopular opinion about Content Marketing: Most teams are doing it wrong. Here is why... #AI,#AI,3475,5794,148.0,10,13,25,0,132
LI_0070,3,LinkedIn,2025-12-03,04:20:37,Text,We are excited to announce our newest breakthrough in Data Analytics. Check out the link below! #Leadership #DesignThinking #StartupLife,#Leadership #DesignThinking #StartupLife,1651,2510,79.0,4,6,7,0,75
LI_0071,3,LinkedIn,2025-01-30,19:21:47,Video,Top 5 actionable strategies for Content Marketing in 2025. Save this post for later! #Leadership,#Leadership,12957,21716,704.0,137,66,93,10318,650
LI_0072,3,LinkedIn,2025-05-08,11:53:43,Document/Carousel,Unpopular opinion about Python Automation: Most teams are doing it wrong. Here is why... #GrowthHacking,#GrowthHacking,2057,2816,132.0,14,4,19,0,77
LI_0073,3,LinkedIn,2025-07-25,01:45:46,Image,Mastering Python Automation in under 10 minutes. Read our full step-by-step guide now! #TechTrends #BusinessTips,#TechTrends #BusinessTips,5484,7456,152.0,23,15,30,0,172
LI_0074,3,LinkedIn,2025-01-06,07:52:38,Document/Carousel,Unpopular opinion about AI Workflow: Most teams are doing it wrong. Here is why... #TechTrends #DesignThinking,#TechTrends #DesignThinking,2100,2508,118.0,13,12,27,0,69
LI_0075,3,LinkedIn,2025-04-29,04:04:54,Video,Sunday motivation: Start your week with a fresh mindset on Python Automation. #TechTrends,#TechTrends,5263,6279,410.0,49,51,62,2882,137
LI_0076,3,LinkedIn,2025-03-12,01:35:46,Document/Carousel,Unpopular opinion about User Experience: Most teams are doing it wrong. Here is why... #MachineLearning #DigitalMarketing #GrowthHacking,#MachineLearning #DigitalMarketing #GrowthHacking,1945,2161,104.0,20,10,11,0,53
LI_0077,3,LinkedIn,06-19-2025,14:29:44,Video,Sunday motivation: Start your week with a fresh mindset on Social Media ROI. #MarketingStrategy #AI #Leadership,#MarketingStrategy #AI #Leadership,6441,8921,133.0,32,9,32,5282,164
LI_0078,3,LinkedIn,2025-11-24,05:36:59,Text,Top 5 actionable strategies for Data Analytics in 2025. Save this post for later! #DataAnalytics #GrowthHacking,#DataAnalytics #GrowthHacking,1851,2128,143.0,26,4,10,0,85
LI_0079,3,LinkedIn,2025-06-11,15:24:35,Document/Carousel,We are excited to announce our newest breakthrough in Executive Leadership. Check out the link below! #GrowthHacking,#GrowthHacking,3414,4255,189.0,21,17,4,0,98
LI_0080,3,LinkedIn,2025-12-15,11:38:46,Text,Why User Experience matters more than ever for modern business growth. #GrowthHacking,#GrowthHacking,4061,4694,237.0,36,22,29,0,236
LI_0081,3,LinkedIn,2025-04-20,15:38:39,Image,Sunday motivation: Start your week with a fresh mindset on Cloud Scale. #DataAnalytics #GrowthHacking,#DataAnalytics #GrowthHacking,4305,6421,188.0,45,12,27,0,209
LI_0082,3,LinkedIn,2025-08-31,03:13:46,Video,We are excited to announce our newest breakthrough in Data Analytics. Check out the link below! #Innovation,#Innovation,6945,9742,239.0,21,30,50,4874,235
LI_0083,3,LinkedIn,2025-07-27,10:31:32,Video,We are excited to announce our newest breakthrough in Cloud Scale. Check out the link below! #GrowthHacking #DataAnalytics,#GrowthHacking #DataAnalytics,10165,17555,483.0,83,46,30,4906,342
LI_0084,3,LinkedIn,2025-10-01,12:18:41,Image,Discover how Social Media ROI is transforming the industry! What are your thoughts? #StartupLife #MarketingStrategy,#StartupLife #MarketingStrategy,3288,5899,78.0,13,3,18,0,117
LI_0085,3,LinkedIn,2025-12-04,02:34:13,Document/Carousel,Why Social Media ROI matters more than ever for modern business growth. #DesignThinking,#DesignThinking,3570,4137,251.0,47,9,30,0,198
LI_0086,3,LinkedIn,2025-11-15,02:31:41,Video,Mastering AI Workflow in under 10 minutes. Read our full step-by-step guide now! #TechTrends,#TechTrends,10651,13307,311.0,63,23,59,8409,593
LI_0087,3,LinkedIn,08/02/2025,15:04:45,Document/Carousel,Discover how Data Analytics is transforming the industry! What are your thoughts? #BusinessTips #DigitalMarketing #MachineLearning #Leadership,#BusinessTips #DigitalMarketing #MachineLearning #Leadership,4577,5698,190.0,18,23,20,0,117
LI_0088,3,LinkedIn,2025-05-28,03:05:16,Image,Why Executive Leadership matters more than ever for modern business growth. #MachineLearning #TechTrends #MarketingStrategy,#MachineLearning #TechTrends #MarketingStrategy,4586,7832,221.0,44,18,29,0,142
LI_0089,3,LinkedIn,2025-08-09,05:49:18,Image,Quick question for our community: How do you handle Content Marketing in your daily workflow? #DataAnalytics #DesignThinking #SocialMedia2025 #StartupLife,#DataAnalytics #DesignThinking #SocialMedia2025 #StartupLife,5277,9291,385.0,80,55,85,0,127
LI_0090,3,LinkedIn,2025-10-28,07:36:16,Video,Behind the scenes at our team workshop on User Experience. Innovation starts here! #MachineLearning #Innovation #SocialMedia2025 #Coding,#MachineLearning #Innovation #SocialMedia2025 #Coding,6894,7956,385.0,73,29,69,4895,177
LI_0091,3,LinkedIn,2025-12-05,07:33:22,Text,Unpopular opinion about Python Automation: Most teams are doing it wrong. Here is why... #DataAnalytics #MarketingStrategy #Productivity,#DataAnalytics #MarketingStrategy #Productivity,1432,1957,39.0,3,3,8,0,77
LI_0092,3,LinkedIn,2025-02-23,11:59:54,Document/Carousel,Discover how Brand Strategy is transforming the industry! What are your thoughts? #DigitalMarketing #TechTrends,#DigitalMarketing #TechTrends,2425,3432,156.0,38,20,7,0,47
LI_0093,3,LinkedIn,2025-09-12,10:55:44,Video,Why Brand Strategy matters more than ever for modern business growth. #MachineLearning #Leadership #Coding #SocialMedia2025,#MachineLearning #Leadership #Coding #SocialMedia2025,6070,8806,172.0,41,8,27,4085,207
LI_0094,3,LinkedIn,2025-02-04,14:07:27,Text,,#MachineLearning #Coding,2910,3824,188.0,31,16,49,0,68
LI_0095,3,LinkedIn,2025-12-18,16:09:32,Document/Carousel,Case study alert: How we boosted results by 350% using Python Automation. #Coding #StartupLife,#Coding #StartupLife,948,1454,71.0,5,5,3,0,49
LI_0096,3,LinkedIn,2025-07-16,14:35:30,Image,Why Python Automation matters more than ever for modern business growth. #GrowthHacking #Coding #MachineLearning,#GrowthHacking #Coding #MachineLearning,4694,6076,234.0,55,33,24,0,223
LI_0097,3,LinkedIn,2025-03-30,09:16:32,Article/Link,Mastering Data Analytics in under 10 minutes. Read our full step-by-step guide now! #TechTrends,#TechTrends,1526,2519,68.0,10,2,14,0,42
LI_0098,3,LinkedIn,20/03/2025,06:22:33,Article/Link,Case study alert: How we boosted results by 350% using Customer Engagement. #DesignThinking,,1984,2593,56.0,12,2,9,0,110
LI_0099,3,LinkedIn,12/06/2025,17:06:37,Image,Mastering Executive Leadership in under 10 minutes. Read our full step-by-step guide now! #DataAnalytics,#DataAnalytics,5791,7579,441.0,35,20,86,0,75
LI_0100,3,LinkedIn,2025-10-04,22:15:45,Video,Behind the scenes at our team workshop on Data Analytics. Innovation starts here! #MachineLearning #AI #DataAnalytics,#MachineLearning #AI #DataAnalytics,1197,1962,69.0,14,5,10,984,61
LI_0101,3,LinkedIn,2025-06-22,05:33:55,Image,Case study alert: How we boosted results by 350% using Content Marketing. #BusinessTips #Innovation #DigitalMarketing,#BusinessTips #Innovation #DigitalMarketing,9143,11367,596.0,74,65,57,0,324
LI_0102,3,LinkedIn,2025-11-24,08:06:39,Image,Mastering Brand Strategy in under 10 minutes. Read our full step-by-step guide now! #MarketingStrategy,#MarketingStrategy,27495,33076,1988.0,439,246,578,0,761
LI_0103,3,LinkedIn,2025-09-24,10:12:28,Image,We are excited to announce our newest breakthrough in Executive Leadership. Check out the link below! #Productivity #DigitalMarketing,#Productivity #DigitalMarketing,1210,1961,72.0,10,6,10,0,48
LI_0104,3,LinkedIn,2025-09-20,15:29:12,Document/Carousel,Case study alert: How we boosted results by 350% using Social Media ROI. #TechTrends #SocialMedia2025,#TechTrends #SocialMedia2025,1984,3024,133.0,20,9,21,0,112
LI_0105,3,LinkedIn,04-23-2025,06:07:41,Text,Sunday motivation: Start your week with a fresh mindset on Data Analytics. #MachineLearning #SocialMedia2025 #BusinessTips,#MachineLearning #SocialMedia2025 #BusinessTips,1076,1499,52.0,12,2,13,0,34
LI_0106,3,LinkedIn,2025-10-30,07:46:41,Image,Case study alert: How we boosted results by 350% using Brand Strategy. #DesignThinking,#DesignThinking,5303,6168,278.0,22,33,74,0,271
LI_0107,3,LinkedIn,2025-10-08,21:37:00,Text,We are excited to announce our newest breakthrough in Social Media ROI. Check out the link below! #MarketingStrategy #Leadership,#MarketingStrategy #Leadership,3537,5005,177.0,29,26,47,0,75
LI_0108,3,LinkedIn,2025-08-08,11:31:05,Document/Carousel,Case study alert: How we boosted results by 350% using Executive Leadership. #StartupLife,#StartupLife,4768,6735,187.0,19,18,26,0,166
LI_0109,3,LinkedIn,2025-10-06,19:41:22,Image,Top 5 actionable strategies for Executive Leadership in 2025. Save this post for later! #Leadership #SocialMedia2025,#Leadership #SocialMedia2025,1595,2306,37.0,6,2,10,0,76
LI_0110,3,LinkedIn,2025-04-18,18:24:20,Document/Carousel,Discover how Executive Leadership is transforming the industry! What are your thoughts? #DataAnalytics #SocialMedia2025 #TechTrends #MarketingStrategy,#DataAnalytics #SocialMedia2025 #TechTrends #MarketingStrategy,6550,7897,364.0,67,15,102,0,323
LI_0111,3,LinkedIn,15/02/2025,19:55:20,Document/Carousel,Case study alert: How we boosted results by 350% using AI Workflow. #Coding #Innovation,#Coding #Innovation,6401,9978,420.0,63,15,102,0,271
LI_0112,3,LinkedIn,02/11/2025,01:20:03,Image,We are excited to announce our newest breakthrough in Executive Leadership. Check out the link below! #DataAnalytics #Leadership,#DataAnalytics #Leadership,1487,2211,109.0,10,15,17,0,83
LI_0113,3,LinkedIn,2025-01-24,08:49:59,Image,Mastering Python Automation in under 10 minutes. Read our full step-by-step guide now! #GrowthHacking #Leadership #SocialMedia2025 #Innovation,#GrowthHacking #Leadership #SocialMedia2025 #Innovation,5214,8892,416.0,36,27,57,0,260
LI_0114,3,LinkedIn,2025-12-03,07:56:16,Article/Link,Quick question for our community: How do you handle Brand Strategy in your daily workflow? #StartupLife,#StartupLife,3457,4667,202.0,31,20,41,0,162
LI_0115,3,LinkedIn,2025-01-23,11:19:46,Document/Carousel,Behind the scenes at our team workshop on Cloud Scale. Innovation starts here! #AI #Coding,#AI #Coding,8252,14570,487.0,92,57,137,0,485
LI_0116,3,LinkedIn,2025-10-02,16:09:51,Text,Discover how Cloud Scale is transforming the industry! What are your thoughts? #MachineLearning,#MachineLearning,2134,3651,121.0,19,16,6,0,89
LI_0117,3,LinkedIn,2025-08-07,18:39:18,Text,Mastering Executive Leadership in under 10 minutes. Read our full step-by-step guide now! #TechTrends #DesignThinking #DataAnalytics,#TechTrends #DesignThinking #DataAnalytics,3256,4261,69.0,9,9,12,0,110
LI_0118,3,LinkedIn,2025-03-02,12:55:39,Text,We are excited to announce our newest breakthrough in Brand Strategy. Check out the link below! #MachineLearning #MarketingStrategy #Innovation #Coding,#MachineLearning #MarketingStrategy #Innovation #Coding,2084,3034,161.0,32,7,3,0,79
LI_0119,3,LinkedIn,2025-12-05,11:04:45,Video,Mastering Content Marketing in under 10 minutes. Read our full step-by-step guide now! #DigitalMarketing #AI,#DigitalMarketing #AI,8237,9458,336.0,66,30,60,6577,92
LI_0120,3,LinkedIn,2025-07-16,17:08:47,Text,Sunday motivation: Start your week with a fresh mindset on Social Media ROI. #GrowthHacking,,1533,1774,88.0,9,12,24,0,24
LI_0121,3,LinkedIn,2025-03-24,06:01:43,Image,Behind the scenes at our team workshop on Python Automation. Innovation starts here! #StartupLife,#StartupLife,1224,2021,46.0,4,3,9,0,15
LI_0122,3,LinkedIn,2025-09-07,16:22:29,Video,Behind the scenes at our team workshop on User Experience. Innovation starts here! #SocialMedia2025 #BusinessTips,#SocialMedia2025 #BusinessTips,10770,19168,713.0,39,28,205,7724,629
LI_0123,3,LinkedIn,2025-07-16,06:48:52,Video,Mastering Python Automation in under 10 minutes. Read our full step-by-step guide now! #Leadership #Coding #AI #Innovation,#Leadership #Coding #AI #Innovation,5102,9014,102.0,25,11,28,2749,257
LI_0124,3,LinkedIn,2025-03-07,04:51:56,Video,Unpopular opinion about Customer Engagement: Most teams are doing it wrong. Here is why... #AI,#AI,10527,15660,773.0,114,77,11,6707,343
LI_0125,3,LinkedIn,2025-07-26,04:22:47,Image,Quick question for our community: How do you handle User Experience in your daily workflow? #DataAnalytics #Coding,#DataAnalytics #Coding,2421,3333,100.0,22,3,24,0,122
LI_0126,3,LinkedIn,2025-03-07,13:49:16,Document/Carousel,Sunday motivation: Start your week with a fresh mindset on User Experience. #MachineLearning #StartupLife #BusinessTips,#MachineLearning #StartupLife #BusinessTips,6003,9788,350.0,51,26,89,0,138
LI_0127,3,LinkedIn,2025-10-08,11:46:25,Video,Unpopular opinion about Brand Strategy: Most teams are doing it wrong. Here is why... #AI #MachineLearning #Productivity,#AI #MachineLearning #Productivity,8679,11193,323.0,60,43,40,4082,318
LI_0128,3,LinkedIn,2025-05-04,08:29:55,Article/Link,Quick question for our community: How do you handle Customer Engagement in your daily workflow? #MachineLearning #Coding #Productivity #AI,#MachineLearning #Coding #Productivity #AI,1372,2305,39.0,2,2,9,0,45
LI_0129,3,LinkedIn,02/02/2025,04:52:45,Image,Quick question for our community: How do you handle Customer Engagement in your daily workflow? #Innovation,#Innovation,3218,5005,146.0,22,3,23,0,92
LI_0130,3,LinkedIn,2025-09-03,08:51:17,Video,Top 5 actionable strategies for User Experience in 2025. Save this post for later! #GrowthHacking,#GrowthHacking,3511,4926,182.0,15,6,44,2257,131
LI_0131,3,LinkedIn,2025-07-27,22:58:08,Text,Why Customer Engagement matters more than ever for modern business growth. #GrowthHacking #DesignThinking,#GrowthHacking #DesignThinking,2012,2984,141.0,11,10,25,0,40
LI_0132,3,LinkedIn,2025-05-15,06:31:28,Video,Discover how Data Analytics is transforming the industry! What are your thoughts? #TechTrends #Coding #MarketingStrategy #DataAnalytics,#TechTrends #Coding #MarketingStrategy #DataAnalytics,5961,10205,468.0,88,29,99,4397,332
LI_0133,3,LinkedIn,2025-05-29,05:35:06,Text,Quick question for our community: How do you handle Executive Leadership in your daily workflow? #AI,#AI,1675,2532,47.0,3,6,6,0,37
LI_0134,3,LinkedIn,2025-03-11,10:07:01,Article/Link,We are excited to announce our newest breakthrough in Content Marketing. Check out the link below! #MarketingStrategy #StartupLife,#MarketingStrategy #StartupLife,1663,2591,42.0,7,4,0,0,22
LI_0135,3,LinkedIn,2025-04-25,20:58:01,Video,Top 5 actionable strategies for Social Media ROI in 2025. Save this post for later! #MarketingStrategy #SocialMedia2025 #BusinessTips,#MarketingStrategy #SocialMedia2025 #BusinessTips,4073,6569,143.0,30,10,13,1886,102
LI_0136,3,LinkedIn,2025-11-09,16:07:07,Image,Mastering Social Media ROI in under 10 minutes. Read our full step-by-step guide now! #Innovation #SocialMedia2025 #BusinessTips,#Innovation #SocialMedia2025 #BusinessTips,1661,1890,113.0,27,5,25,0,69
LI_0137,3,LinkedIn,2025-05-22,20:51:24,Article/Link,Top 5 actionable strategies for Social Media ROI in 2025. Save this post for later! #Productivity #DataAnalytics #GrowthHacking #BusinessTips,#Productivity #DataAnalytics #GrowthHacking #BusinessTips,1527,2089,118.0,14,7,30,0,35
LI_0138,3,LinkedIn,2025-05-07,23:17:11,Document/Carousel,Quick question for our community: How do you handle Python Automation in your daily workflow? #DigitalMarketing #AI #Coding #Leadership,#DigitalMarketing #AI #Coding #Leadership,4258,6417,179.0,19,13,53,0,100
LI_0139,3,LinkedIn,2025-04-30,12:18:30,Document/Carousel,Sunday motivation: Start your week with a fresh mindset on Python Automation. #DesignThinking #StartupLife,#DesignThinking #StartupLife,5785,7375,216.0,48,24,64,0,200
LI_0140,3,LinkedIn,2025-02-11,05:42:12,Text,Unpopular opinion about Content Marketing: Most teams are doing it wrong. Here is why... #GrowthHacking #DigitalMarketing,#GrowthHacking #DigitalMarketing,1546,2294,77.0,10,8,1,0,76
LI_0141,3,LinkedIn,2025-08-29,21:29:23,Document/Carousel,Top 5 actionable strategies for User Experience in 2025. Save this post for later! #BusinessTips,#BusinessTips,4314,7603,107.0,13,13,21,0,192
LI_0142,3,LinkedIn,2025-04-17,17:15:26,Image,Discover how Executive Leadership is transforming the industry! What are your thoughts? #DesignThinking #Productivity,#DesignThinking #Productivity,2245,3433,154.0,37,21,2,0,123
LI_0143,3,LinkedIn,03-09-2025,04:27:34,Text,Mastering Content Marketing in under 10 minutes. Read our full step-by-step guide now! #DesignThinking #Coding #Leadership,#DesignThinking #Coding #Leadership,2929,4940,190.0,47,19,23,0,132
LI_0144,3,LinkedIn,2025-04-08,21:46:01,Video,Sunday motivation: Start your week with a fresh mindset on User Experience. #TechTrends #DataAnalytics #BusinessTips,#TechTrends #DataAnalytics #BusinessTips,14478,16735,869.0,74,64,238,10993,555
LI_0145,3,LinkedIn,2025-01-14,14:59:21,Document/Carousel,Sunday motivation: Start your week with a fresh mindset on Content Marketing. #GrowthHacking #DataAnalytics,#GrowthHacking #DataAnalytics,2775,3809,83.0,17,7,3,0,135
LI_0146,3,LinkedIn,2025-01-18,02:57:36,Video,Mastering Customer Engagement in under 10 minutes. Read our full step-by-step guide now! #DataAnalytics #Leadership #StartupLife,#DataAnalytics #Leadership #StartupLife,7464,9282,456.0,71,15,10,5088,372
LI_0147,3,LinkedIn,2025-08-11,17:58:20,Image,Top 5 actionable strategies for AI Workflow in 2025. Save this post for later! #Coding #SocialMedia2025 #AI,#Coding #SocialMedia2025 #AI,6336,9534,396.0,72,12,6,0,332
LI_0148,3,LinkedIn,2025-01-20,05:28:49,Text,Case study alert: How we boosted results by 350% using Python Automation. #BusinessTips,#BusinessTips,3340,3843,191.0,11,11,8,0,174
LI_0149,3,LinkedIn,2025-06-18,11:00:31,Video,Top 5 actionable strategies for Data Analytics in 2025. Save this post for later! #GrowthHacking #DataAnalytics,#GrowthHacking #DataAnalytics,7838,11724,472.0,69,67,85,3940,291
LI_0150,3,LinkedIn,2025-12-26,03:08:45,Image,Top 5 actionable strategies for Content Marketing in 2025. Save this post for later! #DesignThinking #MachineLearning,#DesignThinking #MachineLearning,2452,4152,51.0,3,7,10,0,25
LI_0151,3,LinkedIn,2025-02-15,10:32:02,Video,We are excited to announce our newest breakthrough in Cloud Scale. Check out the link below! #Productivity #StartupLife #DigitalMarketing #GrowthHacking,#Productivity #StartupLife #DigitalMarketing #GrowthHacking,10157,11706,769.0,71,58,197,5934,294
LI_0152,3,LinkedIn,2025-10-11,02:54:05,Text,Mastering Customer Engagement in under 10 minutes. Read our full step-by-step guide now! #StartupLife,#StartupLife,2677,3481,93.0,7,6,24,0,36
LI_0153,3,LinkedIn,2025-01-27,14:57:45,Text,Quick question for our community: How do you handle Social Media ROI in your daily workflow? #AI #BusinessTips #SocialMedia2025 #DigitalMarketing,#AI #BusinessTips #SocialMedia2025 #DigitalMarketing,6709,8204,398.0,78,54,4,0,279
LI_0154,3,LinkedIn,2025-12-29,16:59:10,Document/Carousel,Mastering User Experience in under 10 minutes. Read our full step-by-step guide now! #SocialMedia2025 #Coding #GrowthHacking,#SocialMedia2025 #Coding #GrowthHacking,3250,4872,250.0,23,6,29,0,128
LI_0155,3,LinkedIn,2025-06-28,14:37:56,Article/Link,Why Cloud Scale matters more than ever for modern business growth. #Coding #MarketingStrategy #Productivity,#Coding #MarketingStrategy #Productivity,1045,1263,46.0,9,3,5,0,23
LI_0156,3,LinkedIn,12/02/2025,10:42:23,Article/Link,Mastering AI Workflow in under 10 minutes. Read our full step-by-step guide now! #TechTrends #Productivity,,3629,5061,111.0,6,12,15,0,182
LI_0157,3,LinkedIn,2025-07-30,14:53:51,Image,We are excited to announce our newest breakthrough in Customer Engagement. Check out the link below! #Leadership,#Leadership,1077,1492,33.0,6,1,8,0,46
LI_0158,3,LinkedIn,2025-03-31,20:14:44,Image,Case study alert: How we boosted results by 350% using Cloud Scale. #Leadership #GrowthHacking #MarketingStrategy,#Leadership #GrowthHacking #MarketingStrategy,10079,15256,381.0,19,12,84,0,380
LI_0159,3,LinkedIn,02-22-2025,04:12:13,Article/Link,Why Data Analytics matters more than ever for modern business growth. #DataAnalytics #GrowthHacking #DesignThinking,#DataAnalytics #GrowthHacking #DesignThinking,938,1454,52.0,12,1,14,0,22
LI_0160,3,LinkedIn,09-08-2025,20:15:44,Document/Carousel,Case study alert: How we boosted results by 350% using Executive Leadership. #TechTrends #MarketingStrategy,#TechTrends #MarketingStrategy,2363,4079,61.0,6,8,17,0,52
LI_0161,3,LinkedIn,19/09/2025,03:28:51,Article/Link,Behind the scenes at our team workshop on Customer Engagement. Innovation starts here! #SocialMedia2025 #BusinessTips #DesignThinking #Leadership,#SocialMedia2025 #BusinessTips #DesignThinking #Leadership,2517,3738,76.0,13,8,21,0,53
LI_0162,3,LinkedIn,2025-10-14,23:23:30,Image,We are excited to announce our newest breakthrough in Content Marketing. Check out the link below! #SocialMedia2025 #Innovation #DesignThinking #AI,#SocialMedia2025 #Innovation #DesignThinking #AI,5453,8367,405.0,56,57,110,0,278
LI_0163,3,LinkedIn,2025-06-19,20:07:03,Article/Link,Discover how Executive Leadership is transforming the industry! What are your thoughts? #Innovation #Coding #DigitalMarketing,#Innovation #Coding #DigitalMarketing,2060,3096,132.0,28,12,17,0,86
LI_0164,3,LinkedIn,2025-11-08,19:46:41,Text,Quick question for our community: How do you handle AI Workflow in your daily workflow? #BusinessTips,#BusinessTips,2127,3013,77.0,10,1,9,0,36
LI_0165,3,LinkedIn,2025-10-14,02:30:58,Document/Carousel,Discover how Data Analytics is transforming the industry! What are your thoughts? #GrowthHacking #DataAnalytics,#GrowthHacking #DataAnalytics,2524,4053,143.0,11,14,17,0,59
LI_0166,3,LinkedIn,2025-04-03,11:45:50,Image,We are excited to announce our newest breakthrough in Cloud Scale. Check out the link below! #StartupLife #MarketingStrategy #DataAnalytics,#StartupLife #MarketingStrategy #DataAnalytics,1663,2180,33.0,1,1,7,0,42
LI_0167,3,LinkedIn,2025-07-23,21:51:29,Document/Carousel,Discover how Brand Strategy is transforming the industry! What are your thoughts? #Leadership #DigitalMarketing #Innovation,#Leadership #DigitalMarketing #Innovation,12147,18149,519.0,42,21,73,0,266
LI_0168,3,LinkedIn,2025-06-23,21:50:14,Video,Case study alert: How we boosted results by 350% using Content Marketing. #GrowthHacking,#GrowthHacking,3786,5189,86.0,4,10,15,2257,209
LI_0169,3,LinkedIn,2025-02-20,17:40:18,Video,Discover how User Experience is transforming the industry! What are your thoughts? #Productivity #MarketingStrategy,#Productivity #MarketingStrategy,5038,7451,333.0,76,22,26,2458,152
LI_0170,3,LinkedIn,2025-01-03,14:25:32,Video,Top 5 actionable strategies for Brand Strategy in 2025. Save this post for later! #DataAnalytics,#DataAnalytics,10545,15291,402.0,82,50,4,5015,325
LI_0171,3,LinkedIn,2025-11-26,08:51:58,Document/Carousel,Discover how Content Marketing is transforming the industry! What are your thoughts? #Innovation #Leadership #AI #Coding,#Innovation #Leadership #AI #Coding,30513,45990,1235.0,86,48,313,0,879
LI_0172,3,LinkedIn,2025-09-21,13:24:55,Document/Carousel,Why Customer Engagement matters more than ever for modern business growth. #MachineLearning,#MachineLearning,9417,16281,316.0,33,38,69,0,554
LI_0173,3,LinkedIn,2025-11-30,22:50:50,Document/Carousel,Why AI Workflow matters more than ever for modern business growth. #GrowthHacking #BusinessTips #DigitalMarketing,#GrowthHacking #BusinessTips #DigitalMarketing,7840,11060,524.0,38,30,120,0,155
LI_0174,3,LinkedIn,12-10-2025,16:26:00,Text,Why Python Automation matters more than ever for modern business growth. #GrowthHacking #TechTrends #Coding #MarketingStrategy,#GrowthHacking #TechTrends #Coding #MarketingStrategy,3385,3882,73.0,12,6,18,0,143
LI_0175,3,LinkedIn,2025-11-16,02:10:47,Video,Why AI Workflow matters more than ever for modern business growth. #BusinessTips,#BusinessTips,7687,10832,331.0,71,33,22,4020,134
LI_0176,3,LinkedIn,21/03/2025,02:36:26,Text,Mastering Cloud Scale in under 10 minutes. Read our full step-by-step guide now! #StartupLife #SocialMedia2025 #GrowthHacking,#StartupLife #SocialMedia2025 #GrowthHacking,2368,2742,167.0,28,7,3,0,134
LI_0177,3,LinkedIn,2025-05-06,20:44:44,Document/Carousel,Top 5 actionable strategies for Social Media ROI in 2025. Save this post for later! #MachineLearning #Coding,#MachineLearning #Coding,4765,6390,283.0,42,19,53,0,77
LI_0178,3,LinkedIn,2025-02-22,17:52:21,Video,Unpopular opinion about Executive Leadership: Most teams are doing it wrong. Here is why... #GrowthHacking #Innovation #AI #Coding,#GrowthHacking #Innovation #AI #Coding,2435,2839,162.0,29,3,19,1403,109
LI_0179,3,LinkedIn,2025-04-23,13:25:39,Video,Quick question for our community: How do you handle Executive Leadership in your daily workflow? #DigitalMarketing #GrowthHacking,#DigitalMarketing #GrowthHacking,13893,17702,1069.0,131,75,299,8237,464
LI_0180,3,LinkedIn,2025-10-29,15:30:18,Article/Link,Discover how User Experience is transforming the industry! What are your thoughts? #MachineLearning #GrowthHacking #AI,#MachineLearning #GrowthHacking #AI,2505,3307,194.0,32,28,25,0,73
LI_0181,3,LinkedIn,11/12/2025,01:58:28,Video,Unpopular opinion about Executive Leadership: Most teams are doing it wrong. Here is why... #MachineLearning #Leadership #MarketingStrategy #Innovation,#MachineLearning #Leadership #MarketingStrategy #Innovation,7904,12090,435.0,40,47,38,3708,130
LI_0182,3,LinkedIn,2025-07-10,00:09:32,Video,Discover how Customer Engagement is transforming the industry! What are your thoughts? #Leadership #SocialMedia2025 #MachineLearning #DesignThinking,#Leadership #SocialMedia2025 #MachineLearning #DesignThinking,4432,6403,239.0,52,9,10,2924,199
LI_0183,3,LinkedIn,2025-11-09,19:17:08,Article/Link,Unpopular opinion about Executive Leadership: Most teams are doing it wrong. Here is why... #DesignThinking #DataAnalytics,#DesignThinking #DataAnalytics,4457,5389,104.0,17,11,10,0,204
LI_0184,3,LinkedIn,2025-01-07,14:23:49,Video,We are excited to announce our newest breakthrough in Social Media ROI. Check out the link below! #DataAnalytics #TechTrends #AI #DesignThinking,#DataAnalytics #TechTrends #AI #DesignThinking,14160,15844,1089.0,65,147,224,7732,791
LI_0185,3,LinkedIn,2025-10-06,07:24:38,Video,Case study alert: How we boosted results by 350% using Python Automation. #StartupLife #Innovation #BusinessTips #TechTrends,#StartupLife #Innovation #BusinessTips #TechTrends,10579,15637,468.0,91,48,99,6247,556
LI_0186,3,LinkedIn,2025-08-11,21:49:23,Document/Carousel,Top 5 actionable strategies for Brand Strategy in 2025. Save this post for later! #DigitalMarketing #Innovation #MachineLearning #TechTrends,#DigitalMarketing #Innovation #MachineLearning #TechTrends,3298,5062,,14,20,15,0,41
LI_0187,3,LinkedIn,2025-02-25,12:04:49,Image,Discover how Executive Leadership is transforming the industry! What are your thoughts? #DesignThinking #SocialMedia2025 #MachineLearning,#DesignThinking #SocialMedia2025 #MachineLearning,1450,2560,92.0,15,10,20,0,35
LI_0188,3,LinkedIn,2025-05-04,02:19:32,Text,Quick question for our community: How do you handle Cloud Scale in your daily workflow? #AI #StartupLife #DataAnalytics,#AI #StartupLife #DataAnalytics,2898,3396,147.0,13,8,15,0,102
LI_0189,3,LinkedIn,07-26-2025,18:47:55,Text,Behind the scenes at our team workshop on Customer Engagement. Innovation starts here! #AI #Leadership #Productivity #SocialMedia2025,#AI #Leadership #Productivity #SocialMedia2025,6490,9902,190.0,27,26,7,0,356
LI_0190,3,LinkedIn,2025-09-05,03:44:38,Image,Top 5 actionable strategies for Brand Strategy in 2025. Save this post for later! #BusinessTips #DesignThinking #SocialMedia2025 #Coding,#BusinessTips #DesignThinking #SocialMedia2025 #Coding,3979,6679,171.0,20,19,27,0,171
LI_0191,3,LinkedIn,2025-06-14,01:01:21,Document/Carousel,Case study alert: How we boosted results by 350% using Content Marketing. #DataAnalytics #DigitalMarketing #GrowthHacking,#DataAnalytics #DigitalMarketing #GrowthHacking,3791,5038,236.0,37,12,67,0,225
LI_0192,3,LinkedIn,2025-03-25,10:16:40,Text,Why Social Media ROI matters more than ever for modern business growth. #Leadership,#Leadership,600,946,31.0,3,2,5,0,24
LI_0193,3,LinkedIn,2025-01-04,05:31:13,Article/Link,Why Content Marketing matters more than ever for modern business growth. #Coding #Productivity,#Coding #Productivity,2942,4121,157.0,28,8,4,0,83
LI_0194,3,LinkedIn,09-23-2025,13:29:37,Text,Case study alert: How we boosted results by 350% using AI Workflow. #TechTrends #DesignThinking,#TechTrends #DesignThinking,1823,3173,94.0,15,7,25,0,95
LI_0195,3,LinkedIn,2025-03-27,17:36:50,Text,,#AI,1672,2650,81.0,12,5,0,0,67
LI_0196,3,LinkedIn,2025-01-25,05:09:14,Article/Link,Behind the scenes at our team workshop on Social Media ROI. Innovation starts here! #DigitalMarketing #StartupLife,#DigitalMarketing #StartupLife,3400,6035,139.0,25,18,29,0,109
LI_0197,3,LinkedIn,12-31-2025,15:33:13,Document/Carousel,Sunday motivation: Start your week with a fresh mindset on User Experience. #AI #BusinessTips #GrowthHacking #MachineLearning,#AI #BusinessTips #GrowthHacking #MachineLearning,7295,10080,345.0,37,34,75,0,210
LI_0198,3,LinkedIn,2025-01-09,00:38:09,Article/Link,Behind the scenes at our team workshop on Social Media ROI. Innovation starts here! #Coding #Productivity,#Coding #Productivity,3733,5098,234.0,20,18,15,0,166
LI_0199,3,LinkedIn,05-13-2025,08:52:45,Image,Behind the scenes at our team workshop on Executive Leadership. Innovation starts here! #GrowthHacking,#GrowthHacking,2066,2345,55.0,8,5,2,0,114
LI_0200,3,LinkedIn,2025-02-05,14:27:11,Video,Case study alert: How we boosted results by 350% using Python Automation. #TechTrends,#TechTrends,7748,11562,488.0,89,63,133,5415,412
LI_0201,3,LinkedIn,2025-09-17,18:13:07,Article/Link,We are excited to announce our newest breakthrough in Executive Leadership. Check out the link below! #Innovation,#Innovation,3606,5158,91.0,9,4,24,0,127
LI_0202,3,LinkedIn,2025-12-14,08:44:25,Image,We are excited to announce our newest breakthrough in Content Marketing. Check out the link below! #Leadership,#Leadership,3025,4100,201.0,15,14,21,0,160
LI_0203,3,LinkedIn,2025-12-09,04:40:47,Image,Mastering Data Analytics in under 10 minutes. Read our full step-by-step guide now! #TechTrends #SocialMedia2025,#TechTrends #SocialMedia2025,1151,1803,49.0,2,1,0,0,55
LI_0204,3,LinkedIn,02-28-2025,14:35:13,Video,Mastering Data Analytics in under 10 minutes. Read our full step-by-step guide now! #DataAnalytics #GrowthHacking,#DataAnalytics #GrowthHacking,15432,21095,968.0,209,44,13,13171,198
LI_0205,3,LinkedIn,2025-10-29,08:32:55,Text,Discover how Cloud Scale is transforming the industry! What are your thoughts? #MachineLearning,#MachineLearning,1636,2743,127.0,10,13,36,0,43
LI_0206,3,LinkedIn,2025-11-04,06:32:35,Image,Unpopular opinion about User Experience: Most teams are doing it wrong. Here is why... #TechTrends #DigitalMarketing,#TechTrends #DigitalMarketing,3080,3578,203.0,26,18,39,0,109
LI_0207,3,LinkedIn,2025-11-22,15:37:21,Article/Link,Behind the scenes at our team workshop on User Experience. Innovation starts here! #DesignThinking #Leadership #MachineLearning,#DesignThinking #Leadership #MachineLearning,3258,5572,243.0,22,36,63,0,46
LI_0208,3,LinkedIn,2025-12-12,08:54:08,Document/Carousel,Sunday motivation: Start your week with a fresh mindset on Python Automation. #Coding #DataAnalytics #Innovation #Leadership,#Coding #DataAnalytics #Innovation #Leadership,9004,10501,495.0,37,29,100,0,363
LI_0209,3,LinkedIn,2025-11-28,01:02:52,Image,Case study alert: How we boosted results by 350% using Python Automation. #BusinessTips #Leadership #MachineLearning #AI,#BusinessTips #Leadership #MachineLearning #AI,2969,5132,176.0,27,25,22,0,64
LI_0210,3,LinkedIn,2025-01-13,03:11:45,Text,We are excited to announce our newest breakthrough in Social Media ROI. Check out the link below! #Coding #BusinessTips #MarketingStrategy #Innovation,#Coding #BusinessTips #MarketingStrategy #Innovation,2112,2979,147.0,22,13,30,0,68
LI_0211,3,LinkedIn,2025-06-16,06:09:12,Document/Carousel,Behind the scenes at our team workshop on Cloud Scale. Innovation starts here! #Leadership,#Leadership,2916,3856,152.0,11,9,22,0,96
LI_0212,3,LinkedIn,2025-07-14,10:47:27,Video,Quick question for our community: How do you handle Cloud Scale in your daily workflow? #MachineLearning #SocialMedia2025 #TechTrends,#MachineLearning #SocialMedia2025 #TechTrends,1784,2849,135.0,10,10,36,1409,47
LI_0213,3,LinkedIn,03-13-2025,21:29:22,Article/Link,,#DesignThinking #AI #SocialMedia2025,4018,6786,154.0,20,4,30,0,195
LI_0214,3,LinkedIn,2025-11-01,23:15:02,Text,Unpopular opinion about Cloud Scale: Most teams are doing it wrong. Here is why... #GrowthHacking #StartupLife #Leadership #TechTrends,#GrowthHacking #StartupLife #Leadership #TechTrends,3441,5205,72.0,5,9,7,0,36
LI_0215,3,LinkedIn,2025-09-10,10:01:15,Image,Unpopular opinion about Python Automation: Most teams are doing it wrong. Here is why... #MarketingStrategy #Coding #Productivity,#MarketingStrategy #Coding #Productivity,3027,3776,82.0,13,5,21,0,32
LI_0216,3,LinkedIn,2025-03-11,09:31:38,Text,Sunday motivation: Start your week with a fresh mindset on Python Automation. #DigitalMarketing #MachineLearning,#DigitalMarketing #MachineLearning,1362,2399,87.0,9,2,21,0,47
LI_0217,3,LinkedIn,2025-05-22,11:06:26,Document/Carousel,Discover how Brand Strategy is transforming the industry! What are your thoughts? #StartupLife #DesignThinking #Leadership #DigitalMarketing,#StartupLife #DesignThinking #Leadership #DigitalMarketing,5402,7806,175.0,31,9,20,0,122
LI_0218,3,LinkedIn,2025-10-09,19:31:54,Text,Behind the scenes at our team workshop on Brand Strategy. Innovation starts here! #StartupLife #MachineLearning,#StartupLife #MachineLearning,5429,8106,387.0,70,54,77,0,310
LI_0219,3,LinkedIn,04-21-2025,15:48:28,Article/Link,Why Cloud Scale matters more than ever for modern business growth. #DataAnalytics #MarketingStrategy #TechTrends,#DataAnalytics #MarketingStrategy #TechTrends,2162,2385,109.0,18,5,25,0,91
LI_0220,3,LinkedIn,2025-11-29,09:10:06,Text,Quick question for our community: How do you handle User Experience in your daily workflow? #Productivity #SocialMedia2025 #TechTrends,#Productivity #SocialMedia2025 #TechTrends,3247,4266,220.0,26,25,40,0,118
LI_0221,3,LinkedIn,2025-01-27,16:40:15,Video,Why User Experience matters more than ever for modern business growth. #Innovation #TechTrends,,9970,14386,284.0,69,17,55,8584,432
LI_0222,3,LinkedIn,2025-01-15,02:18:34,Article/Link,We are excited to announce our newest breakthrough in Cloud Scale. Check out the link below! #AI #GrowthHacking #TechTrends,#AI #GrowthHacking #TechTrends,2541,3328,103.0,18,14,3,0,52
LI_0223,3,LinkedIn,2025-11-02,09:38:30,Video,Unpopular opinion about Content Marketing: Most teams are doing it wrong. Here is why... #Innovation #Productivity #DesignThinking #GrowthHacking,#Innovation #Productivity #DesignThinking #GrowthHacking,8093,14032,216.0,21,14,3,7258,148
LI_0224,3,LinkedIn,2025-03-18,20:04:27,Text,Case study alert: How we boosted results by 350% using Social Media ROI. #AI #MachineLearning #TechTrends,#AI #MachineLearning #TechTrends,2023,2497,127.0,15,7,36,0,46
LI_0225,3,LinkedIn,2025-11-17,02:56:33,Article/Link,Behind the scenes at our team workshop on AI Workflow. Innovation starts here! #Leadership,#Leadership,1594,2596,52.0,7,1,12,0,26
LI_0226,3,LinkedIn,2025-04-13,09:00:33,Text,Quick question for our community: How do you handle AI Workflow in your daily workflow? #Productivity #AI,#Productivity #AI,1888,2636,119.0,26,4,15,0,102
LI_0227,3,LinkedIn,2025-09-27,04:18:55,Text,Sunday motivation: Start your week with a fresh mindset on Python Automation. #TechTrends #Innovation,#TechTrends #Innovation,2080,2628,116.0,15,2,29,0,116
LI_0228,3,LinkedIn,2025-09-10,02:09:34,Image,We are excited to announce our newest breakthrough in Brand Strategy. Check out the link below! #Coding #Productivity,#Coding #Productivity,4753,6621,159.0,33,22,45,0,98
LI_0229,3,LinkedIn,10-12-2025,19:19:05,Article/Link,Behind the scenes at our team workshop on Cloud Scale. Innovation starts here! #Productivity #AI #StartupLife,#Productivity #AI #StartupLife,890,1209,61.0,7,4,15,0,15
LI_0230,3,LinkedIn,2025-05-11,04:49:28,Article/Link,Top 5 actionable strategies for Executive Leadership in 2025. Save this post for later! #Leadership #MarketingStrategy #Innovation #DesignThinking,#Leadership #MarketingStrategy #Innovation #DesignThinking,1504,2276,97.0,17,4,3,0,79
LI_0231,3,LinkedIn,2025-11-11,13:33:45,Image,Why Data Analytics matters more than ever for modern business growth. #StartupLife #Innovation,#StartupLife #Innovation,7160,8413,149.0,11,14,42,0,406
LI_0232,3,LinkedIn,23/06/2025,02:20:18,Video,Mastering Social Media ROI in under 10 minutes. Read our full step-by-step guide now! #Productivity,#Productivity,7051,11426,450.0,66,56,24,3165,264
LI_0233,3,LinkedIn,2025-08-15,07:55:51,Text,Discover how Executive Leadership is transforming the industry! What are your thoughts? #DesignThinking,#DesignThinking,2628,4146,129.0,17,7,33,0,123
LI_0234,3,LinkedIn,2025-01-29,09:15:31,Image,Mastering Data Analytics in under 10 minutes. Read our full step-by-step guide now! #TechTrends #MarketingStrategy,#TechTrends #MarketingStrategy,3684,5497,196.0,11,9,55,0,154
LI_0235,3,LinkedIn,2025-07-24,16:28:41,Image,Discover how Content Marketing is transforming the industry! What are your thoughts? #DigitalMarketing,#DigitalMarketing,4840,6020,215.0,40,23,20,0,65
LI_0236,3,LinkedIn,2025-10-05,18:23:09,Image,Top 5 actionable strategies for Content Marketing in 2025. Save this post for later! #Leadership #MarketingStrategy,#Leadership #MarketingStrategy,7815,9144,270.0,33,8,27,0,136
LI_0237,3,LinkedIn,2025-07-05,08:35:39,Document/Carousel,Mastering Content Marketing in under 10 minutes. Read our full step-by-step guide now! #Coding,#Coding,6896,10661,229.0,49,11,39,0,299
LI_0238,3,LinkedIn,2025-05-06,13:50:56,Text,,#StartupLife #Leadership #BusinessTips,930,1253,23.0,4,0,0,0,31
LI_0239,3,LinkedIn,15/10/2025,13:17:45,Image,Why Cloud Scale matters more than ever for modern business growth. #AI #MarketingStrategy #DataAnalytics,#AI #MarketingStrategy #DataAnalytics,84219,144646,4636.0,306,252,910,0,2365
LI_0240,3,LinkedIn,2025-11-12,14:23:49,Text,Why AI Workflow matters more than ever for modern business growth. #Leadership #BusinessTips,#Leadership #BusinessTips,3328,5371,228.0,42,24,35,0,158
LI_0241,3,LinkedIn,2025-02-24,04:53:45,Text,Quick question for our community: How do you handle Executive Leadership in your daily workflow? #TechTrends #GrowthHacking,#TechTrends #GrowthHacking,2215,2739,156.0,24,18,38,0,27
LI_0242,3,LinkedIn,05-28-2025,13:51:49,Article/Link,Mastering Customer Engagement in under 10 minutes. Read our full step-by-step guide now! #Coding #BusinessTips #MarketingStrategy #Leadership,#Coding #BusinessTips #MarketingStrategy #Leadership,1743,2279,105.0,6,8,24,0,77
LI_0243,3,LinkedIn,2025-06-01,18:37:04,Document/Carousel,Discover how Python Automation is transforming the industry! What are your thoughts? #DataAnalytics #BusinessTips #DigitalMarketing #Leadership,#DataAnalytics #BusinessTips #DigitalMarketing #Leadership,6418,8753,504.0,64,43,75,0,71
LI_0244,3,LinkedIn,2025-01-02,01:01:50,Video,Unpopular opinion about Executive Leadership: Most teams are doing it wrong. Here is why... #BusinessTips #MachineLearning,#BusinessTips #MachineLearning,1845,2474,144.0,28,5,41,1649,73
LI_0245,3,LinkedIn,2025-07-16,12:00:31,Article/Link,Behind the scenes at our team workshop on AI Workflow. Innovation starts here! #Coding,#Coding,4519,7139,247.0,16,19,11,0,80
LI_0246,3,LinkedIn,2025-10-02,04:09:30,Document/Carousel,Why Python Automation matters more than ever for modern business growth. #Productivity,#Productivity,4621,7065,311.0,60,32,78,0,156
LI_0247,3,LinkedIn,2025-01-30,11:29:42,Video,Mastering AI Workflow in under 10 minutes. Read our full step-by-step guide now! #AI #Coding #DigitalMarketing #SocialMedia2025,#AI #Coding #DigitalMarketing #SocialMedia2025,10681,14410,686.0,110,61,27,9295,623
LI_0248,3,LinkedIn,2025-12-17,11:24:35,Video,Sunday motivation: Start your week with a fresh mindset on AI Workflow. #DataAnalytics #Productivity #AI #MarketingStrategy,#DataAnalytics #Productivity #AI #MarketingStrategy,10363,17440,486.0,41,64,63,6313,261
LI_0249,3,LinkedIn,2025-02-06,03:13:43,Video,Case study alert: How we boosted results by 350% using Cloud Scale. #BusinessTips,#BusinessTips,2700,3059,177.0,31,3,5,2417,73
LI_0250,3,LinkedIn,2025-04-24,07:04:49,Image,Sunday motivation: Start your week with a fresh mindset on Content Marketing. #Leadership,#Leadership,2569,3866,167.0,9,18,42,0,56
LI_0251,3,LinkedIn,2025-07-10,18:46:58,Document/Carousel,Sunday motivation: Start your week with a fresh mindset on Content Marketing. #MachineLearning #BusinessTips #DataAnalytics,#MachineLearning #BusinessTips #DataAnalytics,8472,14246,247.0,54,37,18,0,352
LI_0252,3,LinkedIn,2025-06-25,03:51:12,Article/Link,Top 5 actionable strategies for AI Workflow in 2025. Save this post for later! #GrowthHacking #SocialMedia2025,#GrowthHacking #SocialMedia2025,3246,5622,226.0,48,30,61,0,179
LI_0253,3,LinkedIn,2025-04-07,14:46:31,Image,Quick question for our community: How do you handle Cloud Scale in your daily workflow? #DataAnalytics #Innovation #Productivity #DigitalMarketing,,8490,13637,452.0,51,14,55,0,414
LI_0254,3,LinkedIn,2025-08-29,21:45:56,Article/Link,Sunday motivation: Start your week with a fresh mindset on User Experience. #StartupLife,#StartupLife,4089,5535,275.0,43,10,24,0,190
LI_0255,3,LinkedIn,2025-04-01,03:55:04,Video,Mastering Brand Strategy in under 10 minutes. Read our full step-by-step guide now! #BusinessTips,#BusinessTips,1726,2147,134.0,19,18,18,1103,29
LI_0256,3,LinkedIn,2025-01-06,06:33:46,Video,Case study alert: How we boosted results by 350% using Social Media ROI. #AI #MachineLearning #Innovation,#AI #MachineLearning #Innovation,9239,11647,633.0,83,87,40,4779,236
LI_0257,3,LinkedIn,2025-11-29,11:17:12,Video,Discover how Customer Engagement is transforming the industry! What are your thoughts? #MarketingStrategy #StartupLife #Productivity,#MarketingStrategy #StartupLife #Productivity,3796,6323,247.0,12,24,33,2184,207
LI_0258,3,LinkedIn,12-03-2025,02:22:16,Text,Sunday motivation: Start your week with a fresh mindset on Customer Engagement. #Innovation,#Innovation,1633,2198,93.0,16,2,6,0,19
LI_0259,3,LinkedIn,2025-06-16,03:23:54,Document/Carousel,Top 5 actionable strategies for Data Analytics in 2025. Save this post for later! #BusinessTips #Productivity,#BusinessTips #Productivity,7707,8858,451.0,51,27,39,0,365
LI_0260,3,LinkedIn,2025-03-31,08:48:21,Text,Sunday motivation: Start your week with a fresh mindset on Python Automation. #Innovation #MarketingStrategy #DesignThinking #Productivity,#Innovation #MarketingStrategy #DesignThinking #Productivity,1332,1822,72.0,4,2,17,0,65
LI_0261,3,LinkedIn,2025-04-29,11:07:28,Video,Mastering Customer Engagement in under 10 minutes. Read our full step-by-step guide now! #BusinessTips,#BusinessTips,6060,7462,270.0,24,15,43,4255,349
LI_0262,3,LinkedIn,2025-09-27,13:52:51,Document/Carousel,Mastering Customer Engagement in under 10 minutes. Read our full step-by-step guide now! #SocialMedia2025,#SocialMedia2025,6080,7913,225.0,43,9,63,0,347
LI_0263,3,LinkedIn,2025-04-15,12:22:47,Image,Case study alert: How we boosted results by 350% using User Experience. #MarketingStrategy #DesignThinking #SocialMedia2025,#MarketingStrategy #DesignThinking #SocialMedia2025,9977,15226,725.0,169,94,189,0,223
LI_0264,3,LinkedIn,2025-08-05,10:19:03,Article/Link,Why User Experience matters more than ever for modern business growth. #Productivity,#Productivity,530,752,36.0,5,0,8,0,26
LI_0265,3,LinkedIn,08-22-2025,07:43:42,Article/Link,,#StartupLife #BusinessTips #SocialMedia2025 #Productivity,2211,3328,104.0,13,3,22,0,116
LI_0266,3,LinkedIn,2025-10-27,01:52:28,Article/Link,Unpopular opinion about User Experience: Most teams are doing it wrong. Here is why... #Coding #AI #Productivity #TechTrends,#Coding #AI #Productivity #TechTrends,1264,2232,,18,2,9,0,65
LI_0267,3,LinkedIn,2025-06-23,02:47:16,Document/Carousel,Top 5 actionable strategies for Python Automation in 2025. Save this post for later! #StartupLife,#StartupLife,6388,8192,467.0,87,21,98,0,373
LI_0268,3,LinkedIn,2025-10-22,18:49:40,Article/Link,Quick question for our community: How do you handle Brand Strategy in your daily workflow? #StartupLife,#StartupLife,2749,4385,185.0,17,11,4,0,140
LI_0269,3,LinkedIn,2025-10-15,15:49:28,Document/Carousel,Why User Experience matters more than ever for modern business growth. #Coding #GrowthHacking,#Coding #GrowthHacking,8840,14949,352.0,86,38,28,0,231
LI_0270,3,LinkedIn,2025-07-12,10:57:13,Image,,#SocialMedia2025 #StartupLife,5072,7024,271.0,16,18,28,0,139
LI_0271,3,LinkedIn,2025-02-10,05:08:40,Document/Carousel,Unpopular opinion about Python Automation: Most teams are doing it wrong. Here is why... #AI #DesignThinking #Innovation,#AI #DesignThinking #Innovation,85736,145901,2473.0,553,277,354,0,3104
LI_0272,3,LinkedIn,2025-06-17,15:06:28,Video,Behind the scenes at our team workshop on Python Automation. Innovation starts here! #DigitalMarketing #Coding,#DigitalMarketing #Coding,6864,9486,458.0,57,53,37,3105,93
LI_0273,3,LinkedIn,2025-12-14,15:21:10,Image,Why Executive Leadership matters more than ever for modern business growth. #Productivity #AI,#Productivity #AI,5700,8109,417.0,35,30,20,0,126
LI_0274,3,LinkedIn,18/09/2025,22:21:51,Document/Carousel,Quick question for our community: How do you handle User Experience in your daily workflow? #Productivity #Leadership #DigitalMarketing #Coding,#Productivity #Leadership #DigitalMarketing #Coding,6570,10216,502.0,109,56,25,0,182
LI_0275,3,LinkedIn,2025-01-15,08:44:20,Text,Discover how Python Automation is transforming the industry! What are your thoughts? #DigitalMarketing #TechTrends #Coding #MarketingStrategy,#DigitalMarketing #TechTrends #Coding #MarketingStrategy,2298,3279,57.0,9,3,5,0,31
LI_0276,3,LinkedIn,2025-04-17,02:09:45,Image,Behind the scenes at our team workshop on Data Analytics. Innovation starts here! #Innovation,#Innovation,5292,7201,219.0,33,11,20,0,122
LI_0277,3,LinkedIn,2025-12-02,23:55:43,Video,We are excited to announce our newest breakthrough in Brand Strategy. Check out the link below! #Coding #DataAnalytics,#Coding #DataAnalytics,5258,5901,320.0,74,38,83,2199,175
LI_0278,3,LinkedIn,2025-01-31,08:56:20,Document/Carousel,Sunday motivation: Start your week with a fresh mindset on Brand Strategy. #AI #Coding #Innovation #MachineLearning,#AI #Coding #Innovation #MachineLearning,5805,8007,225.0,14,20,46,0,150
LI_0279,3,LinkedIn,2025-05-22,14:37:43,Article/Link,Mastering Customer Engagement in under 10 minutes. Read our full step-by-step guide now! #Leadership #BusinessTips #AI #SocialMedia2025,#Leadership #BusinessTips #AI #SocialMedia2025,4127,5350,196.0,32,14,38,0,202
LI_0280,3,LinkedIn,2025-01-09,13:34:32,Article/Link,Discover how Python Automation is transforming the industry! What are your thoughts? #Innovation #Coding #GrowthHacking,#Innovation #Coding #GrowthHacking,3862,4994,115.0,11,5,25,0,149
LI_0281,3,LinkedIn,2025-01-09,11:29:19,Text,Discover how Content Marketing is transforming the industry! What are your thoughts? #MarketingStrategy #Coding #AI #DigitalMarketing,#MarketingStrategy #Coding #AI #DigitalMarketing,1272,1477,55.0,3,4,7,0,28
LI_0282,3,LinkedIn,2025-09-14,12:21:49,Text,Unpopular opinion about Customer Engagement: Most teams are doing it wrong. Here is why... #Productivity #MarketingStrategy #TechTrends,#Productivity #MarketingStrategy #TechTrends,2259,2647,171.0,34,18,47,0,48
LI_0283,3,LinkedIn,12/02/2025,19:33:41,Text,Why Python Automation matters more than ever for modern business growth. #Coding #Productivity #Leadership,#Coding #Productivity #Leadership,1904,3386,143.0,9,15,1,0,52
LI_0284,3,LinkedIn,2025-08-03,11:35:17,Image,Case study alert: How we boosted results by 350% using Brand Strategy. #Innovation #SocialMedia2025,#Innovation #SocialMedia2025,1626,1923,86.0,9,11,20,0,20
LI_0285,3,LinkedIn,02-08-2025,06:13:08,Document/Carousel,Top 5 actionable strategies for Python Automation in 2025. Save this post for later! #GrowthHacking #DesignThinking #SocialMedia2025,#GrowthHacking #DesignThinking #SocialMedia2025,3769,5783,124.0,11,16,22,0,96
LI_0286,3,LinkedIn,01-22-2025,02:01:12,Document/Carousel,Behind the scenes at our team workshop on AI Workflow. Innovation starts here! #Productivity #BusinessTips #DataAnalytics,#Productivity #BusinessTips #DataAnalytics,5930,9912,229.0,18,25,60,0,229
LI_0287,3,LinkedIn,2025-01-27,21:23:41,Image,Quick question for our community: How do you handle Social Media ROI in your daily workflow? #SocialMedia2025,#SocialMedia2025,9214,12039,731.0,79,52,48,0,130
LI_0288,3,LinkedIn,2025-01-28,02:17:07,Image,Behind the scenes at our team workshop on Content Marketing. Innovation starts here! #DesignThinking,#DesignThinking,3271,4818,197.0,13,5,59,0,153
LI_0289,3,LinkedIn,2025-06-10,11:38:32,Text,Case study alert: How we boosted results by 350% using Content Marketing. #GrowthHacking #DigitalMarketing #AI,#GrowthHacking #DigitalMarketing #AI,1146,1734,32.0,7,4,5,0,31
LI_0290,3,LinkedIn,2025-11-13,03:44:57,Image,Discover how Python Automation is transforming the industry! What are your thoughts? #MachineLearning #Innovation #AI #TechTrends,#MachineLearning #Innovation #AI #TechTrends,5827,9876,370.0,65,15,30,0,291
LI_0291,3,LinkedIn,2025-09-15,04:35:07,Image,We are excited to announce our newest breakthrough in Executive Leadership. Check out the link below! #Coding #StartupLife #BusinessTips,#Coding #StartupLife #BusinessTips,2870,4399,191.0,46,4,12,0,67
LI_0292,3,LinkedIn,2025-01-02,00:24:17,Video,We are excited to announce our newest breakthrough in Social Media ROI. Check out the link below! #Leadership #MarketingStrategy #DesignThinking,#Leadership #MarketingStrategy #DesignThinking,5511,8775,162.0,9,23,32,4719,128
LI_0293,3,LinkedIn,2025-04-08,20:15:41,Image,We are excited to announce our newest breakthrough in Social Media ROI. Check out the link below! #AI #DigitalMarketing #GrowthHacking,#AI #DigitalMarketing #GrowthHacking,8369,11146,667.0,151,82,11,0,472
LI_0294,3,LinkedIn,2025-07-14,01:35:56,Image,Mastering Social Media ROI in under 10 minutes. Read our full step-by-step guide now! #DigitalMarketing #TechTrends,#DigitalMarketing #TechTrends,5588,9614,200.0,48,14,58,0,325
LI_0295,3,LinkedIn,2025-02-12,23:06:13,Document/Carousel,Behind the scenes at our team workshop on Cloud Scale. Innovation starts here! #BusinessTips #Coding #MachineLearning,#BusinessTips #Coding #MachineLearning,1692,2321,97.0,11,12,7,0,64
LI_0296,3,LinkedIn,2025-07-15,12:39:19,Document/Carousel,Mastering User Experience in under 10 minutes. Read our full step-by-step guide now! #AI #DataAnalytics,#AI #DataAnalytics,2102,3264,153.0,11,14,40,0,125
LI_0297,3,LinkedIn,2025-01-05,10:10:27,Document/Carousel,Sunday motivation: Start your week with a fresh mindset on Customer Engagement. #Coding #AI #DesignThinking #Innovation,#Coding #AI #DesignThinking #Innovation,5122,6377,139.0,26,7,41,0,201
LI_0298,3,LinkedIn,2025-03-28,20:44:10,Image,Why User Experience matters more than ever for modern business growth. #DigitalMarketing,#DigitalMarketing,7640,13522,259.0,35,24,46,0,413
LI_0299,3,LinkedIn,2025-01-29,20:32:56,Video,Behind the scenes at our team workshop on Social Media ROI. Innovation starts here! #Leadership #TechTrends #DesignThinking #SocialMedia2025,#Leadership #TechTrends #DesignThinking #SocialMedia2025,13158,18194,757.0,151,55,183,7763,566
LI_0300,3,LinkedIn,2025-12-06,19:28:16,Video,Discover how Cloud Scale is transforming the industry! What are your thoughts? #MachineLearning #SocialMedia2025,#MachineLearning #SocialMedia2025,3355,4203,116.0,10,8,18,1917,123
LI_0301,3,LinkedIn,2025-07-29,23:16:13,Image,Unpopular opinion about User Experience: Most teams are doing it wrong. Here is why... #DigitalMarketing #GrowthHacking #DesignThinking #SocialMedia2025,#DigitalMarketing #GrowthHacking #DesignThinking #SocialMedia2025,2215,2871,87.0,14,5,2,0,61
LI_0302,3,LinkedIn,2025-06-26,12:00:21,Video,Behind the scenes at our team workshop on Cloud Scale. Innovation starts here! #DigitalMarketing #SocialMedia2025 #MachineLearning #Leadership,#DigitalMarketing #SocialMedia2025 #MachineLearning #Leadership,12049,19206,451.0,70,49,133,5762,387
LI_0303,3,LinkedIn,2025-11-12,22:31:49,Article/Link,Mastering Brand Strategy in under 10 minutes. Read our full step-by-step guide now! #DigitalMarketing #Innovation,#DigitalMarketing #Innovation,1460,2390,97.0,13,13,18,0,46
LI_0304,3,LinkedIn,01-26-2025,20:35:50,Article/Link,Top 5 actionable strategies for Cloud Scale in 2025. Save this post for later! #TechTrends #Productivity,#TechTrends #Productivity,1602,1804,104.0,12,8,20,0,29
LI_0305,3,LinkedIn,2025-10-05,07:49:36,Document/Carousel,Sunday motivation: Start your week with a fresh mindset on Social Media ROI. #BusinessTips #Coding #SocialMedia2025 #TechTrends,#BusinessTips #Coding #SocialMedia2025 #TechTrends,7249,10185,446.0,107,55,117,0,424
LI_0306,3,LinkedIn,2025-06-03,20:09:14,Article/Link,Mastering Content Marketing in under 10 minutes. Read our full step-by-step guide now! #MachineLearning #DataAnalytics #GrowthHacking #SocialMedia2025,#MachineLearning #DataAnalytics #GrowthHacking #SocialMedia2025,4540,5325,185.0,18,13,2,0,101
LI_0307,3,LinkedIn,12/08/2025,17:38:31,Text,Unpopular opinion about Social Media ROI: Most teams are doing it wrong. Here is why... #MarketingStrategy #TechTrends #StartupLife #GrowthHacking,#MarketingStrategy #TechTrends #StartupLife #GrowthHacking,3141,5199,180.0,11,17,9,0,114
LI_0308,3,LinkedIn,2025-12-16,05:35:27,Article/Link,Quick question for our community: How do you handle Data Analytics in your daily workflow? #AI #GrowthHacking,#AI #GrowthHacking,3268,5079,194.0,31,25,39,0,106
LI_0309,3,LinkedIn,2025-03-23,14:03:50,Article/Link,Case study alert: How we boosted results by 350% using Content Marketing. #BusinessTips #Leadership #StartupLife,#BusinessTips #Leadership #StartupLife,4548,5010,244.0,50,5,36,0,123
LI_0310,3,LinkedIn,2025-02-21,22:06:20,Text,Sunday motivation: Start your week with a fresh mindset on Executive Leadership. #GrowthHacking #AI #MarketingStrategy,#GrowthHacking #AI #MarketingStrategy,1510,1762,57.0,11,3,11,0,47
LI_0311,3,LinkedIn,2025-12-11,08:54:11,Article/Link,Quick question for our community: How do you handle User Experience in your daily workflow? #DigitalMarketing #Leadership #Productivity #BusinessTips,#DigitalMarketing #Leadership #Productivity #BusinessTips,1464,2530,71.0,8,4,13,0,62
LI_0312,3,LinkedIn,2025-08-10,19:33:11,Text,Sunday motivation: Start your week with a fresh mindset on AI Workflow. #Productivity #BusinessTips #DesignThinking,#Productivity #BusinessTips #DesignThinking,1523,1678,83.0,16,10,2,0,46
LI_0313,3,LinkedIn,2025-06-27,07:39:51,Text,Discover how Executive Leadership is transforming the industry! What are your thoughts? #TechTrends,#TechTrends,4124,6393,196.0,43,23,36,0,95
LI_0314,3,LinkedIn,2025-12-22,19:32:07,Video,Mastering Brand Strategy in under 10 minutes. Read our full step-by-step guide now! #Leadership #SocialMedia2025 #GrowthHacking,#Leadership #SocialMedia2025 #GrowthHacking,5055,6517,394.0,69,23,48,2853,214
LI_0315,3,LinkedIn,2025-05-02,05:15:48,Article/Link,Sunday motivation: Start your week with a fresh mindset on Brand Strategy. #Productivity,#Productivity,3224,4643,180.0,38,12,27,0,137
LI_0316,3,LinkedIn,2025-09-29,09:33:25,Image,Behind the scenes at our team workshop on Content Marketing. Innovation starts here! #MarketingStrategy #DataAnalytics #Productivity #MachineLearning,#MarketingStrategy #DataAnalytics #Productivity #MachineLearning,2401,3422,84.0,17,12,11,0,110
LI_0317,3,LinkedIn,09-08-2025,08:56:25,Image,Quick question for our community: How do you handle Cloud Scale in your daily workflow? #MachineLearning #GrowthHacking #Innovation,#MachineLearning #GrowthHacking #Innovation,3670,4593,280.0,34,33,5,0,121
LI_0318,3,LinkedIn,2025-02-09,16:45:08,Image,Discover how Data Analytics is transforming the industry! What are your thoughts? #Leadership,#Leadership,3330,5505,120.0,6,10,25,0,62
LI_0319,3,LinkedIn,2025-12-27,05:40:59,Article/Link,Sunday motivation: Start your week with a fresh mindset on User Experience. #StartupLife #SocialMedia2025,#StartupLife #SocialMedia2025,1744,2223,139.0,28,11,11,0,94
LI_0320,3,LinkedIn,2025-01-24,17:48:20,Video,Top 5 actionable strategies for Social Media ROI in 2025. Save this post for later! #DigitalMarketing #DesignThinking,#DigitalMarketing #DesignThinking,3320,4454,87.0,7,1,7,1406,110
LI_0321,3,LinkedIn,2025-11-11,08:15:15,Video,,#MachineLearning #DesignThinking #Coding #Innovation,9052,10353,558.0,85,12,119,7486,493
LI_0322,3,LinkedIn,2025-04-27,13:15:37,Text,Discover how Brand Strategy is transforming the industry! What are your thoughts? #BusinessTips #Productivity,#BusinessTips #Productivity,6564,8795,504.0,92,25,111,0,331
LI_0323,3,LinkedIn,14/03/2025,18:26:38,Document/Carousel,We are excited to announce our newest breakthrough in Python Automation. Check out the link below! #Innovation #AI #Productivity #MarketingStrategy,#Innovation #AI #Productivity #MarketingStrategy,11668,14192,418.0,75,25,23,0,336
LI_0324,3,LinkedIn,2025-10-07,20:39:57,Video,Quick question for our community: How do you handle Brand Strategy in your daily workflow? #BusinessTips #DesignThinking #Productivity,#BusinessTips #DesignThinking #Productivity,5673,8738,241.0,29,11,28,4592,136
LI_0325,3,LinkedIn,2025-12-19,19:22:52,Article/Link,Unpopular opinion about AI Workflow: Most teams are doing it wrong. Here is why... #BusinessTips #Leadership,#BusinessTips #Leadership,684,914,16.0,2,1,2,0,30
LI_0326,3,LinkedIn,2025-09-20,10:57:20,Document/Carousel,We are excited to announce our newest breakthrough in Customer Engagement. Check out the link below! #AI #DigitalMarketing #BusinessTips #StartupLife,#AI #DigitalMarketing #BusinessTips #StartupLife,8734,11203,448.0,40,27,131,0,480
LI_0327,3,LinkedIn,2025-07-19,00:24:56,Document/Carousel,Discover how Executive Leadership is transforming the industry! What are your thoughts? #Coding #DigitalMarketing #Leadership #DesignThinking,#Coding #DigitalMarketing #Leadership #DesignThinking,1005,1402,,8,8,4,0,33
LI_0328,3,LinkedIn,2025-08-04,23:49:08,Image,We are excited to announce our newest breakthrough in Python Automation. Check out the link below! #AI #Leadership,#AI #Leadership,3829,6478,167.0,9,9,25,0,194
LI_0329,3,LinkedIn,2025-03-24,14:05:40,Article/Link,Behind the scenes at our team workshop on Python Automation. Innovation starts here! #Innovation #BusinessTips #Leadership,#Innovation #BusinessTips #Leadership,3831,5290,150.0,34,17,28,0,42
LI_0330,3,LinkedIn,2025-01-17,20:33:17,Text,Quick question for our community: How do you handle Data Analytics in your daily workflow? #DigitalMarketing #MarketingStrategy,#DigitalMarketing #MarketingStrategy,6708,10689,374.0,69,13,11,0,356
LI_0331,3,LinkedIn,2025-10-06,05:10:38,Text,Unpopular opinion about Data Analytics: Most teams are doing it wrong. Here is why... #DigitalMarketing #MarketingStrategy #AI #GrowthHacking,#DigitalMarketing #MarketingStrategy #AI #GrowthHacking,1399,2421,89.0,18,5,5,0,69
LI_0332,3,LinkedIn,2025-01-13,20:02:22,Text,Sunday motivation: Start your week with a fresh mindset on Brand Strategy. #SocialMedia2025 #TechTrends #MarketingStrategy,#SocialMedia2025 #TechTrends #MarketingStrategy,5345,7256,180.0,27,10,37,0,219
LI_0333,3,LinkedIn,2025-06-17,03:04:30,Article/Link,Quick question for our community: How do you handle Customer Engagement in your daily workflow? #Innovation #DataAnalytics #DesignThinking #MachineLearning,#Innovation #DataAnalytics #DesignThinking #MachineLearning,3358,5420,128.0,29,15,6,0,124
LI_0334,3,LinkedIn,2025-11-22,21:13:22,Document/Carousel,Unpopular opinion about User Experience: Most teams are doing it wrong. Here is why... #Coding,#Coding,11174,17007,290.0,68,8,43,0,126
LI_0335,3,LinkedIn,2025-01-30,20:52:01,Video,Behind the scenes at our team workshop on Customer Engagement. Innovation starts here! #TechTrends #GrowthHacking #AI #BusinessTips,#TechTrends #GrowthHacking #AI #BusinessTips,5185,8006,276.0,31,14,33,2745,247
LI_0336,3,LinkedIn,08/12/2025,15:51:32,Image,Sunday motivation: Start your week with a fresh mindset on Python Automation. #DataAnalytics #DigitalMarketing #GrowthHacking,#DataAnalytics #DigitalMarketing #GrowthHacking,3301,5098,232.0,50,23,34,0,72
LI_0337,3,LinkedIn,2025-08-04,16:25:38,Text,Behind the scenes at our team workshop on Customer Engagement. Innovation starts here! #AI #DesignThinking #TechTrends,#AI #DesignThinking #TechTrends,3919,6666,216.0,41,31,47,0,81
LI_0338,3,LinkedIn,2025-01-11,12:24:43,Video,Sunday motivation: Start your week with a fresh mindset on Executive Leadership. #Leadership,#Leadership,10505,18462,725.0,140,42,107,8571,160
LI_0339,3,LinkedIn,20/07/2025,11:09:56,Article/Link,We are excited to announce our newest breakthrough in Customer Engagement. Check out the link below! #BusinessTips #GrowthHacking #Leadership,#BusinessTips #GrowthHacking #Leadership,3066,3698,132.0,21,7,14,0,175
LI_0340,3,LinkedIn,2025-11-08,18:28:35,Text,Mastering Cloud Scale in under 10 minutes. Read our full step-by-step guide now! #MachineLearning #BusinessTips #TechTrends,#MachineLearning #BusinessTips #TechTrends,4241,6438,319.0,76,36,40,0,88
LI_0341,3,LinkedIn,2025-01-18,22:44:53,Text,Discover how Executive Leadership is transforming the industry! What are your thoughts? #Leadership #Innovation #GrowthHacking #Coding,#Leadership #Innovation #GrowthHacking #Coding,1229,1837,85.0,6,4,12,0,23
LI_0342,3,LinkedIn,2025-12-10,03:06:33,Text,Sunday motivation: Start your week with a fresh mindset on Content Marketing. #AI #MarketingStrategy #SocialMedia2025,#AI #MarketingStrategy #SocialMedia2025,1160,1919,51.0,12,5,2,0,23
LI_0343,3,LinkedIn,2025-01-27,05:12:36,Document/Carousel,Mastering Content Marketing in under 10 minutes. Read our full step-by-step guide now! #DigitalMarketing #BusinessTips #TechTrends,#DigitalMarketing #BusinessTips #TechTrends,8267,13922,637.0,79,94,54,0,176
LI_0344,3,LinkedIn,2025-03-08,06:56:39,Document/Carousel,Behind the scenes at our team workshop on Python Automation. Innovation starts here! #DesignThinking #MarketingStrategy #Innovation,#DesignThinking #MarketingStrategy #Innovation,5097,6471,320.0,19,39,83,0,118
LI_0345,3,LinkedIn,2025-09-30,17:26:07,Article/Link,Sunday motivation: Start your week with a fresh mindset on Content Marketing. #AI,#AI,2979,4361,61.0,5,3,6,0,51
LI_0346,3,LinkedIn,07-30-2025,11:01:13,Article/Link,Case study alert: How we boosted results by 350% using Brand Strategy. #Leadership,#Leadership,3613,5366,210.0,29,15,43,0,43
LI_0347,3,LinkedIn,08/05/2025,02:44:11,Image,Unpopular opinion about AI Workflow: Most teams are doing it wrong. Here is why... #SocialMedia2025 #BusinessTips #Productivity,#SocialMedia2025 #BusinessTips #Productivity,5171,8083,270.0,38,23,40,0,289
LI_0348,3,LinkedIn,2025-02-09,09:09:37,Article/Link,Sunday motivation: Start your week with a fresh mindset on User Experience. #DesignThinking #BusinessTips #MarketingStrategy,#DesignThinking #BusinessTips #MarketingStrategy,1990,3117,86.0,9,6,6,0,95
LI_0349,3,LinkedIn,2025-01-10,11:48:11,Image,We are excited to announce our newest breakthrough in Social Media ROI. Check out the link below! #DigitalMarketing #GrowthHacking #StartupLife #AI,#DigitalMarketing #GrowthHacking #StartupLife #AI,1506,1824,93.0,18,2,24,0,42
LI_0350,3,LinkedIn,2025-09-29,18:08:31,Image,Why Data Analytics matters more than ever for modern business growth. #BusinessTips #Coding #MarketingStrategy,#BusinessTips #Coding #MarketingStrategy,7718,12703,318.0,41,34,44,0,183
LI_0351,3,LinkedIn,2025-01-29,17:31:22,Article/Link,Sunday motivation: Start your week with a fresh mindset on Customer Engagement. #DataAnalytics #TechTrends,#DataAnalytics #TechTrends,2105,3042,156.0,29,7,25,0,88
LI_0352,3,LinkedIn,06-21-2025,16:13:03,Video,Top 5 actionable strategies for Content Marketing in 2025. Save this post for later! #BusinessTips #Leadership,#BusinessTips #Leadership,7530,10086,468.0,81,37,17,3178,115
LI_0353,3,LinkedIn,2025-09-05,04:48:52,Video,,#Innovation,9326,11268,591.0,71,30,126,8251,303
LI_0354,3,LinkedIn,2025-04-12,17:21:11,Document/Carousel,Case study alert: How we boosted results by 350% using Social Media ROI. #GrowthHacking,#GrowthHacking,6136,8347,241.0,18,18,17,0,246
LI_0355,3,LinkedIn,2025-01-10,16:59:24,Text,Behind the scenes at our team workshop on Customer Engagement. Innovation starts here! #DesignThinking,#DesignThinking,1594,2657,110.0,18,4,5,0,63
LI_0356,3,LinkedIn,2025-04-02,10:56:11,Text,Mastering Executive Leadership in under 10 minutes. Read our full step-by-step guide now! #DesignThinking #StartupLife,#DesignThinking #StartupLife,2224,2713,144.0,15,14,9,0,120
LI_0357,3,LinkedIn,2025-09-11,05:59:59,Text,Behind the scenes at our team workshop on Brand Strategy. Innovation starts here! #AI #GrowthHacking #BusinessTips #MachineLearning,#AI #GrowthHacking #BusinessTips #MachineLearning,2448,3851,55.0,4,7,1,0,123
LI_0358,3,LinkedIn,2025-06-01,04:33:51,Document/Carousel,Discover how Python Automation is transforming the industry! What are your thoughts? #StartupLife,#StartupLife,5607,6204,134.0,25,11,19,0,91
LI_0359,3,LinkedIn,2025-12-22,05:02:23,Article/Link,Unpopular opinion about User Experience: Most teams are doing it wrong. Here is why... #Coding #TechTrends,#Coding #TechTrends,2417,2748,158.0,30,8,39,0,141
LI_0360,3,LinkedIn,05-04-2025,03:57:31,Image,Mastering Executive Leadership in under 10 minutes. Read our full step-by-step guide now! #Productivity #MarketingStrategy,#Productivity #MarketingStrategy,1031,1488,74.0,9,10,1,0,10
LI_0361,3,LinkedIn,04-25-2025,07:54:58,Document/Carousel,We are excited to announce our newest breakthrough in Cloud Scale. Check out the link below! #Leadership #DesignThinking #DigitalMarketing,#Leadership #DesignThinking #DigitalMarketing,5368,6815,363.0,73,43,68,0,237
LI_0362,3,LinkedIn,2025-02-12,12:50:56,Document/Carousel,We are excited to announce our newest breakthrough in Data Analytics. Check out the link below! #MarketingStrategy #BusinessTips,#MarketingStrategy #BusinessTips,7403,12182,326.0,16,37,16,0,282
LI_0363,3,LinkedIn,2025-08-10,10:56:42,Text,Case study alert: How we boosted results by 350% using AI Workflow. #DigitalMarketing #MarketingStrategy #Leadership,#DigitalMarketing #MarketingStrategy #Leadership,3705,5905,144.0,26,3,39,0,69
LI_0364,3,LinkedIn,2025-03-15,02:13:37,Text,Unpopular opinion about Brand Strategy: Most teams are doing it wrong. Here is why... #Innovation #DataAnalytics #Coding,#Innovation #DataAnalytics #Coding,1330,1997,73.0,7,9,16,0,57
LI_0365,3,LinkedIn,2025-03-31,18:41:30,Video,Top 5 actionable strategies for Brand Strategy in 2025. Save this post for later! #DataAnalytics #Coding #DesignThinking #SocialMedia2025,#DataAnalytics #Coding #DesignThinking #SocialMedia2025,5403,9476,183.0,21,18,46,2723,102
LI_0366,3,LinkedIn,2025-03-20,10:40:19,Article/Link,We are excited to announce our newest breakthrough in Data Analytics. Check out the link below! #DataAnalytics #MachineLearning #Leadership,#DataAnalytics #MachineLearning #Leadership,1160,1312,86.0,11,3,21,0,30
LI_0367,3,LinkedIn,2025-07-02,11:48:22,Text,Behind the scenes at our team workshop on Data Analytics. Innovation starts here! #StartupLife #MachineLearning #TechTrends,#StartupLife #MachineLearning #TechTrends,3913,6544,236.0,56,16,7,0,155
LI_0368,3,LinkedIn,2025-03-09,11:40:40,Image,Top 5 actionable strategies for Executive Leadership in 2025. Save this post for later! #Innovation,#Innovation,5443,8779,398.0,91,26,89,0,252
LI_0369,3,LinkedIn,2025-02-05,22:26:42,Text,Quick question for our community: How do you handle AI Workflow in your daily workflow? #MachineLearning #Leadership #DesignThinking,#MachineLearning #Leadership #DesignThinking,4123,7115,179.0,37,7,28,0,175
LI_0370,3,LinkedIn,2025-08-09,04:22:51,Video,Unpopular opinion about AI Workflow: Most teams are doing it wrong. Here is why... #Coding #MachineLearning #BusinessTips,#Coding #MachineLearning #BusinessTips,1169,1923,55.0,13,3,5,499,47
LI_0371,3,LinkedIn,2025-11-30,15:17:33,Text,Mastering AI Workflow in under 10 minutes. Read our full step-by-step guide now! #DataAnalytics #StartupLife #Coding,#DataAnalytics #StartupLife #Coding,4060,4585,267.0,15,6,73,0,195
LI_0372,3,LinkedIn,2025-04-21,21:50:29,Document/Carousel,Sunday motivation: Start your week with a fresh mindset on Cloud Scale. #SocialMedia2025,#SocialMedia2025,5040,8979,218.0,15,30,37,0,79
LI_0373,3,LinkedIn,2025-06-30,03:13:32,Article/Link,,#GrowthHacking,1676,3008,109.0,17,4,16,0,60
LI_0374,3,LinkedIn,2025-03-22,00:03:52,Document/Carousel,Unpopular opinion about AI Workflow: Most teams are doing it wrong. Here is why... #Leadership #MarketingStrategy #StartupLife,#Leadership #MarketingStrategy #StartupLife,3823,4961,183.0,17,20,43,0,221
LI_0375,3,LinkedIn,2025-09-24,21:47:15,Document/Carousel,Behind the scenes at our team workshop on Brand Strategy. Innovation starts here! #StartupLife,#StartupLife,5078,7535,226.0,51,12,33,0,194
LI_0376,3,LinkedIn,2025-08-02,16:21:49,Document/Carousel,Behind the scenes at our team workshop on Brand Strategy. Innovation starts here! #Coding #AI #Productivity #BusinessTips,#Coding #AI #Productivity #BusinessTips,1293,2027,87.0,18,4,8,0,72
LI_0377,3,LinkedIn,2025-08-13,07:37:40,Video,Quick question for our community: How do you handle Data Analytics in your daily workflow? #MarketingStrategy,#MarketingStrategy,10424,14593,682.0,63,81,145,6682,230
LI_0378,3,LinkedIn,2025-10-13,17:30:49,Video,Behind the scenes at our team workshop on Python Automation. Innovation starts here! #GrowthHacking,#GrowthHacking,7624,8453,199.0,20,5,57,6691,186
LI_0379,3,LinkedIn,06-01-2025,21:28:33,Document/Carousel,Why Data Analytics matters more than ever for modern business growth. #Innovation #Productivity,#Innovation #Productivity,7317,10714,356.0,39,11,25,0,147
LI_0380,3,LinkedIn,2025-12-10,02:09:50,Document/Carousel,Sunday motivation: Start your week with a fresh mindset on AI Workflow. #DataAnalytics #GrowthHacking #MarketingStrategy,#DataAnalytics #GrowthHacking #MarketingStrategy,8658,15499,428.0,104,24,58,0,332
LI_0381,3,LinkedIn,2025-07-31,14:06:28,Document/Carousel,Case study alert: How we boosted results by 350% using Executive Leadership. #GrowthHacking #AI,#GrowthHacking #AI,6280,7546,184.0,37,18,4,0,114
LI_0382,3,LinkedIn,2025-05-27,01:25:05,Text,Quick question for our community: How do you handle Executive Leadership in your daily workflow? #MarketingStrategy,#MarketingStrategy,1866,2789,42.0,4,5,10,0,34
LI_0383,3,LinkedIn,2025-02-05,15:01:48,Image,We are excited to announce our newest breakthrough in Cloud Scale. Check out the link below! #Productivity,#Productivity,1389,2040,52.0,5,5,1,0,52
LI_0384,3,LinkedIn,2025-08-31,14:13:57,Document/Carousel,We are excited to announce our newest breakthrough in Customer Engagement. Check out the link below! #DigitalMarketing #MarketingStrategy #TechTrends,#DigitalMarketing #MarketingStrategy #TechTrends,13985,22178,404.0,63,52,26,0,189
LI_0385,3,LinkedIn,2025-07-07,01:30:46,Image,We are excited to announce our newest breakthrough in AI Workflow. Check out the link below! #MachineLearning,#MachineLearning,2867,4332,78.0,8,2,18,0,124
LI_0386,3,LinkedIn,21/08/2025,03:22:06,Document/Carousel,Sunday motivation: Start your week with a fresh mindset on AI Workflow. #Productivity,#Productivity,6004,9687,425.0,53,44,78,0,326
LI_0387,3,LinkedIn,2025-04-19,10:32:20,Image,Unpopular opinion about Content Marketing: Most teams are doing it wrong. Here is why... #AI #DigitalMarketing #Coding,#AI #DigitalMarketing #Coding,3655,4304,261.0,57,26,26,0,209
LI_0388,3,LinkedIn,2025-03-22,11:27:49,Text,Behind the scenes at our team workshop on User Experience. Innovation starts here! #DigitalMarketing,#DigitalMarketing,2385,3314,129.0,13,3,38,0,69
LI_0389,3,LinkedIn,2025-09-27,07:44:36,Video,Mastering AI Workflow in under 10 minutes. Read our full step-by-step guide now! #DesignThinking #Coding #GrowthHacking,#DesignThinking #Coding #GrowthHacking,5685,10019,165.0,19,24,30,4521,186
LI_0390,3,LinkedIn,2025-08-19,09:40:02,Document/Carousel,Sunday motivation: Start your week with a fresh mindset on User Experience. #TechTrends #Innovation #DataAnalytics #DesignThinking,#TechTrends #Innovation #DataAnalytics #DesignThinking,2808,4558,224.0,24,9,43,0,163
LI_0391,3,LinkedIn,2025-03-27,15:31:58,Text,Case study alert: How we boosted results by 350% using Brand Strategy. #AI #MachineLearning,#AI #MachineLearning,2332,4112,80.0,14,1,1,0,85
LI_0392,3,LinkedIn,2025-02-18,06:02:04,Text,Behind the scenes at our team workshop on Data Analytics. Innovation starts here! #Coding #DigitalMarketing #TechTrends #DesignThinking,#Coding #DigitalMarketing #TechTrends #DesignThinking,4127,5695,230.0,51,15,44,0,161
LI_0393,3,LinkedIn,2025-02-05,17:00:49,Video,Discover how Python Automation is transforming the industry! What are your thoughts? #TechTrends,#TechTrends,5512,7870,359.0,49,51,83,2816,187
LI_0394,3,LinkedIn,2025-04-14,01:20:46,Image,Top 5 actionable strategies for AI Workflow in 2025. Save this post for later! #Leadership,#Leadership,5073,8535,403.0,42,9,111,0,118
LI_0395,3,LinkedIn,2025-06-21,21:33:03,Article/Link,Case study alert: How we boosted results by 350% using Content Marketing. #DataAnalytics #StartupLife,#DataAnalytics #StartupLife,3576,4952,221.0,26,31,16,0,211
LI_0396,3,LinkedIn,2025-04-30,13:06:51,Image,Sunday motivation: Start your week with a fresh mindset on Data Analytics. #Innovation #MachineLearning #DesignThinking,#Innovation #MachineLearning #DesignThinking,4498,6220,183.0,35,20,52,0,182
LI_0397,3,LinkedIn,08-21-2025,07:52:51,Article/Link,Why Python Automation matters more than ever for modern business growth. #DigitalMarketing #SocialMedia2025,#DigitalMarketing #SocialMedia2025,895,1559,60.0,12,7,15,0,25
LI_0398,3,LinkedIn,2025-03-20,17:26:44,Text,Top 5 actionable strategies for Cloud Scale in 2025. Save this post for later! #StartupLife #AI #DigitalMarketing #MachineLearning,#StartupLife #AI #DigitalMarketing #MachineLearning,4160,5372,133.0,9,15,36,0,122
LI_0399,3,LinkedIn,2025-10-14,23:20:28,Video,Top 5 actionable strategies for Brand Strategy in 2025. Save this post for later! #Innovation #MarketingStrategy #AI #MachineLearning,#Innovation #MarketingStrategy #AI #MachineLearning,4375,6016,300.0,48,13,79,3390,129
LI_0400,3,LinkedIn,2025-11-02,16:18:21,Article/Link,Sunday motivation: Start your week with a fresh mindset on Brand Strategy. #Leadership #TechTrends #DataAnalytics,#Leadership #TechTrends #DataAnalytics,1230,1466,75.0,18,8,22,0,36
LI_0401,3,LinkedIn,2025-03-06,22:00:11,Image,We are excited to announce our newest breakthrough in Brand Strategy. Check out the link below! #Innovation,#Innovation,960,1088,23.0,5,2,4,0,45
LI_0402,3,LinkedIn,2025-02-06,21:18:52,Document/Carousel,Case study alert: How we boosted results by 350% using Customer Engagement. #DesignThinking #MachineLearning #Innovation,#DesignThinking #MachineLearning #Innovation,13606,23113,273.0,50,25,13,0,655
LI_0403,3,LinkedIn,2025-10-21,22:44:13,Document/Carousel,Top 5 actionable strategies for Python Automation in 2025. Save this post for later! #MarketingStrategy #DataAnalytics #StartupLife #Productivity,#MarketingStrategy #DataAnalytics #StartupLife #Productivity,6414,9431,318.0,72,46,90,0,142
LI_0404,3,LinkedIn,2025-06-12,15:15:17,Video,Case study alert: How we boosted results by 350% using Social Media ROI. #DesignThinking,#DesignThinking,9621,10724,315.0,20,36,39,5231,327
LI_0405,3,LinkedIn,2025-04-25,01:03:28,Text,,#MachineLearning,2078,2561,155.0,26,4,39,0,65
LI_0406,3,LinkedIn,2025-10-23,02:27:56,Video,We are excited to announce our newest breakthrough in Social Media ROI. Check out the link below! #MarketingStrategy #DesignThinking #SocialMedia2025,#MarketingStrategy #DesignThinking #SocialMedia2025,7252,10019,342.0,24,23,63,4572,166
LI_0407,3,LinkedIn,2025-03-26,06:47:24,Document/Carousel,Case study alert: How we boosted results by 350% using Python Automation. #DigitalMarketing #Coding #StartupLife,#DigitalMarketing #Coding #StartupLife,8861,14718,574.0,77,63,95,0,313
LI_0408,3,LinkedIn,2025-04-24,08:02:18,Article/Link,Case study alert: How we boosted results by 350% using Data Analytics. #GrowthHacking,#GrowthHacking,667,889,41.0,6,4,8,0,32
LI_0409,3,LinkedIn,2025-09-04,19:19:12,Document/Carousel,Sunday motivation: Start your week with a fresh mindset on Data Analytics. #Coding #GrowthHacking,#Coding #GrowthHacking,3380,5405,121.0,15,6,7,0,103
LI_0410,3,LinkedIn,2025-01-12,07:52:39,Article/Link,Discover how Cloud Scale is transforming the industry! What are your thoughts? #AI #SocialMedia2025 #DesignThinking,#AI #SocialMedia2025 #DesignThinking,1464,2284,81.0,19,6,6,0,47
LI_0411,3,LinkedIn,03/07/2025,17:47:56,Article/Link,,#Innovation,1913,3017,46.0,6,2,5,0,107
LI_0412,3,LinkedIn,07-01-2025,14:18:24,Text,We are excited to announce our newest breakthrough in Python Automation. Check out the link below! #AI,#AI,4032,6496,119.0,10,14,19,0,113
LI_0413,3,LinkedIn,2025-12-25,05:19:16,Video,Unpopular opinion about Customer Engagement: Most teams are doing it wrong. Here is why... #SocialMedia2025 #Leadership,#SocialMedia2025 #Leadership,9230,11259,245.0,55,26,39,4627,171
LI_0414,3,LinkedIn,2025-05-29,19:50:03,Video,Why Data Analytics matters more than ever for modern business growth. #MarketingStrategy #TechTrends #AI #Innovation,#MarketingStrategy #TechTrends #AI #Innovation,10002,11966,482.0,104,13,100,4801,406
LI_0415,3,LinkedIn,2025-06-17,02:24:39,Article/Link,Discover how Brand Strategy is transforming the industry! What are your thoughts? #AI #StartupLife #MachineLearning,#AI #StartupLife #MachineLearning,1614,1866,81.0,14,8,18,0,73
LI_0416,3,LinkedIn,2025-01-25,00:28:06,Image,Quick question for our community: How do you handle Executive Leadership in your daily workflow? #MarketingStrategy #DataAnalytics,#MarketingStrategy #DataAnalytics,4997,7346,100.0,23,10,20,0,269
LI_0417,3,LinkedIn,2025-04-15,20:54:36,Text,Discover how User Experience is transforming the industry! What are your thoughts? #Productivity #SocialMedia2025,#Productivity #SocialMedia2025,1348,1874,59.0,4,7,14,0,54
LI_0418,3,LinkedIn,2025-01-05,09:03:21,Image,Discover how Customer Engagement is transforming the industry! What are your thoughts? #DigitalMarketing #Coding #AI,#DigitalMarketing #Coding #AI,3190,4098,152.0,8,13,14,0,149
LI_0419,3,LinkedIn,2025-02-18,17:49:59,Video,Discover how User Experience is transforming the industry! What are your thoughts? #Productivity #MachineLearning #MarketingStrategy #SocialMedia2025,#Productivity #MachineLearning #MarketingStrategy #SocialMedia2025,3954,4678,80.0,17,8,23,2388,152
LI_0420,3,LinkedIn,2025-04-10,04:26:52,Video,We are excited to announce our newest breakthrough in Brand Strategy. Check out the link below! #MarketingStrategy #MachineLearning #DataAnalytics,#MarketingStrategy #MachineLearning #DataAnalytics,8789,13068,201.0,30,18,59,6362,367
LI_0421,3,LinkedIn,2025-12-25,11:08:36,Text,Unpopular opinion about Social Media ROI: Most teams are doing it wrong. Here is why... #MachineLearning #Productivity #StartupLife,#MachineLearning #Productivity #StartupLife,613,720,16.0,1,0,1,0,21
LI_0422,3,LinkedIn,2025-10-06,20:06:13,Text,,#AI #Leadership,784,992,27.0,6,3,4,0,39
LI_0423,3,LinkedIn,2025-10-06,15:43:12,Article/Link,Quick question for our community: How do you handle Social Media ROI in your daily workflow? #Innovation #DataAnalytics,#Innovation #DataAnalytics,1495,2368,56.0,10,5,3,0,39
LI_0424,3,LinkedIn,2025-08-16,18:03:21,Image,Sunday motivation: Start your week with a fresh mindset on AI Workflow. #DesignThinking #Leadership,#DesignThinking #Leadership,3035,4844,198.0,28,28,27,0,68
LI_0425,3,LinkedIn,2025-07-19,00:01:13,Article/Link,,#Coding #TechTrends #DesignThinking #AI,3658,4488,243.0,21,27,44,0,105
LI_0426,3,LinkedIn,2025-08-10,02:33:40,Document/Carousel,Why User Experience matters more than ever for modern business growth. #TechTrends #StartupLife,#TechTrends #StartupLife,8374,13551,543.0,106,51,124,0,284
LI_0427,3,LinkedIn,23/02/2025,23:03:41,Article/Link,Unpopular opinion about Python Automation: Most teams are doing it wrong. Here is why... #Coding,#Coding,2680,4351,195.0,36,26,10,0,75
LI_0428,3,LinkedIn,2025-09-20,14:26:18,Image,Why Cloud Scale matters more than ever for modern business growth. #DesignThinking #DataAnalytics #Innovation,#DesignThinking #DataAnalytics #Innovation,3209,5128,236.0,12,4,18,0,126
LI_0429,3,LinkedIn,2025-12-01,10:49:13,Article/Link,Behind the scenes at our team workshop on Executive Leadership. Innovation starts here! #Productivity #DesignThinking #DigitalMarketing,#Productivity #DesignThinking #DigitalMarketing,3654,5175,200.0,43,23,9,0,153
LI_0430,3,LinkedIn,08-20-2025,12:54:45,Image,Behind the scenes at our team workshop on Python Automation. Innovation starts here! #Coding,#Coding,6267,10927,204.0,35,12,39,0,285
LI_0431,3,LinkedIn,12-27-2025,20:50:12,Article/Link,Unpopular opinion about Cloud Scale: Most teams are doing it wrong. Here is why... #Leadership #SocialMedia2025 #DesignThinking,#Leadership #SocialMedia2025 #DesignThinking,3217,4476,254.0,40,17,41,0,192
LI_0432,3,LinkedIn,2025-12-22,07:39:52,Text,Unpopular opinion about AI Workflow: Most teams are doing it wrong. Here is why... #Leadership #BusinessTips #AI #StartupLife,#Leadership #BusinessTips #AI #StartupLife,531,816,26.0,4,1,1,0,10
LI_0433,3,LinkedIn,2025-05-01,06:53:04,Document/Carousel,Discover how User Experience is transforming the industry! What are your thoughts? #MarketingStrategy #SocialMedia2025 #GrowthHacking,#MarketingStrategy #SocialMedia2025 #GrowthHacking,2770,4530,215.0,50,23,26,0,54
LI_0434,3,LinkedIn,2025-06-19,04:19:41,Text,Unpopular opinion about Social Media ROI: Most teams are doing it wrong. Here is why... #Innovation #MachineLearning #TechTrends,#Innovation #MachineLearning #TechTrends,929,1196,45.0,4,5,4,0,10
LI_0435,3,LinkedIn,12-22-2025,16:26:16,Image,Mastering Social Media ROI in under 10 minutes. Read our full step-by-step guide now! #TechTrends,#TechTrends,2114,2613,165.0,17,23,18,0,50
LI_0436,3,LinkedIn,2025-02-25,20:03:42,Document/Carousel,Discover how AI Workflow is transforming the industry! What are your thoughts? #Leadership #StartupLife,#Leadership #StartupLife,5603,7879,248.0,57,10,13,0,330
LI_0437,3,LinkedIn,2025-07-06,14:03:40,Text,,#DataAnalytics #StartupLife #TechTrends,2630,4622,144.0,8,21,10,0,70
LI_0438,3,LinkedIn,07/11/2025,11:20:43,Video,Unpopular opinion about Content Marketing: Most teams are doing it wrong. Here is why... #Leadership #BusinessTips,#Leadership #BusinessTips,6917,8881,480.0,27,42,101,5619,207
LI_0439,3,LinkedIn,14/03/2025,15:26:26,Document/Carousel,We are excited to announce our newest breakthrough in Data Analytics. Check out the link below! #StartupLife #MarketingStrategy,#StartupLife #MarketingStrategy,4587,8092,277.0,36,22,51,0,144
LI_0440,3,LinkedIn,2025-02-04,12:24:24,Video,Sunday motivation: Start your week with a fresh mindset on Data Analytics. #DataAnalytics,#DataAnalytics,5503,8409,260.0,44,35,71,3253,255
LI_0441,3,LinkedIn,2025-12-18,08:25:05,Image,Sunday motivation: Start your week with a fresh mindset on User Experience. #Innovation #BusinessTips,#Innovation #BusinessTips,662,884,14.0,0,0,1,0,35
LI_0442,3,LinkedIn,2025-04-30,23:45:07,Article/Link,Sunday motivation: Start your week with a fresh mindset on Social Media ROI. #DesignThinking #TechTrends #GrowthHacking #DigitalMarketing,#DesignThinking #TechTrends #GrowthHacking #DigitalMarketing,2048,3029,150.0,31,20,42,0,26
LI_0443,3,LinkedIn,12-22-2025,00:56:20,Video,Behind the scenes at our team workshop on Python Automation. Innovation starts here! #Coding,#Coding,7919,10737,433.0,33,58,65,3219,304
LI_0444,3,LinkedIn,2025-05-16,16:01:06,Article/Link,Unpopular opinion about Brand Strategy: Most teams are doing it wrong. Here is why... #GrowthHacking #Leadership,#GrowthHacking #Leadership,1962,2502,97.0,22,5,13,0,99
LI_0445,3,LinkedIn,2025-08-28,16:40:50,Image,Sunday motivation: Start your week with a fresh mindset on Python Automation. #MarketingStrategy,#MarketingStrategy,4186,7398,122.0,13,8,3,0,167
LI_0446,3,LinkedIn,2025-12-18,02:35:32,Text,,#Leadership,21999,34138,1682.0,95,118,366,0,816
LI_0447,3,LinkedIn,2025-11-25,14:36:54,Text,Why User Experience matters more than ever for modern business growth. #StartupLife #AI #MarketingStrategy,#StartupLife #AI #MarketingStrategy,1826,2166,55.0,11,2,9,0,51
LI_0448,3,LinkedIn,2025-07-24,00:39:20,Document/Carousel,Why AI Workflow matters more than ever for modern business growth. #SocialMedia2025 #TechTrends #Coding,#SocialMedia2025 #TechTrends #Coding,62153,98481,4149.0,775,345,1122,0,1762
LI_0449,3,LinkedIn,2025-01-29,17:09:33,Image,Case study alert: How we boosted results by 350% using Customer Engagement. #DataAnalytics #BusinessTips,#DataAnalytics #BusinessTips,4917,7463,231.0,18,32,29,0,213
LI_0450,3,LinkedIn,2025-10-20,00:01:06,Text,Case study alert: How we boosted results by 350% using Data Analytics. #Leadership,#Leadership,541,661,22.0,1,2,3,0,9
LI_0451,3,LinkedIn,2025-11-13,06:23:39,Image,Why Social Media ROI matters more than ever for modern business growth. #GrowthHacking #Innovation #DesignThinking #Productivity,#GrowthHacking #Innovation #DesignThinking #Productivity,3334,5284,199.0,47,20,52,0,103
LI_0452,3,LinkedIn,2025-06-08,09:15:45,Video,Sunday motivation: Start your week with a fresh mindset on Brand Strategy. #BusinessTips #StartupLife,#BusinessTips #StartupLife,3586,5572,83.0,5,4,9,2723,114
LI_0453,3,LinkedIn,07/07/2025,03:22:58,Video,Why Content Marketing matters more than ever for modern business growth. #Coding #DesignThinking #Innovation #DataAnalytics,#Coding #DesignThinking #Innovation #DataAnalytics,8819,12142,479.0,98,47,57,4035,386
LI_0454,3,LinkedIn,2025-06-13,12:30:23,Image,Quick question for our community: How do you handle Executive Leadership in your daily workflow? #Innovation #StartupLife #TechTrends,#Innovation #StartupLife #TechTrends,6590,9052,333.0,34,32,6,0,85
LI_0455,3,LinkedIn,2025-03-29,10:18:45,Article/Link,Sunday motivation: Start your week with a fresh mindset on Executive Leadership. #DigitalMarketing #GrowthHacking #TechTrends,#DigitalMarketing #GrowthHacking #TechTrends,2275,2835,80.0,16,4,23,0,106
LI_0456,3,LinkedIn,2025-01-30,18:51:45,Image,Case study alert: How we boosted results by 350% using Cloud Scale. #BusinessTips #StartupLife #Coding,#BusinessTips #StartupLife #Coding,7070,11374,394.0,84,11,44,0,274
LI_0457,3,LinkedIn,2025-12-04,16:31:41,Video,Discover how Customer Engagement is transforming the industry! What are your thoughts? #Coding,#Coding,2516,4279,90.0,10,13,13,2179,26
LI_0458,3,LinkedIn,22/10/2025,18:49:29,Text,Sunday motivation: Start your week with a fresh mindset on Cloud Scale. #MachineLearning,,1060,1728,39.0,9,2,8,0,25
LI_0459,3,LinkedIn,05-07-2025,16:35:25,Text,We are excited to announce our newest breakthrough in Cloud Scale. Check out the link below! #StartupLife #Leadership #DesignThinking,#StartupLife #Leadership #DesignThinking,2102,2986,104.0,16,13,11,0,36
LI_0460,3,LinkedIn,08/08/2025,22:33:41,Document/Carousel,Why User Experience matters more than ever for modern business growth. #Innovation #SocialMedia2025 #Productivity #Leadership,#Innovation #SocialMedia2025 #Productivity #Leadership,3221,4699,235.0,47,34,18,0,32
LI_0461,3,LinkedIn,2025-10-25,07:45:22,Image,Top 5 actionable strategies for Brand Strategy in 2025. Save this post for later! #MarketingStrategy #MachineLearning #Leadership #GrowthHacking,#MarketingStrategy #MachineLearning #Leadership #GrowthHacking,4038,5151,297.0,45,6,16,0,96
LI_0462,3,LinkedIn,2025-11-06,08:49:32,Article/Link,Top 5 actionable strategies for Python Automation in 2025. Save this post for later! #Coding,#Coding,1771,2943,49.0,3,6,12,0,23
LI_0463,3,LinkedIn,2025-06-21,22:19:45,Image,Discover how Brand Strategy is transforming the industry! What are your thoughts? #AI #BusinessTips,#AI #BusinessTips,1409,2176,53.0,5,2,7,0,61
LI_0464,3,LinkedIn,2025-09-09,02:27:15,Video,Mastering Customer Engagement in under 10 minutes. Read our full step-by-step guide now! #Leadership #Productivity #GrowthHacking,#Leadership #Productivity #GrowthHacking,1688,2809,46.0,3,4,0,1134,32
LI_0465,3,LinkedIn,2025-07-22,15:09:11,Article/Link,Unpopular opinion about Brand Strategy: Most teams are doing it wrong. Here is why... #SocialMedia2025 #BusinessTips #Productivity,#SocialMedia2025 #BusinessTips #Productivity,1487,2503,36.0,8,1,9,0,65
LI_0466,3,LinkedIn,2025-12-06,19:03:11,Text,Quick question for our community: How do you handle Python Automation in your daily workflow? #Coding,#Coding,4382,6016,330.0,56,39,20,0,153
LI_0467,3,LinkedIn,27/05/2025,16:20:52,Article/Link,Top 5 actionable strategies for Social Media ROI in 2025. Save this post for later! #DataAnalytics,#DataAnalytics,3234,3936,184.0,29,25,6,0,150
LI_0468,3,LinkedIn,09/01/2025,07:34:21,Text,Why Cloud Scale matters more than ever for modern business growth. #DigitalMarketing #MarketingStrategy #DesignThinking #Leadership,#DigitalMarketing #MarketingStrategy #DesignThinking #Leadership,961,1692,59.0,12,2,3,0,31
LI_0469,3,LinkedIn,01-04-2025,18:24:58,Text,Why Executive Leadership matters more than ever for modern business growth. #Productivity #DigitalMarketing,#Productivity #DigitalMarketing,6457,7135,199.0,31,25,17,0,269
LI_0470,3,LinkedIn,2025-11-22,13:24:31,Article/Link,We are excited to announce our newest breakthrough in Python Automation. Check out the link below! #DataAnalytics #StartupLife,#DataAnalytics #StartupLife,5093,7216,298.0,60,8,31,0,137
LI_0471,3,LinkedIn,2025-03-06,16:49:52,Video,Discover how Social Media ROI is transforming the industry! What are your thoughts? #Productivity #DesignThinking #Leadership,#Productivity #DesignThinking #Leadership,2666,3407,175.0,42,11,18,2277,96
LI_0472,3,LinkedIn,24/10/2025,16:22:45,Text,Why Data Analytics matters more than ever for modern business growth. #AI #Coding #BusinessTips,#AI #Coding #BusinessTips,2521,4457,104.0,17,10,27,0,75
LI_0473,3,LinkedIn,2025-06-25,13:50:22,Article/Link,Why Customer Engagement matters more than ever for modern business growth. #MachineLearning #StartupLife #BusinessTips,#MachineLearning #StartupLife #BusinessTips,1684,2691,96.0,6,10,8,0,67
LI_0474,3,LinkedIn,2025-01-15,00:23:05,Text,Behind the scenes at our team workshop on Social Media ROI. Innovation starts here! #StartupLife #Innovation,#StartupLife #Innovation,2697,4085,190.0,45,14,3,0,82
LI_0475,3,LinkedIn,02-13-2025,04:41:18,Image,Discover how Content Marketing is transforming the industry! What are your thoughts? #Innovation #SocialMedia2025,#Innovation #SocialMedia2025,2055,3620,102.0,22,7,17,0,46
LI_0476,3,LinkedIn,2025-10-08,02:45:21,Image,Why AI Workflow matters more than ever for modern business growth. #Productivity #DataAnalytics #Coding,#Productivity #DataAnalytics #Coding,5360,7119,254.0,19,26,38,0,190
LI_0477,3,LinkedIn,2025-07-07,22:08:31,Document/Carousel,Quick question for our community: How do you handle Brand Strategy in your daily workflow? #MachineLearning #Innovation #StartupLife #DigitalMarketing,#MachineLearning #Innovation #StartupLife #DigitalMarketing,3732,5001,202.0,49,4,22,0,204
LI_0478,3,LinkedIn,2025-12-30,22:59:37,Image,Top 5 actionable strategies for Customer Engagement in 2025. Save this post for later! #Coding #Productivity #DigitalMarketing,#Coding #Productivity #DigitalMarketing,4288,7544,263.0,20,34,71,0,73
LI_0479,3,LinkedIn,09-29-2025,23:29:32,Video,Sunday motivation: Start your week with a fresh mindset on AI Workflow. #StartupLife #GrowthHacking #AI #DesignThinking,#StartupLife #GrowthHacking #AI #DesignThinking,2877,3767,214.0,31,24,21,1237,58
LI_0480,3,LinkedIn,17/07/2025,22:40:52,Text,Case study alert: How we boosted results by 350% using Content Marketing. #SocialMedia2025,#SocialMedia2025,4129,5086,263.0,49,13,57,0,60
LI_0481,3,LinkedIn,2025-05-27,00:20:59,Video,Unpopular opinion about User Experience: Most teams are doing it wrong. Here is why... #DesignThinking #BusinessTips,#DesignThinking #BusinessTips,9201,15183,501.0,34,61,17,6218,109
LI_0482,3,LinkedIn,2025-10-20,11:32:27,Image,Sunday motivation: Start your week with a fresh mindset on Data Analytics. #Coding #Productivity #Leadership,#Coding #Productivity #Leadership,1164,1932,69.0,15,4,8,0,16
LI_0483,3,LinkedIn,2025-02-28,07:25:31,Video,Unpopular opinion about Customer Engagement: Most teams are doing it wrong. Here is why... #Leadership #AI #DataAnalytics,#Leadership #AI #DataAnalytics,7744,10862,236.0,33,21,8,5008,189
LI_0484,3,LinkedIn,2025-03-26,22:32:45,Video,Discover how Cloud Scale is transforming the industry! What are your thoughts? #DataAnalytics,#DataAnalytics,6834,8977,150.0,26,21,3,4595,248
LI_0485,3,LinkedIn,2025-07-04,05:44:40,Document/Carousel,We are excited to announce our newest breakthrough in AI Workflow. Check out the link below! #SocialMedia2025,#SocialMedia2025,2710,3589,210.0,41,23,7,0,157
LI_0486,3,LinkedIn,2025-07-24,17:48:21,Article/Link,Case study alert: How we boosted results by 350% using AI Workflow. #AI #TechTrends #StartupLife #DataAnalytics,#AI #TechTrends #StartupLife #DataAnalytics,691,815,34.0,6,1,3,0,36
LI_0487,3,LinkedIn,2025-01-12,09:03:58,Article/Link,Top 5 actionable strategies for User Experience in 2025. Save this post for later! #BusinessTips #TechTrends #Leadership,#BusinessTips #TechTrends #Leadership,2144,3513,87.0,18,7,9,0,96
LI_0488,3,LinkedIn,2025-04-26,02:44:22,Video,Why AI Workflow matters more than ever for modern business growth. #TechTrends #Productivity #DataAnalytics #StartupLife,#TechTrends #Productivity #DataAnalytics #StartupLife,5977,6896,353.0,77,41,82,3333,325
LI_0489,3,LinkedIn,2025-04-07,20:52:27,Video,Discover how Data Analytics is transforming the industry! What are your thoughts? #BusinessTips #Productivity #Leadership #TechTrends,#BusinessTips #Productivity #Leadership #TechTrends,10865,15013,606.0,131,43,126,5680,497
LI_0490,3,LinkedIn,2025-01-31,01:03:57,Article/Link,Discover how Cloud Scale is transforming the industry! What are your thoughts? #DesignThinking,#DesignThinking,3326,3811,197.0,31,9,12,0,82
LI_0491,3,LinkedIn,2025-10-01,17:52:25,Document/Carousel,We are excited to announce our newest breakthrough in Cloud Scale. Check out the link below! #Innovation #StartupLife,#Innovation #StartupLife,3686,5943,259.0,38,9,66,0,96
LI_0492,3,LinkedIn,2025-10-09,12:17:38,Article/Link,Sunday motivation: Start your week with a fresh mindset on Brand Strategy. #DataAnalytics,#DataAnalytics,5319,9405,355.0,86,49,57,0,97
LI_0493,3,LinkedIn,2025-04-16,19:56:41,Video,Case study alert: How we boosted results by 350% using Python Automation. #MarketingStrategy #DataAnalytics,#MarketingStrategy #DataAnalytics,5582,7059,197.0,24,11,26,4464,200
LI_0494,3,LinkedIn,2025-07-21,08:24:22,Image,,#BusinessTips,2589,4461,141.0,20,3,12,0,92
LI_0495,3,LinkedIn,2025-05-18,09:12:49,Article/Link,Behind the scenes at our team workshop on Executive Leadership. Innovation starts here! #SocialMedia2025 #AI,#SocialMedia2025 #AI,2769,4774,67.0,10,2,6,0,154
LI_0496,3,LinkedIn,2025-09-22,22:07:15,Image,Behind the scenes at our team workshop on Brand Strategy. Innovation starts here! #GrowthHacking #MachineLearning #StartupLife,#GrowthHacking #MachineLearning #StartupLife,2692,3447,173.0,25,9,27,0,61
LI_0497,3,LinkedIn,2025-04-29,18:11:53,Article/Link,Behind the scenes at our team workshop on Data Analytics. Innovation starts here! #DigitalMarketing #DesignThinking,#DigitalMarketing #DesignThinking,2253,4042,159.0,19,11,21,0,23
LI_0498,3,LinkedIn,07-31-2025,23:25:48,Video,Mastering Executive Leadership in under 10 minutes. Read our full step-by-step guide now! #DataAnalytics #SocialMedia2025,#DataAnalytics #SocialMedia2025,5663,7287,155.0,10,20,44,3525,303
LI_0499,3,LinkedIn,2025-07-08,23:57:41,Image,Why User Experience matters more than ever for modern business growth. #Productivity #StartupLife #Coding,#Productivity #StartupLife #Coding,5255,6492,114.0,22,10,14,0,293
LI_0500,3,LinkedIn,30/07/2025,09:27:09,Image,Behind the scenes at our team workshop on Content Marketing. Innovation starts here! #Productivity #SocialMedia2025 #StartupLife,#Productivity #SocialMedia2025 #StartupLife,1749,2836,84.0,11,1,11,0,88
LI_0501,3,LinkedIn,2025-06-21,04:31:07,Video,Mastering User Experience in under 10 minutes. Read our full step-by-step guide now! #DigitalMarketing #Coding #Innovation,#DigitalMarketing #Coding #Innovation,4280,5122,107.0,21,11,27,3206,118
LI_0502,3,LinkedIn,2025-01-04,00:26:10,Image,Why Executive Leadership matters more than ever for modern business growth. #DigitalMarketing #Coding,#DigitalMarketing #Coding,5215,8281,204.0,17,12,8,0,158
LI_0503,3,LinkedIn,2025-05-23,18:43:41,Image,Why Data Analytics matters more than ever for modern business growth. #AI,#AI,114051,135471,7153.0,763,753,1001,0,6569
LI_0504,3,LinkedIn,2025-10-17,10:59:09,Image,Unpopular opinion about Customer Engagement: Most teams are doing it wrong. Here is why... #StartupLife #MachineLearning,#StartupLife #MachineLearning,2692,3243,214.0,45,19,41,0,91
LI_0505,3,LinkedIn,2025-07-27,23:58:22,Document/Carousel,Mastering AI Workflow in under 10 minutes. Read our full step-by-step guide now! #TechTrends #MarketingStrategy,#TechTrends #MarketingStrategy,4043,6250,311.0,44,39,33,0,153
LI_0506,3,LinkedIn,09-26-2025,17:03:59,Document/Carousel,Why User Experience matters more than ever for modern business growth. #AI #MachineLearning #TechTrends,#AI #MachineLearning #TechTrends,1916,3433,52.0,5,3,4,0,87
LI_0507,3,LinkedIn,2025-09-16,08:46:43,Document/Carousel,Behind the scenes at our team workshop on Executive Leadership. Innovation starts here! #DesignThinking #DigitalMarketing #MarketingStrategy,#DesignThinking #DigitalMarketing #MarketingStrategy,4962,8791,341.0,62,47,88,0,239
LI_0508,3,LinkedIn,12-09-2025,17:34:48,Document/Carousel,Case study alert: How we boosted results by 350% using Executive Leadership. #TechTrends #Coding #Leadership #SocialMedia2025,#TechTrends #Coding #Leadership #SocialMedia2025,6143,8222,186.0,43,7,42,0,284
LI_0509,3,LinkedIn,2025-03-26,14:47:18,Document/Carousel,Discover how Data Analytics is transforming the industry! What are your thoughts? #StartupLife #BusinessTips #Productivity #MachineLearning,#StartupLife #BusinessTips #Productivity #MachineLearning,6959,12090,491.0,78,23,86,0,416
LI_0510,3,LinkedIn,2025-12-09,19:16:56,Image,Why Data Analytics matters more than ever for modern business growth. #DataAnalytics,#DataAnalytics,85038,152107,3981.0,844,331,936,0,3094
LI_0511,3,LinkedIn,2025-12-27,15:49:29,Document/Carousel,Discover how Content Marketing is transforming the industry! What are your thoughts? #TechTrends #Leadership,#TechTrends #Leadership,8265,12070,300.0,31,12,63,0,262
LI_0512,3,LinkedIn,2025-12-17,06:24:28,Article/Link,Quick question for our community: How do you handle Data Analytics in your daily workflow? #DesignThinking #DigitalMarketing #StartupLife #Productivity,#DesignThinking #DigitalMarketing #StartupLife #Productivity,1880,2630,82.0,15,2,15,0,33
LI_0513,3,LinkedIn,2025-09-02,21:01:20,Image,We are excited to announce our newest breakthrough in Content Marketing. Check out the link below! #GrowthHacking #DesignThinking #MarketingStrategy,#GrowthHacking #DesignThinking #MarketingStrategy,4976,6099,282.0,69,7,13,0,234
LI_0514,3,LinkedIn,2025-07-10,16:08:24,Image,Behind the scenes at our team workshop on User Experience. Innovation starts here! #Leadership,#Leadership,876,1197,35.0,4,2,6,0,20
LI_0515,3,LinkedIn,2025-06-25,20:18:55,Document/Carousel,Quick question for our community: How do you handle User Experience in your daily workflow? #TechTrends,#TechTrends,12734,17567,960.0,126,135,63,0,440
LI_0516,3,LinkedIn,2025-09-30,12:55:24,Video,Unpopular opinion about Cloud Scale: Most teams are doing it wrong. Here is why... #Leadership #MarketingStrategy,#Leadership #MarketingStrategy,4351,5812,,16,11,18,2766,210
LI_0517,3,LinkedIn,2025-12-21,21:15:54,Video,Why Customer Engagement matters more than ever for modern business growth. #DataAnalytics,#DataAnalytics,48848,79776,2978.0,525,267,729,24681,1174
LI_0518,3,LinkedIn,2025-07-04,23:30:29,Document/Carousel,Top 5 actionable strategies for Data Analytics in 2025. Save this post for later! #Leadership #DataAnalytics #Coding,#Leadership #DataAnalytics #Coding,7535,11673,318.0,75,34,47,0,233
LI_0519,3,LinkedIn,2025-12-01,22:51:31,Article/Link,We are excited to announce our newest breakthrough in Brand Strategy. Check out the link below! #DigitalMarketing #MachineLearning #Productivity,#DigitalMarketing #MachineLearning #Productivity,2043,3243,137.0,19,14,18,0,23
LI_0520,3,LinkedIn,04-12-2025,23:34:54,Document/Carousel,We are excited to announce our newest breakthrough in Python Automation. Check out the link below! #Innovation #DataAnalytics #DigitalMarketing,#Innovation #DataAnalytics #DigitalMarketing,5512,8515,299.0,28,23,81,0,184
LI_0521,3,LinkedIn,2025-12-13,07:41:25,Article/Link,,#MarketingStrategy #AI,2955,4955,133.0,15,8,4,0,130
LI_0522,3,LinkedIn,2025-08-11,23:38:31,Image,Why Python Automation matters more than ever for modern business growth. #DataAnalytics #DigitalMarketing #Leadership #BusinessTips,#DataAnalytics #DigitalMarketing #Leadership #BusinessTips,2385,3572,144.0,19,5,25,0,110
LI_0523,3,LinkedIn,2025-06-21,06:44:34,Text,Quick question for our community: How do you handle Python Automation in your daily workflow? #MarketingStrategy #AI,#MarketingStrategy #AI,3384,4295,205.0,22,19,60,0,72
LI_0524,3,LinkedIn,2025-05-28,00:15:46,Document/Carousel,Mastering Brand Strategy in under 10 minutes. Read our full step-by-step guide now! #DesignThinking #MachineLearning #DigitalMarketing,#DesignThinking #MachineLearning #DigitalMarketing,7351,11445,234.0,33,20,17,0,93
LI_0525,3,LinkedIn,2025-08-28,07:25:41,Text,Mastering Content Marketing in under 10 minutes. Read our full step-by-step guide now! #GrowthHacking #MachineLearning,#GrowthHacking #MachineLearning,2225,3568,154.0,12,17,14,0,78
LI_0526,3,LinkedIn,2025-08-07,14:15:06,Image,Sunday motivation: Start your week with a fresh mindset on User Experience. #TechTrends,#TechTrends,58212,93371,3704.0,739,174,959,0,1031
LI_0527,3,LinkedIn,2025-10-13,20:47:24,Video,Behind the scenes at our team workshop on Executive Leadership. Innovation starts here! #Innovation #GrowthHacking #StartupLife,#Innovation #GrowthHacking #StartupLife,16674,27620,1120.0,194,25,75,7476,512
LI_0528,3,LinkedIn,07-07-2025,23:14:49,Image,Unpopular opinion about Data Analytics: Most teams are doing it wrong. Here is why... #GrowthHacking #DesignThinking #Leadership,#GrowthHacking #DesignThinking #Leadership,3088,5474,216.0,21,18,15,0,179
LI_0529,3,LinkedIn,2025-01-30,11:51:14,Document/Carousel,Top 5 actionable strategies for Data Analytics in 2025. Save this post for later! #BusinessTips #Coding #GrowthHacking,#BusinessTips #Coding #GrowthHacking,4573,7587,174.0,24,5,28,0,218
LI_0530,3,LinkedIn,2025-05-16,12:54:59,Text,Discover how Cloud Scale is transforming the industry! What are your thoughts? #Innovation #DataAnalytics #SocialMedia2025,#Innovation #DataAnalytics #SocialMedia2025,5189,5917,178.0,27,16,32,0,226
LI_0531,3,LinkedIn,03-26-2025,09:39:22,Article/Link,,#DigitalMarketing #SocialMedia2025 #BusinessTips,3768,4637,98.0,11,2,7,0,122
LI_0532,3,LinkedIn,2025-06-08,15:16:38,Text,Behind the scenes at our team workshop on Python Automation. Innovation starts here! #Coding,#Coding,659,944,23.0,2,1,6,0,10
LI_0533,3,LinkedIn,2025-04-01,04:12:57,Image,Mastering Content Marketing in under 10 minutes. Read our full step-by-step guide now! #MachineLearning #GrowthHacking #Productivity #SocialMedia2025,#MachineLearning #GrowthHacking #Productivity #SocialMedia2025,4794,7628,279.0,64,7,66,0,120
LI_0534,3,LinkedIn,2025-07-10,04:46:13,Text,Unpopular opinion about Python Automation: Most teams are doing it wrong. Here is why... #AI,#AI,1659,1825,119.0,9,7,30,0,32
LI_0535,3,LinkedIn,2025-01-16,02:29:48,Article/Link,Case study alert: How we boosted results by 350% using Brand Strategy. #AI #SocialMedia2025 #Coding #GrowthHacking,#AI #SocialMedia2025 #Coding #GrowthHacking,2921,4550,74.0,8,6,13,0,56
LI_0536,3,LinkedIn,2025-07-02,12:14:05,Image,Mastering User Experience in under 10 minutes. Read our full step-by-step guide now! #Productivity #Innovation,#Productivity #Innovation,1747,2451,104.0,6,2,1,0,44
LI_0537,3,LinkedIn,25/03/2025,20:20:03,Article/Link,Mastering Data Analytics in under 10 minutes. Read our full step-by-step guide now! #Coding #MachineLearning #AI #Innovation,#Coding #MachineLearning #AI #Innovation,5683,7126,390.0,25,17,69,0,103
LI_0538,3,LinkedIn,2025-05-16,01:30:19,Video,Why Executive Leadership matters more than ever for modern business growth. #Coding,#Coding,6155,8273,180.0,25,16,22,2788,274
LI_0539,3,LinkedIn,2025-03-09,01:11:42,Image,Why Python Automation matters more than ever for modern business growth. #AI #BusinessTips #GrowthHacking,#AI #BusinessTips #GrowthHacking,1627,1923,74.0,16,2,2,0,26
LI_0540,3,LinkedIn,2025-04-28,22:22:34,Video,Quick question for our community: How do you handle Content Marketing in your daily workflow? #MarketingStrategy,#MarketingStrategy,9583,13948,476.0,92,17,64,4555,150
LI_0541,3,LinkedIn,2025-10-12,23:57:39,Document/Carousel,Sunday motivation: Start your week with a fresh mindset on AI Workflow. #Coding,#Coding,6150,9221,272.0,43,39,31,0,167
LI_0542,3,LinkedIn,2025-04-22,15:22:17,Image,Case study alert: How we boosted results by 350% using Python Automation. #DesignThinking #AI #MachineLearning,#DesignThinking #AI #MachineLearning,2124,3447,145.0,31,19,30,0,94
LI_0543,3,LinkedIn,2025-10-10,08:35:44,Document/Carousel,Discover how Brand Strategy is transforming the industry! What are your thoughts? #DigitalMarketing #Innovation #GrowthHacking,#DigitalMarketing #Innovation #GrowthHacking,1013,1596,71.0,8,9,11,0,31
LI_0544,3,LinkedIn,2025-07-23,15:44:09,Video,Why User Experience matters more than ever for modern business growth. #Innovation #StartupLife #TechTrends,#Innovation #StartupLife #TechTrends,6993,9034,267.0,48,28,25,4052,395
LI_0545,3,LinkedIn,2025-06-11,06:56:13,Document/Carousel,Top 5 actionable strategies for Customer Engagement in 2025. Save this post for later! #BusinessTips #DesignThinking #Coding #Innovation,#BusinessTips #DesignThinking #Coding #Innovation,7580,9374,195.0,46,28,29,0,274
LI_0546,3,LinkedIn,11/12/2025,13:39:54,Article/Link,Mastering User Experience in under 10 minutes. Read our full step-by-step guide now! #MarketingStrategy,#MarketingStrategy,4856,8595,121.0,24,8,28,0,179
LI_0547,3,LinkedIn,2025-09-25,04:38:28,Text,Mastering Cloud Scale in under 10 minutes. Read our full step-by-step guide now! #Leadership #StartupLife #TechTrends #AI,#Leadership #StartupLife #TechTrends #AI,1043,1510,51.0,9,1,1,0,29
LI_0548,3,LinkedIn,2025-03-17,11:44:03,Video,Mastering Content Marketing in under 10 minutes. Read our full step-by-step guide now! #MarketingStrategy #GrowthHacking #MachineLearning,#MarketingStrategy #GrowthHacking #MachineLearning,1086,1438,76.0,16,4,9,468,20
LI_0549,3,LinkedIn,2025-03-18,00:18:01,Video,Unpopular opinion about Brand Strategy: Most teams are doing it wrong. Here is why... #DesignThinking #AI,#DesignThinking #AI,6086,8277,272.0,31,39,51,3311,106
LI_0550,3,LinkedIn,2025-01-04,22:00:37,Video,Unpopular opinion about User Experience: Most teams are doing it wrong. Here is why... #Coding #DigitalMarketing #MachineLearning,#Coding #DigitalMarketing #MachineLearning,8786,11369,543.0,113,30,10,7482,494
LI_0196,3,LinkedIn,2025-01-25,05:09:14,Article/Link,Behind the scenes at our team workshop on Social Media ROI. Innovation starts here! #DigitalMarketing #StartupLife,#DigitalMarketing #StartupLife,3400,6035,139.0,25,18,29,0,109
LI_0080,3,LinkedIn,2025-12-15,11:38:46,Text,Why User Experience matters more than ever for modern business growth. #GrowthHacking,#GrowthHacking,4061,4694,237.0,36,22,29,0,236
LI_0481,3,LinkedIn,2025-05-27,00:20:59,Video,Unpopular opinion about User Experience: Most teams are doing it wrong. Here is why... #DesignThinking #BusinessTips,#DesignThinking #BusinessTips,9201,15183,501.0,34,61,17,6218,109
LI_0110,3,LinkedIn,2025-04-18,18:24:20,Document/Carousel,Discover how Executive Leadership is transforming the industry! What are your thoughts? #DataAnalytics #SocialMedia2025 #TechTrends #MarketingStrategy,#DataAnalytics #SocialMedia2025 #TechTrends #MarketingStrategy,6550,7897,364.0,67,15,102,0,323
LI_0523,3,LinkedIn,2025-06-21,06:44:34,Text,Quick question for our community: How do you handle Python Automation in your daily workflow? #MarketingStrategy #AI,#MarketingStrategy #AI,3384,4295,205.0,22,19,60,0,72
LI_0533,3,LinkedIn,2025-04-01,04:12:57,Image,Mastering Content Marketing in under 10 minutes. Read our full step-by-step guide now! #MachineLearning #GrowthHacking #Productivity #SocialMedia2025,#MachineLearning #GrowthHacking #Productivity #SocialMedia2025,4794,7628,279.0,64,7,66,0,120
LI_0085,3,LinkedIn,2025-12-04,02:34:13,Document/Carousel,Why Social Media ROI matters more than ever for modern business growth. #DesignThinking,#DesignThinking,3570,4137,251.0,47,9,30,0,198
LI_0369,3,LinkedIn,2025-02-05,22:26:42,Text,Quick question for our community: How do you handle AI Workflow in your daily workflow? #MachineLearning #Leadership #DesignThinking,#MachineLearning #Leadership #DesignThinking,4123,7115,179.0,37,7,28,0,175
LI_0133,3,LinkedIn,2025-05-29,05:35:06,Text,Quick question for our community: How do you handle Executive Leadership in your daily workflow? #AI,#AI,1675,2532,47.0,3,6,6,0,37
LI_0365,3,LinkedIn,2025-03-31,18:41:30,Video,Top 5 actionable strategies for Brand Strategy in 2025. Save this post for later! #DataAnalytics #Coding #DesignThinking #SocialMedia2025,#DataAnalytics #Coding #DesignThinking #SocialMedia2025,5403,9476,183.0,21,18,46,2723,102
LI_0185,3,LinkedIn,2025-10-06,07:24:38,Video,Case study alert: How we boosted results by 350% using Python Automation. #StartupLife #Innovation #BusinessTips #TechTrends,#StartupLife #Innovation #BusinessTips #TechTrends,10579,15637,468.0,91,48,99,6247,556
LI_0011,3,LinkedIn,2025-11-30,01:44:19,Document/Carousel,Mastering Python Automation in under 10 minutes. Read our full step-by-step guide now! #MarketingStrategy,#MarketingStrategy,4657,7228,323.0,45,13,63,0,129
LI_0074,3,LinkedIn,2025-01-06,07:52:38,Document/Carousel,Unpopular opinion about AI Workflow: Most teams are doing it wrong. Here is why... #TechTrends #DesignThinking,#TechTrends #DesignThinking,2100,2508,118.0,13,12,27,0,69
LI_0221,3,LinkedIn,2025-01-27,16:40:15,Video,Why User Experience matters more than ever for modern business growth. #Innovation #TechTrends,,9970,14386,284.0,69,17,55,8584,432
LI_0279,3,LinkedIn,2025-05-22,14:37:43,Article/Link,Mastering Customer Engagement in under 10 minutes. Read our full step-by-step guide now! #Leadership #BusinessTips #AI #SocialMedia2025,#Leadership #BusinessTips #AI #SocialMedia2025,4127,5350,196.0,32,14,38,0,202
