post_id,platform_id,platform,post_date,post_time,content_type,caption,hashtags,reach,impressions,likes,comments,shares,saves,video_views,clicks
TW_0001,4,Twitter,2025-04-11,23:07:33,Link,Behind the scenes at our team workshop on User Experience. Innovation starts here! #MachineLearning #Productivity,#MachineLearning #Productivity,441,771,20.0,3,0,0,0,9
TW_0002,4,Twitter,2025-09-22,02:56:31,Text,Mastering Data Analytics in under 10 minutes. Read our full step-by-step guide now! #MarketingStrategy #Productivity #DigitalMarketing #Coding,#MarketingStrategy #Productivity #DigitalMarketing #Coding,1302,2136,85.0,11,4,0,0,34
TW_0003,4,Twitter,2025-06-27,04:38:31,Video,Why Cloud Scale matters more than ever for modern business growth. #DataAnalytics #MachineLearning,#DataAnalytics #MachineLearning,1475,1943,95.0,7,5,0,831,19
TW_0004,4,Twitter,2025-04-06,20:09:13,Text,Case study alert: How we boosted results by 350% using Content Marketing. #GrowthHacking #Coding #DataAnalytics,#GrowthHacking #Coding #DataAnalytics,1050,1862,31.0,7,2,0,0,35
TW_0005,4,Twitter,2025-03-07,19:40:22,Link,Why Customer Engagement matters more than ever for modern business growth. #MachineLearning #Coding #SocialMedia2025,#MachineLearning #Coding #SocialMedia2025,2053,2338,99.0,9,10,0,0,104
TW_0006,4,Twitter,2025-04-08,03:44:24,Image,Discover how Python Automation is transforming the industry! What are your thoughts? #AI #StartupLife,,1383,2391,34.0,7,1,0,0,14
TW_0007,4,Twitter,2025-05-23,10:25:07,Link,Behind the scenes at our team workshop on Customer Engagement. Innovation starts here! #MachineLearning #Leadership #DigitalMarketing,#MachineLearning #Leadership #DigitalMarketing,552,837,31.0,4,3,0,0,24
TW_0008,4,Twitter,05-22-2025,21:08:24,Image,Top 5 actionable strategies for User Experience in 2025. Save this post for later! #Productivity #Innovation #Leadership #TechTrends,#Productivity #Innovation #Leadership #TechTrends,829,1031,48.0,4,2,0,0,33
TW_0009,4,Twitter,2025-10-10,15:02:59,Text,Top 5 actionable strategies for Executive Leadership in 2025. Save this post for later! #TechTrends #MachineLearning #DesignThinking #MarketingStrategy,#TechTrends #MachineLearning #DesignThinking #MarketingStrategy,1591,2305,56.0,7,8,0,0,33
TW_0010,4,Twitter,2025-01-24,07:40:11,Image,Sunday motivation: Start your week with a fresh mindset on Social Media ROI. #DataAnalytics #Productivity,#DataAnalytics #Productivity,2272,3977,105.0,11,4,0,0,36
TW_0011,4,Twitter,2025-09-26,07:56:58,Link,Discover how Customer Engagement is transforming the industry! What are your thoughts? #Leadership #MachineLearning #Coding #DigitalMarketing,#Leadership #MachineLearning #Coding #DigitalMarketing,565,773,40.0,9,2,0,0,6
TW_0012,4,Twitter,13/03/2025,05:54:00,Image,Case study alert: How we boosted results by 350% using AI Workflow. #DesignThinking #StartupLife,#DesignThinking #StartupLife,2354,4118,168.0,25,22,0,0,86
TW_0013,4,Twitter,2025-03-10,15:32:03,Image,Discover how User Experience is transforming the industry! What are your thoughts? #DataAnalytics #Productivity,#DataAnalytics #Productivity,2833,3830,156.0,33,14,0,0,122
TW_0014,4,Twitter,23/07/2025,01:10:54,Video,Unpopular opinion about Content Marketing: Most teams are doing it wrong. Here is why... #MarketingStrategy,#MarketingStrategy,5813,7230,234.0,49,13,0,4877,221
TW_0015,4,Twitter,2025-08-10,12:47:49,Video,Mastering Social Media ROI in under 10 minutes. Read our full step-by-step guide now! #TechTrends,#TechTrends,5104,8051,247.0,47,14,0,3854,290
TW_0016,4,Twitter,2025-02-18,03:01:40,Video,Case study alert: How we boosted results by 350% using User Experience. #Coding #GrowthHacking #MachineLearning,#Coding #GrowthHacking #MachineLearning,4654,6985,165.0,10,8,0,3196,92
TW_0017,4,Twitter,2025-12-19,14:20:26,Link,Why Social Media ROI matters more than ever for modern business growth. #BusinessTips #Leadership #Coding #SocialMedia2025,#BusinessTips #Leadership #Coding #SocialMedia2025,1262,1573,84.0,11,3,0,0,61
TW_0018,4,Twitter,2025-10-27,12:35:56,Text,Why Cloud Scale matters more than ever for modern business growth. #MarketingStrategy #BusinessTips #DesignThinking,#MarketingStrategy #BusinessTips #DesignThinking,1069,1630,22.0,4,2,0,0,16
TW_0019,4,Twitter,2025-04-25,22:12:06,Video,Behind the scenes at our team workshop on Cloud Scale. Innovation starts here! #DigitalMarketing,#DigitalMarketing,1757,3127,87.0,7,2,0,1574,70
TW_0020,4,Twitter,2025-07-21,03:32:26,Link,Sunday motivation: Start your week with a fresh mindset on Customer Engagement. #MachineLearning #Innovation #TechTrends #DigitalMarketing,#MachineLearning #Innovation #TechTrends #DigitalMarketing,341,609,16.0,2,2,0,0,9
TW_0021,4,Twitter,2025-04-29,14:05:38,Text,Unpopular opinion about User Experience: Most teams are doing it wrong. Here is why... #AI #TechTrends #DesignThinking #MarketingStrategy,#AI #TechTrends #DesignThinking #MarketingStrategy,1917,2408,58.0,7,7,0,0,73
TW_0022,4,Twitter,07-05-2025,22:35:23,Text,Sunday motivation: Start your week with a fresh mindset on Brand Strategy. #Coding #StartupLife #Leadership,#Coding #StartupLife #Leadership,1994,2875,40.0,2,2,0,0,87
TW_0023,4,Twitter,2025-04-16,22:46:05,Link,Case study alert: How we boosted results by 350% using Data Analytics. #SocialMedia2025 #GrowthHacking #BusinessTips #Coding,#SocialMedia2025 #GrowthHacking #BusinessTips #Coding,1664,2630,75.0,4,10,0,0,60
TW_0024,4,Twitter,09-14-2025,13:46:51,Link,Unpopular opinion about User Experience: Most teams are doing it wrong. Here is why... #Productivity #DataAnalytics #MachineLearning,#Productivity #DataAnalytics #MachineLearning,1380,1780,68.0,5,3,0,0,47
TW_0025,4,Twitter,2025-06-29,21:38:45,Video,Sunday motivation: Start your week with a fresh mindset on Brand Strategy. #StartupLife #MachineLearning #BusinessTips #DesignThinking,#StartupLife #MachineLearning #BusinessTips #DesignThinking,6125,7874,285.0,18,18,0,4374,287
TW_0026,4,Twitter,2025-06-13,23:35:05,Image,Quick question for our community: How do you handle Customer Engagement in your daily workflow? #DesignThinking,#DesignThinking,2062,3134,41.0,7,4,0,0,97
TW_0027,4,Twitter,2025-11-16,09:25:08,Text,Case study alert: How we boosted results by 350% using Content Marketing. #DesignThinking #Productivity #GrowthHacking #DigitalMarketing,#DesignThinking #Productivity #GrowthHacking #DigitalMarketing,325,577,16.0,1,1,0,0,6
TW_0028,4,Twitter,2025-04-06,22:06:22,Link,,#DigitalMarketing #MachineLearning #SocialMedia2025 #TechTrends,238,298,7.0,1,0,0,0,3
TW_0029,4,Twitter,2025-12-28,09:22:39,Video,We are excited to announce our newest breakthrough in AI Workflow. Check out the link below! #DesignThinking,#DesignThinking,3558,6079,167.0,27,7,0,3008,200
TW_0030,4,Twitter,2025-07-21,15:43:27,Image,Unpopular opinion about Content Marketing: Most teams are doing it wrong. Here is why... #Coding #Leadership,#Coding #Leadership,2318,3319,61.0,10,7,0,0,105
TW_0031,4,Twitter,2025-01-28,03:13:57,Link,Case study alert: How we boosted results by 350% using Python Automation. #Leadership,#Leadership,1675,2226,72.0,17,3,0,0,90
TW_0032,4,Twitter,11/04/2025,08:35:40,Text,Behind the scenes at our team workshop on Python Automation. Innovation starts here! #DigitalMarketing,#DigitalMarketing,981,1671,41.0,7,3,0,0,38
TW_0033,4,Twitter,2025-06-26,23:21:00,Link,Discover how Data Analytics is transforming the industry! What are your thoughts? #DesignThinking #Leadership,#DesignThinking #Leadership,1653,2362,75.0,10,6,0,0,69
TW_0034,4,Twitter,2025-03-23,21:50:05,Link,We are excited to announce our newest breakthrough in AI Workflow. Check out the link below! #Innovation #AI,#Innovation #AI,1515,2052,88.0,13,5,0,0,66
TW_0035,4,Twitter,2025-05-08,18:08:23,Link,,#Coding #MachineLearning #SocialMedia2025,469,530,31.0,4,3,0,0,7
TW_0036,4,Twitter,2025-01-19,16:34:06,Video,,#SocialMedia2025 #DataAnalytics #DesignThinking,3564,5838,170.0,23,22,0,2601,158
TW_0037,4,Twitter,2025-03-08,17:26:50,Text,Top 5 actionable strategies for User Experience in 2025. Save this post for later! #DataAnalytics,#DataAnalytics,1508,2523,52.0,9,3,0,0,89
TW_0038,4,Twitter,2025-09-23,11:51:19,Video,Case study alert: How we boosted results by 350% using Customer Engagement. #Coding #TechTrends #SocialMedia2025,#Coding #TechTrends #SocialMedia2025,5738,10314,,17,47,0,5083,67
TW_0039,4,Twitter,2025-06-25,05:37:32,Text,Discover how AI Workflow is transforming the industry! What are your thoughts? #MarketingStrategy #DataAnalytics #StartupLife,#MarketingStrategy #DataAnalytics #StartupLife,1628,2472,93.0,11,4,0,0,94
TW_0040,4,Twitter,2025-07-24,12:50:19,Text,Sunday motivation: Start your week with a fresh mindset on Content Marketing. #Leadership,#Leadership,805,1084,54.0,11,6,0,0,35
TW_0041,4,Twitter,2025-11-18,22:10:56,Text,We are excited to announce our newest breakthrough in Cloud Scale. Check out the link below! #TechTrends #Coding #DigitalMarketing,#TechTrends #Coding #DigitalMarketing,1758,2588,108.0,21,11,0,0,51
TW_0042,4,Twitter,2025-09-28,04:31:51,Text,Quick question for our community: How do you handle User Experience in your daily workflow? #Coding #TechTrends,#Coding #TechTrends,904,1278,67.0,8,7,0,0,30
TW_0043,4,Twitter,2025-03-18,09:51:46,Video,Top 5 actionable strategies for Brand Strategy in 2025. Save this post for later! #SocialMedia2025 #Productivity,#SocialMedia2025 #Productivity,1109,1341,31.0,5,3,0,926,35
TW_0044,4,Twitter,2025-02-20,18:21:58,Video,Case study alert: How we boosted results by 350% using Brand Strategy. #StartupLife #BusinessTips #DesignThinking #SocialMedia2025,#StartupLife #BusinessTips #DesignThinking #SocialMedia2025,1679,2910,93.0,9,13,0,775,52
TW_0045,4,Twitter,2025-06-05,09:31:54,Link,Quick question for our community: How do you handle Python Automation in your daily workflow? #StartupLife,#StartupLife,8934,13294,492.0,35,55,0,0,234
TW_0046,4,Twitter,2025-05-28,14:49:35,Text,Sunday motivation: Start your week with a fresh mindset on Content Marketing. #TechTrends #Leadership #BusinessTips,#TechTrends #Leadership #BusinessTips,1615,2174,99.0,20,4,0,0,85
TW_0047,4,Twitter,2025-12-31,04:52:57,Link,Why Executive Leadership matters more than ever for modern business growth. #DigitalMarketing #Leadership #DesignThinking,#DigitalMarketing #Leadership #DesignThinking,1777,2292,96.0,8,5,0,0,80
TW_0048,4,Twitter,2025-05-28,21:21:52,Image,Discover how Executive Leadership is transforming the industry! What are your thoughts? #Innovation #TechTrends #Productivity #Leadership,#Innovation #TechTrends #Productivity #Leadership,5214,8993,291.0,31,37,0,0,200
TW_0049,4,Twitter,2025-02-24,15:53:16,Image,Why User Experience matters more than ever for modern business growth. #DesignThinking #BusinessTips #StartupLife,#DesignThinking #BusinessTips #StartupLife,1500,2265,60.0,3,2,0,0,48
TW_0050,4,Twitter,2025-07-12,10:57:49,Image,Quick question for our community: How do you handle Social Media ROI in your daily workflow? #MarketingStrategy #StartupLife #Leadership #BusinessTips,#MarketingStrategy #StartupLife #Leadership #BusinessTips,591,767,24.0,1,2,0,0,14
TW_0051,4,Twitter,2025-01-29,12:20:31,Video,Quick question for our community: How do you handle Brand Strategy in your daily workflow? #DesignThinking #DigitalMarketing,#DesignThinking #DigitalMarketing,9477,16313,396.0,54,17,0,4373,564
TW_0052,4,Twitter,2025-12-03,17:36:33,Link,Sunday motivation: Start your week with a fresh mindset on Python Automation. #SocialMedia2025,#SocialMedia2025,202,361,13.0,0,1,0,0,9
TW_0053,4,Twitter,2025-07-09,12:00:05,Video,Sunday motivation: Start your week with a fresh mindset on Social Media ROI. #StartupLife,#StartupLife,3021,4149,129.0,7,18,0,2238,66
TW_0054,4,Twitter,10-22-2025,18:50:49,Video,Quick question for our community: How do you handle Data Analytics in your daily workflow? #TechTrends,#TechTrends,7705,9537,190.0,13,24,0,3749,139
TW_0055,4,Twitter,2025-12-18,08:38:31,Link,Unpopular opinion about Content Marketing: Most teams are doing it wrong. Here is why... #Innovation #TechTrends #MarketingStrategy #Productivity,#Innovation #TechTrends #MarketingStrategy #Productivity,1271,1859,97.0,24,2,0,0,46
TW_0056,4,Twitter,2025-08-19,18:55:22,Link,We are excited to announce our newest breakthrough in Executive Leadership. Check out the link below! #BusinessTips #DataAnalytics #MachineLearning #DigitalMarketing,#BusinessTips #DataAnalytics #MachineLearning #DigitalMarketing,1732,2267,107.0,9,4,0,0,83
TW_0057,4,Twitter,2025-07-31,11:10:33,Text,We are excited to announce our newest breakthrough in Customer Engagement. Check out the link below! #StartupLife #SocialMedia2025 #DataAnalytics #Coding,#StartupLife #SocialMedia2025 #DataAnalytics #Coding,1611,2261,55.0,9,5,0,0,57
TW_0058,4,Twitter,2025-06-04,09:55:33,Image,Behind the scenes at our team workshop on Customer Engagement. Innovation starts here! #SocialMedia2025 #Leadership #StartupLife #AI,#SocialMedia2025 #Leadership #StartupLife #AI,1253,2093,41.0,8,4,0,0,33
TW_0059,4,Twitter,2025-07-26,11:19:17,Image,Mastering User Experience in under 10 minutes. Read our full step-by-step guide now! #TechTrends #MarketingStrategy #StartupLife,#TechTrends #MarketingStrategy #StartupLife,2362,2616,125.0,20,8,0,0,114
TW_0060,4,Twitter,09-23-2025,02:19:32,Text,Sunday motivation: Start your week with a fresh mindset on Cloud Scale. #Productivity #MarketingStrategy,#Productivity #MarketingStrategy,582,911,34.0,8,3,0,0,13
TW_0061,4,Twitter,2025-04-26,17:01:43,Link,Top 5 actionable strategies for Cloud Scale in 2025. Save this post for later! #TechTrends #BusinessTips #StartupLife,#TechTrends #BusinessTips #StartupLife,892,1555,55.0,13,7,0,0,31
TW_0062,4,Twitter,2025-06-17,21:16:01,Video,Why Executive Leadership matters more than ever for modern business growth. #StartupLife #Productivity #Coding #GrowthHacking,#StartupLife #Productivity #Coding #GrowthHacking,5933,6535,434.0,50,56,0,2764,176
TW_0063,4,Twitter,2025-05-11,21:54:20,Link,Quick question for our community: How do you handle Content Marketing in your daily workflow? #Leadership #TechTrends,#Leadership #TechTrends,969,1360,30.0,3,1,0,0,11
TW_0064,4,Twitter,2025-08-09,16:07:54,Text,Quick question for our community: How do you handle Brand Strategy in your daily workflow? #TechTrends #DataAnalytics,#TechTrends #DataAnalytics,1554,2331,80.0,14,8,0,0,78
TW_0065,4,Twitter,2025-06-12,19:55:39,Text,We are excited to announce our newest breakthrough in Customer Engagement. Check out the link below! #Coding #MarketingStrategy,#Coding #MarketingStrategy,2158,3777,159.0,21,23,0,0,41
TW_0066,4,Twitter,2025-05-23,04:41:29,Text,Sunday motivation: Start your week with a fresh mindset on Data Analytics. #TechTrends #MachineLearning #DesignThinking #SocialMedia2025,#TechTrends #MachineLearning #DesignThinking #SocialMedia2025,1922,2774,42.0,3,4,0,0,70
TW_0067,4,Twitter,2025-06-01,21:07:51,Link,We are excited to announce our newest breakthrough in Brand Strategy. Check out the link below! #GrowthHacking,#GrowthHacking,2154,2899,123.0,8,4,0,0,52
TW_0068,4,Twitter,01-23-2025,11:21:49,Text,Top 5 actionable strategies for Executive Leadership in 2025. Save this post for later! #MachineLearning #Coding #Productivity #GrowthHacking,#MachineLearning #Coding #Productivity #GrowthHacking,1222,1353,79.0,18,11,0,0,18
TW_0069,4,Twitter,2025-04-13,16:44:40,Link,Unpopular opinion about Content Marketing: Most teams are doing it wrong. Here is why... #TechTrends #DigitalMarketing,#TechTrends #DigitalMarketing,403,522,27.0,2,2,0,0,11
TW_0070,4,Twitter,02-14-2025,15:04:00,Video,We are excited to announce our newest breakthrough in Cloud Scale. Check out the link below! #BusinessTips,#BusinessTips,2477,3311,112.0,26,15,0,1826,74
TW_0071,4,Twitter,2025-06-10,04:06:16,Video,Quick question for our community: How do you handle Python Automation in your daily workflow? #TechTrends #BusinessTips #Innovation #Coding,#TechTrends #BusinessTips #Innovation #Coding,1061,1219,32.0,6,1,0,627,56
TW_0072,4,Twitter,2025-07-06,06:49:52,Image,Quick question for our community: How do you handle Content Marketing in your daily workflow? #StartupLife,#StartupLife,1336,2014,52.0,3,6,0,0,35
TW_0073,4,Twitter,07/04/2025,05:17:22,Image,,#DigitalMarketing #MarketingStrategy,1780,2616,71.0,16,4,0,0,27
TW_0074,4,Twitter,2025-12-01,02:21:32,Video,Quick question for our community: How do you handle Cloud Scale in your daily workflow? #DesignThinking,#DesignThinking,4070,5019,176.0,21,9,0,3623,82
TW_0075,4,Twitter,2025-07-08,11:01:09,Text,Behind the scenes at our team workshop on Data Analytics. Innovation starts here! #AI #BusinessTips #DesignThinking,#AI #BusinessTips #DesignThinking,2359,2649,138.0,9,11,0,0,121
TW_0076,4,Twitter,2025-04-05,12:24:56,Image,Sunday motivation: Start your week with a fresh mindset on Cloud Scale. #Productivity #DataAnalytics,#Productivity #DataAnalytics,1077,1668,76.0,9,6,0,0,35
TW_0077,4,Twitter,02-18-2025,17:58:14,Image,Top 5 actionable strategies for User Experience in 2025. Save this post for later! #TechTrends #DesignThinking,#TechTrends #DesignThinking,2710,4348,199.0,33,24,0,0,109
TW_0078,4,Twitter,2025-09-07,21:26:22,Link,Behind the scenes at our team workshop on Customer Engagement. Innovation starts here! #TechTrends #SocialMedia2025 #Innovation #MachineLearning,#TechTrends #SocialMedia2025 #Innovation #MachineLearning,408,548,25.0,4,3,0,0,21
TW_0079,4,Twitter,2025-04-14,13:25:14,Link,Mastering Python Automation in under 10 minutes. Read our full step-by-step guide now! #TechTrends #Innovation #DigitalMarketing,#TechTrends #Innovation #DigitalMarketing,326,481,19.0,2,1,0,0,15
TW_0080,4,Twitter,2025-07-30,00:56:56,Link,Mastering AI Workflow in under 10 minutes. Read our full step-by-step guide now! #SocialMedia2025,#SocialMedia2025,1660,2685,35.0,5,4,0,0,34
TW_0081,4,Twitter,2025-05-23,20:49:03,Text,Unpopular opinion about Executive Leadership: Most teams are doing it wrong. Here is why... #TechTrends,#TechTrends,2154,2981,64.0,3,9,0,0,107
TW_0082,4,Twitter,2025-09-09,18:03:00,Text,We are excited to announce our newest breakthrough in Customer Engagement. Check out the link below! #MarketingStrategy #MachineLearning #BusinessTips #SocialMedia2025,#MarketingStrategy #MachineLearning #BusinessTips #SocialMedia2025,746,1114,34.0,6,3,0,0,41
TW_0083,4,Twitter,2025-04-14,23:08:47,Video,We are excited to announce our newest breakthrough in Python Automation. Check out the link below! #Innovation,#Innovation,2637,4406,186.0,45,12,0,1371,148
TW_0084,4,Twitter,2025-05-25,19:19:12,Image,Why Brand Strategy matters more than ever for modern business growth. #TechTrends,#TechTrends,2834,4599,206.0,40,15,0,0,95
TW_0085,4,Twitter,2025-02-27,17:50:33,Video,Unpopular opinion about Cloud Scale: Most teams are doing it wrong. Here is why... #DigitalMarketing #Leadership #Productivity #Innovation,#DigitalMarketing #Leadership #Productivity #Innovation,6214,10874,372.0,88,39,0,3439,229
TW_0086,4,Twitter,2025-03-05,06:27:37,Text,Mastering AI Workflow in under 10 minutes. Read our full step-by-step guide now! #TechTrends #MachineLearning,#TechTrends #MachineLearning,1217,1831,35.0,7,1,0,0,17
TW_0087,4,Twitter,2025-07-09,08:42:02,Image,Why AI Workflow matters more than ever for modern business growth. #DesignThinking #SocialMedia2025,#DesignThinking #SocialMedia2025,512,793,26.0,3,3,0,0,25
TW_0088,4,Twitter,2025-04-02,15:25:12,Text,Behind the scenes at our team workshop on Social Media ROI. Innovation starts here! #DesignThinking #SocialMedia2025 #Leadership,#DesignThinking #SocialMedia2025 #Leadership,532,654,15.0,2,1,0,0,10
TW_0089,4,Twitter,2025-03-26,04:38:36,Image,Quick question for our community: How do you handle AI Workflow in your daily workflow? #StartupLife #Leadership #SocialMedia2025 #BusinessTips,#StartupLife #Leadership #SocialMedia2025 #BusinessTips,405,514,23.0,4,2,0,0,12
TW_0090,4,Twitter,2025-06-16,17:33:43,Link,Behind the scenes at our team workshop on Executive Leadership. Innovation starts here! #Leadership,#Leadership,1744,2735,57.0,10,2,0,0,39
TW_0091,4,Twitter,2025-09-11,12:48:20,Image,Behind the scenes at our team workshop on Executive Leadership. Innovation starts here! #TechTrends #Innovation,#TechTrends #Innovation,4467,5501,247.0,54,19,0,0,123
TW_0092,4,Twitter,2025-04-13,20:59:38,Link,Case study alert: How we boosted results by 350% using Executive Leadership. #DesignThinking,#DesignThinking,1152,1589,75.0,7,10,0,0,48
TW_0093,4,Twitter,2025-02-04,00:34:10,Link,Behind the scenes at our team workshop on User Experience. Innovation starts here! #DigitalMarketing #Innovation #DataAnalytics #GrowthHacking,#DigitalMarketing #Innovation #DataAnalytics #GrowthHacking,444,774,8.0,1,0,0,0,15
TW_0094,4,Twitter,2025-11-15,23:21:22,Image,Quick question for our community: How do you handle User Experience in your daily workflow? #GrowthHacking #Leadership,#GrowthHacking #Leadership,1421,2063,82.0,5,5,0,0,49
TW_0095,4,Twitter,2025-01-28,23:24:42,Link,Behind the scenes at our team workshop on Customer Engagement. Innovation starts here! #BusinessTips #MarketingStrategy,#BusinessTips #MarketingStrategy,757,1004,34.0,2,4,0,0,43
TW_0096,4,Twitter,2025-07-19,22:40:55,Image,Discover how Social Media ROI is transforming the industry! What are your thoughts? #Innovation #DigitalMarketing,#Innovation #DigitalMarketing,3304,5370,114.0,12,6,0,0,96
TW_0097,4,Twitter,2025-06-24,09:26:12,Text,Sunday motivation: Start your week with a fresh mindset on Data Analytics. #TechTrends #DesignThinking #Productivity #DataAnalytics,#TechTrends #DesignThinking #Productivity #DataAnalytics,2486,2824,135.0,27,4,0,0,48
TW_0098,4,Twitter,2025-02-13,06:27:21,Image,Quick question for our community: How do you handle Social Media ROI in your daily workflow? #StartupLife #AI #Leadership,#StartupLife #AI #Leadership,1680,1896,94.0,12,9,0,0,24
TW_0099,4,Twitter,2025-04-09,07:56:57,Link,We are excited to announce our newest breakthrough in Python Automation. Check out the link below! #MachineLearning #DesignThinking #TechTrends,#MachineLearning #DesignThinking #TechTrends,1856,2817,139.0,16,10,0,0,88
TW_0100,4,Twitter,2025-02-20,13:35:17,Image,Quick question for our community: How do you handle User Experience in your daily workflow? #MachineLearning,#MachineLearning,4837,7327,146.0,31,19,0,0,203
TW_0101,4,Twitter,2025-11-08,09:50:33,Video,Unpopular opinion about AI Workflow: Most teams are doing it wrong. Here is why... #TechTrends #DesignThinking #AI,#TechTrends #DesignThinking #AI,6081,9640,266.0,44,11,0,2800,320
TW_0102,4,Twitter,2025-03-25,01:06:41,Video,Case study alert: How we boosted results by 350% using Data Analytics. #TechTrends #Innovation,#TechTrends #Innovation,4609,6476,363.0,55,31,0,2772,189
TW_0103,4,Twitter,2025-04-06,21:50:24,Link,Behind the scenes at our team workshop on Executive Leadership. Innovation starts here! #Innovation #AI #BusinessTips,#Innovation #AI #BusinessTips,2129,3201,169.0,41,7,0,0,37
TW_0104,4,Twitter,2025-02-20,06:56:33,Video,Mastering Social Media ROI in under 10 minutes. Read our full step-by-step guide now! #AI #GrowthHacking,#AI #GrowthHacking,3655,4457,284.0,30,25,0,3169,214
TW_0105,4,Twitter,2025-05-09,14:21:52,Link,Unpopular opinion about Executive Leadership: Most teams are doing it wrong. Here is why... #StartupLife,#StartupLife,712,1279,27.0,6,3,0,0,38
TW_0106,4,Twitter,2025-01-21,16:19:04,Text,Unpopular opinion about Customer Engagement: Most teams are doing it wrong. Here is why... #Innovation #MachineLearning,#Innovation #MachineLearning,1691,2642,93.0,14,9,0,0,93
TW_0107,4,Twitter,2025-01-27,19:37:38,Link,Why Executive Leadership matters more than ever for modern business growth. #AI #TechTrends,#AI #TechTrends,766,999,46.0,2,5,0,0,34
TW_0108,4,Twitter,2025-12-19,21:47:06,Link,We are excited to announce our newest breakthrough in Social Media ROI. Check out the link below! #DesignThinking #Leadership #Coding,#DesignThinking #Leadership #Coding,777,1043,56.0,7,7,0,0,46
TW_0109,4,Twitter,2025-08-11,08:31:02,Video,Top 5 actionable strategies for Social Media ROI in 2025. Save this post for later! #SocialMedia2025 #StartupLife,#SocialMedia2025 #StartupLife,1589,2780,86.0,19,8,0,1406,65
TW_0110,4,Twitter,2025-09-22,00:46:37,Text,Quick question for our community: How do you handle Customer Engagement in your daily workflow? #StartupLife #DataAnalytics,#StartupLife #DataAnalytics,1287,2001,31.0,5,2,0,0,28
TW_0111,4,Twitter,2025-10-31,06:48:41,Image,,#DigitalMarketing #MachineLearning,1555,2597,122.0,30,2,0,0,52
TW_0112,4,Twitter,2025-06-02,20:37:11,Link,Mastering Content Marketing in under 10 minutes. Read our full step-by-step guide now! #Leadership #BusinessTips #SocialMedia2025,#Leadership #BusinessTips #SocialMedia2025,1391,2278,47.0,11,5,0,0,77
TW_0113,4,Twitter,2025-10-10,10:10:31,Video,Sunday motivation: Start your week with a fresh mindset on Social Media ROI. #Coding #GrowthHacking,#Coding #GrowthHacking,1201,2008,83.0,15,9,0,848,33
TW_0114,4,Twitter,01/07/2025,03:59:43,Text,Unpopular opinion about Data Analytics: Most teams are doing it wrong. Here is why... #Leadership #DigitalMarketing #GrowthHacking #AI,#Leadership #DigitalMarketing #GrowthHacking #AI,2081,2913,91.0,11,8,0,0,118
TW_0115,4,Twitter,02/05/2025,18:04:53,Image,Mastering Social Media ROI in under 10 minutes. Read our full step-by-step guide now! #DigitalMarketing #MarketingStrategy,#DigitalMarketing #MarketingStrategy,3164,4592,217.0,48,31,0,0,188
TW_0116,4,Twitter,2025-04-21,23:03:28,Text,Top 5 actionable strategies for Social Media ROI in 2025. Save this post for later! #Leadership,#Leadership,2232,3730,132.0,21,6,0,0,127
TW_0117,4,Twitter,06-13-2025,05:03:42,Text,Quick question for our community: How do you handle AI Workflow in your daily workflow? #Leadership #MachineLearning,#Leadership #MachineLearning,1211,1974,60.0,12,1,0,0,30
TW_0118,4,Twitter,02-23-2025,00:35:16,Link,Mastering Social Media ROI in under 10 minutes. Read our full step-by-step guide now! #TechTrends #Productivity,#TechTrends #Productivity,757,1347,55.0,10,1,0,0,16
TW_0119,4,Twitter,2025-05-05,15:12:00,Video,Discover how AI Workflow is transforming the industry! What are your thoughts? #Coding,#Coding,3469,4555,216.0,11,6,0,1466,124
TW_0120,4,Twitter,2025-08-29,19:24:15,Image,Sunday motivation: Start your week with a fresh mindset on Social Media ROI. #DigitalMarketing,#DigitalMarketing,3118,5426,64.0,11,9,0,0,74
TW_0121,4,Twitter,2025-04-15,11:10:11,Text,Behind the scenes at our team workshop on Data Analytics. Innovation starts here! #GrowthHacking #AI #TechTrends #DesignThinking,#GrowthHacking #AI #TechTrends #DesignThinking,256,283,9.0,0,0,0,0,7
TW_0122,4,Twitter,2025-01-25,17:11:52,Image,Mastering Social Media ROI in under 10 minutes. Read our full step-by-step guide now! #Innovation #GrowthHacking,#Innovation #GrowthHacking,3764,5363,223.0,32,27,0,0,52
TW_0123,4,Twitter,2025-10-14,21:11:31,Link,Top 5 actionable strategies for Executive Leadership in 2025. Save this post for later! #Leadership #MachineLearning #Coding #GrowthHacking,#Leadership #MachineLearning #Coding #GrowthHacking,1565,2440,43.0,3,3,0,0,57
TW_0124,4,Twitter,2025-03-24,01:31:08,Link,Quick question for our community: How do you handle Content Marketing in your daily workflow? #DigitalMarketing,#DigitalMarketing,619,828,30.0,7,3,0,0,8
TW_0125,4,Twitter,2025-05-24,04:07:52,Text,Discover how Executive Leadership is transforming the industry! What are your thoughts? #DesignThinking #DigitalMarketing #MachineLearning #StartupLife,#DesignThinking #DigitalMarketing #MachineLearning #StartupLife,1689,1984,122.0,25,10,0,0,69
TW_0126,4,Twitter,2025-11-23,11:50:36,Link,Behind the scenes at our team workshop on Social Media ROI. Innovation starts here! #GrowthHacking,#GrowthHacking,1211,1982,66.0,9,7,0,0,31
TW_0127,4,Twitter,2025-08-04,16:36:20,Text,Quick question for our community: How do you handle Executive Leadership in your daily workflow? #DesignThinking,#DesignThinking,1519,1967,35.0,8,2,0,0,64
TW_0128,4,Twitter,05-17-2025,10:16:56,Text,Case study alert: How we boosted results by 350% using Executive Leadership. #Leadership #Coding #MachineLearning #SocialMedia2025,#Leadership #Coding #MachineLearning #SocialMedia2025,2072,3623,61.0,11,7,0,0,121
TW_0129,4,Twitter,2025-01-20,16:35:07,Text,Sunday motivation: Start your week with a fresh mindset on Customer Engagement. #DesignThinking,#DesignThinking,1975,2266,54.0,4,3,0,0,87
TW_0130,4,Twitter,05-24-2025,03:27:02,Text,Mastering Customer Engagement in under 10 minutes. Read our full step-by-step guide now! #BusinessTips #Leadership #AI #SocialMedia2025,#BusinessTips #Leadership #AI #SocialMedia2025,872,1545,24.0,2,3,0,0,50
TW_0131,4,Twitter,2025-08-29,02:59:29,Text,Unpopular opinion about AI Workflow: Most teams are doing it wrong. Here is why... #Leadership #DesignThinking #TechTrends #DataAnalytics,#Leadership #DesignThinking #TechTrends #DataAnalytics,1302,1475,48.0,5,5,0,0,14
TW_0132,4,Twitter,2025-08-05,19:18:02,Link,Unpopular opinion about Customer Engagement: Most teams are doing it wrong. Here is why... #DesignThinking,#DesignThinking,444,736,14.0,3,1,0,0,14
TW_0133,4,Twitter,2025-10-21,05:11:48,Image,Top 5 actionable strategies for Customer Engagement in 2025. Save this post for later! #TechTrends #DigitalMarketing #SocialMedia2025 #AI,#TechTrends #DigitalMarketing #SocialMedia2025 #AI,2691,3071,136.0,27,7,0,0,45
TW_0134,4,Twitter,2025-07-14,13:31:44,Text,Discover how Social Media ROI is transforming the industry! What are your thoughts? #GrowthHacking #Innovation #AI #Leadership,#GrowthHacking #Innovation #AI #Leadership,1348,2335,64.0,5,8,0,0,37
TW_0135,4,Twitter,2025-12-19,12:02:12,Image,,#Coding,974,1300,25.0,1,2,0,0,54
TW_0136,4,Twitter,2025-09-08,03:43:49,Link,Discover how User Experience is transforming the industry! What are your thoughts? #TechTrends #DesignThinking,#TechTrends #DesignThinking,407,469,24.0,2,2,0,0,12
TW_0137,4,Twitter,2025-07-07,07:17:16,Image,Quick question for our community: How do you handle Brand Strategy in your daily workflow? #AI #Coding #BusinessTips #Productivity,#AI #Coding #BusinessTips #Productivity,2491,3987,96.0,18,7,0,0,112
TW_0138,4,Twitter,2025-04-18,15:58:06,Video,We are excited to announce our newest breakthrough in Cloud Scale. Check out the link below! #BusinessTips #SocialMedia2025,#BusinessTips #SocialMedia2025,4172,4764,110.0,24,10,0,3446,106
TW_0139,4,Twitter,2025-06-27,20:12:45,Image,Unpopular opinion about Brand Strategy: Most teams are doing it wrong. Here is why... #MachineLearning,#MachineLearning,4487,6910,325.0,27,28,0,0,120
TW_0140,4,Twitter,2025-09-12,18:30:47,Link,Behind the scenes at our team workshop on Content Marketing. Innovation starts here! #DigitalMarketing #DesignThinking #Productivity,#DigitalMarketing #DesignThinking #Productivity,1241,1608,77.0,11,6,0,0,30
TW_0141,4,Twitter,2025-10-28,08:55:49,Link,Mastering Customer Engagement in under 10 minutes. Read our full step-by-step guide now! #TechTrends,#TechTrends,20067,35052,871.0,138,31,0,0,944
TW_0142,4,Twitter,2025-09-12,16:50:38,Video,Top 5 actionable strategies for Customer Engagement in 2025. Save this post for later! #TechTrends #Innovation #AI #MarketingStrategy,#TechTrends #Innovation #AI #MarketingStrategy,5429,6064,159.0,19,19,0,3133,108
TW_0143,4,Twitter,21/10/2025,22:22:23,Image,Sunday motivation: Start your week with a fresh mindset on Social Media ROI. #Leadership #TechTrends #Coding,#Leadership #TechTrends #Coding,3617,4891,275.0,57,30,0,0,89
TW_0144,4,Twitter,2025-03-09,13:32:03,Image,Sunday motivation: Start your week with a fresh mindset on User Experience. #DataAnalytics #StartupLife #Productivity,#DataAnalytics #StartupLife #Productivity,3398,5992,259.0,36,24,0,0,60
TW_0145,4,Twitter,13/09/2025,21:32:13,Link,Sunday motivation: Start your week with a fresh mindset on Customer Engagement. #Coding #DesignThinking #DigitalMarketing,#Coding #DesignThinking #DigitalMarketing,2664,4256,109.0,15,9,0,0,42
TW_0146,4,Twitter,2025-12-30,10:28:55,Image,Unpopular opinion about Executive Leadership: Most teams are doing it wrong. Here is why... #SocialMedia2025,#SocialMedia2025,871,1374,64.0,5,6,0,0,17
TW_0147,4,Twitter,2025-02-22,16:48:31,Video,,#TechTrends #DigitalMarketing #MachineLearning,2708,3131,143.0,13,4,0,1249,29
TW_0148,4,Twitter,2025-03-09,19:21:56,Image,Quick question for our community: How do you handle Data Analytics in your daily workflow? #DesignThinking #StartupLife #DigitalMarketing #Productivity,#DesignThinking #StartupLife #DigitalMarketing #Productivity,1486,2618,76.0,14,2,0,0,72
TW_0149,4,Twitter,2025-04-04,07:30:37,Video,Unpopular opinion about Customer Engagement: Most teams are doing it wrong. Here is why... #Coding #DesignThinking,#Coding #DesignThinking,6270,8901,400.0,30,30,0,5528,253
TW_0150,4,Twitter,2025-06-26,04:21:28,Image,Why Python Automation matters more than ever for modern business growth. #Leadership,#Leadership,608,751,35.0,3,5,0,0,21
TW_0151,4,Twitter,25/06/2025,07:53:07,Text,Discover how Brand Strategy is transforming the industry! What are your thoughts? #Leadership #DataAnalytics #AI,#Leadership #DataAnalytics #AI,261,390,8.0,1,0,0,0,11
TW_0152,4,Twitter,2025-04-18,08:28:51,Image,Unpopular opinion about AI Workflow: Most teams are doing it wrong. Here is why... #Innovation #Leadership,#Innovation #Leadership,1314,1524,50.0,5,6,0,0,63
TW_0153,4,Twitter,2025-07-11,22:05:00,Text,Discover how Cloud Scale is transforming the industry! What are your thoughts? #BusinessTips #SocialMedia2025,#BusinessTips #SocialMedia2025,4995,5590,296.0,43,39,0,0,285
TW_0154,4,Twitter,2025-05-23,12:38:24,Video,Unpopular opinion about User Experience: Most teams are doing it wrong. Here is why... #DesignThinking #TechTrends #MarketingStrategy #DataAnalytics,#DesignThinking #TechTrends #MarketingStrategy #DataAnalytics,3871,5939,258.0,45,29,0,3379,60
TW_0155,4,Twitter,2025-03-27,07:09:30,Text,Sunday motivation: Start your week with a fresh mindset on Python Automation. #Coding,#Coding,404,539,12.0,2,0,0,0,23
TW_0156,4,Twitter,2025-10-07,15:24:29,Video,Quick question for our community: How do you handle Cloud Scale in your daily workflow? #GrowthHacking #Coding #StartupLife #SocialMedia2025,#GrowthHacking #Coding #StartupLife #SocialMedia2025,657,878,42.0,4,1,0,466,36
TW_0157,4,Twitter,2025-05-30,14:19:16,Image,Behind the scenes at our team workshop on Cloud Scale. Innovation starts here! #GrowthHacking #AI #SocialMedia2025 #Productivity,#GrowthHacking #AI #SocialMedia2025 #Productivity,1298,1708,101.0,9,9,0,0,62
TW_0158,4,Twitter,2025-05-13,14:36:47,Link,Sunday motivation: Start your week with a fresh mindset on Python Automation. #StartupLife #DataAnalytics #DigitalMarketing,#StartupLife #DataAnalytics #DigitalMarketing,2565,4445,67.0,13,9,0,0,117
TW_0159,4,Twitter,15/08/2025,20:14:24,Link,Behind the scenes at our team workshop on User Experience. Innovation starts here! #SocialMedia2025 #GrowthHacking #Leadership,#SocialMedia2025 #GrowthHacking #Leadership,2828,3281,123.0,26,9,0,0,118
TW_0160,4,Twitter,2025-08-18,22:44:55,Link,Discover how Cloud Scale is transforming the industry! What are your thoughts? #DataAnalytics #Leadership #Productivity,#DataAnalytics #Leadership #Productivity,461,692,33.0,2,3,0,0,12
TW_0161,4,Twitter,05-13-2025,08:59:14,Link,Why Cloud Scale matters more than ever for modern business growth. #DigitalMarketing,#DigitalMarketing,10407,12911,423.0,88,54,0,0,298
TW_0162,4,Twitter,2025-12-23,21:27:45,Text,Quick question for our community: How do you handle Content Marketing in your daily workflow? #Leadership #DataAnalytics,#Leadership #DataAnalytics,807,1093,59.0,14,8,0,0,14
TW_0163,4,Twitter,23/08/2025,18:25:15,Video,Unpopular opinion about User Experience: Most teams are doing it wrong. Here is why... #GrowthHacking,#GrowthHacking,3669,4910,158.0,8,15,0,2906,193
TW_0164,4,Twitter,2025-10-03,07:44:59,Text,Behind the scenes at our team workshop on Content Marketing. Innovation starts here! #DataAnalytics,#DataAnalytics,2316,2946,134.0,15,5,0,0,91
TW_0165,4,Twitter,11-12-2025,21:55:13,Link,Why Executive Leadership matters more than ever for modern business growth. #MachineLearning,#MachineLearning,1421,1587,51.0,6,6,0,0,70
TW_0166,4,Twitter,2025-05-23,21:31:36,Link,Why Customer Engagement matters more than ever for modern business growth. #DataAnalytics #BusinessTips #SocialMedia2025,#DataAnalytics #BusinessTips #SocialMedia2025,2220,3725,164.0,16,22,0,0,73
TW_0167,4,Twitter,2025-09-02,17:49:58,Text,Mastering Brand Strategy in under 10 minutes. Read our full step-by-step guide now! #GrowthHacking #Productivity #SocialMedia2025,#GrowthHacking #Productivity #SocialMedia2025,1439,1875,75.0,11,2,0,0,26
TW_0168,4,Twitter,2025-05-09,03:57:44,Link,Sunday motivation: Start your week with a fresh mindset on Social Media ROI. #DataAnalytics #MachineLearning #DigitalMarketing #StartupLife,#DataAnalytics #MachineLearning #DigitalMarketing #StartupLife,1265,1512,79.0,13,7,0,0,63
TW_0169,4,Twitter,2025-06-10,20:30:18,Text,We are excited to announce our newest breakthrough in Executive Leadership. Check out the link below! #DataAnalytics,#DataAnalytics,415,665,31.0,3,3,0,0,12
TW_0170,4,Twitter,2025-12-08,09:40:54,Link,Case study alert: How we boosted results by 350% using Python Automation. #TechTrends #DigitalMarketing #GrowthHacking #BusinessTips,#TechTrends #DigitalMarketing #GrowthHacking #BusinessTips,581,673,15.0,2,1,0,0,16
TW_0171,4,Twitter,2025-12-08,16:23:18,Link,Behind the scenes at our team workshop on Brand Strategy. Innovation starts here! #MachineLearning #BusinessTips #Productivity #DesignThinking,#MachineLearning #BusinessTips #Productivity #DesignThinking,859,1282,23.0,3,2,0,0,23
TW_0172,4,Twitter,2025-06-14,06:44:14,Video,,#Innovation #Coding #SocialMedia2025,1391,2073,68.0,5,4,0,1071,23
TW_0173,4,Twitter,2025-07-05,01:28:40,Image,Case study alert: How we boosted results by 350% using User Experience. #DesignThinking #StartupLife #DataAnalytics #Productivity,#DesignThinking #StartupLife #DataAnalytics #Productivity,2710,3046,115.0,16,6,0,0,143
TW_0174,4,Twitter,2025-02-14,09:21:18,Image,Unpopular opinion about AI Workflow: Most teams are doing it wrong. Here is why... #Innovation #Productivity,#Innovation #Productivity,445,514,33.0,6,2,0,0,19
TW_0175,4,Twitter,2025-06-25,19:02:39,Video,Mastering Social Media ROI in under 10 minutes. Read our full step-by-step guide now! #GrowthHacking #MarketingStrategy #Innovation,#GrowthHacking #MarketingStrategy #Innovation,1639,2024,92.0,21,5,0,1235,59
TW_0176,4,Twitter,2025-10-07,07:16:17,Link,Mastering AI Workflow in under 10 minutes. Read our full step-by-step guide now! #GrowthHacking #Coding,#GrowthHacking #Coding,1743,2444,126.0,22,5,0,0,90
TW_0177,4,Twitter,2025-10-03,15:55:26,Text,Mastering Executive Leadership in under 10 minutes. Read our full step-by-step guide now! #GrowthHacking #StartupLife,#GrowthHacking #StartupLife,1822,2769,118.0,29,14,0,0,101
TW_0178,4,Twitter,2025-11-05,11:09:36,Link,Case study alert: How we boosted results by 350% using Social Media ROI. #BusinessTips #DesignThinking,#BusinessTips #DesignThinking,923,1570,64.0,9,6,0,0,18
TW_0179,4,Twitter,2025-01-25,03:17:36,Text,Sunday motivation: Start your week with a fresh mindset on Social Media ROI. #Productivity #AI #Innovation #TechTrends,#Productivity #AI #Innovation #TechTrends,1885,2965,52.0,2,4,0,0,81
TW_0180,4,Twitter,2025-07-07,23:11:25,Text,We are excited to announce our newest breakthrough in Customer Engagement. Check out the link below! #MachineLearning #DesignThinking #BusinessTips,#MachineLearning #DesignThinking #BusinessTips,2101,3374,94.0,8,2,0,0,62
TW_0181,4,Twitter,11-05-2025,07:43:25,Video,We are excited to announce our newest breakthrough in Data Analytics. Check out the link below! #DigitalMarketing #DataAnalytics,#DigitalMarketing #DataAnalytics,2461,3867,62.0,6,3,0,1775,63
TW_0182,4,Twitter,2025-05-26,02:23:11,Image,Case study alert: How we boosted results by 350% using Data Analytics. #Coding #DigitalMarketing,#Coding #DigitalMarketing,2939,3945,144.0,17,17,0,0,138
TW_0183,4,Twitter,21/09/2025,01:58:12,Link,Discover how Data Analytics is transforming the industry! What are your thoughts? #DigitalMarketing #Coding,#DigitalMarketing #Coding,1528,1772,113.0,5,9,0,0,66
TW_0184,4,Twitter,2025-05-04,04:42:16,Link,Quick question for our community: How do you handle Executive Leadership in your daily workflow? #Leadership #BusinessTips,#Leadership #BusinessTips,938,1074,25.0,3,3,0,0,25
TW_0185,4,Twitter,19/02/2025,06:32:36,Link,Unpopular opinion about Python Automation: Most teams are doing it wrong. Here is why... #GrowthHacking,#GrowthHacking,1547,2326,111.0,19,4,0,0,70
TW_0186,4,Twitter,2025-11-25,03:34:34,Video,Mastering Content Marketing in under 10 minutes. Read our full step-by-step guide now! #Innovation #TechTrends,#Innovation #TechTrends,4138,6697,324.0,57,20,0,2029,100
TW_0187,4,Twitter,2025-10-17,02:32:38,Text,Top 5 actionable strategies for Content Marketing in 2025. Save this post for later! #Coding #AI #MachineLearning #Innovation,#Coding #AI #MachineLearning #Innovation,1253,1904,67.0,13,4,0,0,54
TW_0188,4,Twitter,02-15-2025,15:20:36,Image,Mastering Social Media ROI in under 10 minutes. Read our full step-by-step guide now! #Productivity,#Productivity,2833,3761,71.0,3,3,0,0,63
TW_0189,4,Twitter,2025-05-29,09:08:16,Image,We are excited to announce our newest breakthrough in User Experience. Check out the link below! #Innovation #AI #DigitalMarketing #MarketingStrategy,#Innovation #AI #DigitalMarketing #MarketingStrategy,3713,5923,214.0,30,8,0,0,207
TW_0190,4,Twitter,2025-06-13,05:43:25,Text,Why Cloud Scale matters more than ever for modern business growth. #Coding #SocialMedia2025 #GrowthHacking #StartupLife,#Coding #SocialMedia2025 #GrowthHacking #StartupLife,1616,2024,84.0,10,2,0,0,19
TW_0191,4,Twitter,2025-11-21,05:06:57,Link,Quick question for our community: How do you handle Executive Leadership in your daily workflow? #Coding #GrowthHacking #DigitalMarketing #BusinessTips,#Coding #GrowthHacking #DigitalMarketing #BusinessTips,394,479,23.0,5,2,0,0,8
TW_0192,4,Twitter,2025-04-05,10:27:03,Video,Quick question for our community: How do you handle Python Automation in your daily workflow? #Productivity #DesignThinking #AI,#Productivity #DesignThinking #AI,2959,3670,80.0,9,3,0,2622,141
TW_0193,4,Twitter,2025-09-13,14:24:49,Link,Quick question for our community: How do you handle Brand Strategy in your daily workflow? #Coding #Innovation #BusinessTips,#Coding #Innovation #BusinessTips,327,539,19.0,3,2,0,0,14
TW_0194,4,Twitter,2025-07-22,09:54:17,Image,We are excited to announce our newest breakthrough in AI Workflow. Check out the link below! #Innovation,#Innovation,3396,4510,217.0,25,17,0,0,133
TW_0195,4,Twitter,2025-03-08,08:22:07,Link,Mastering Data Analytics in under 10 minutes. Read our full step-by-step guide now! #AI #DigitalMarketing #MarketingStrategy,#AI #DigitalMarketing #MarketingStrategy,286,438,13.0,2,0,0,0,9
TW_0196,4,Twitter,2025-11-14,07:17:35,Image,We are excited to announce our newest breakthrough in Customer Engagement. Check out the link below! #Innovation #MarketingStrategy,#Innovation #MarketingStrategy,1634,1896,129.0,23,18,0,0,62
TW_0197,4,Twitter,2025-08-10,23:32:06,Video,Case study alert: How we boosted results by 350% using Content Marketing. #Coding,#Coding,5924,9250,351.0,70,25,0,4404,66
TW_0198,4,Twitter,2025-06-05,14:32:09,Link,Mastering Python Automation in under 10 minutes. Read our full step-by-step guide now! #MachineLearning #SocialMedia2025 #DataAnalytics,#MachineLearning #SocialMedia2025 #DataAnalytics,2462,3880,132.0,14,11,0,0,86
TW_0199,4,Twitter,2025-01-09,19:16:26,Image,Mastering Brand Strategy in under 10 minutes. Read our full step-by-step guide now! #MarketingStrategy #Innovation #Leadership #Coding,#MarketingStrategy #Innovation #Leadership #Coding,4561,5484,312.0,64,19,0,0,213
TW_0200,4,Twitter,2025-07-31,19:40:17,Image,Behind the scenes at our team workshop on Executive Leadership. Innovation starts here! #MachineLearning,#MachineLearning,1606,2522,55.0,9,7,0,0,94
TW_0201,4,Twitter,2025-06-02,21:49:37,Link,Case study alert: How we boosted results by 350% using AI Workflow. #BusinessTips,#BusinessTips,1622,2407,106.0,21,11,0,0,93
TW_0202,4,Twitter,09/05/2025,21:59:36,Video,Sunday motivation: Start your week with a fresh mindset on Data Analytics. #StartupLife #DesignThinking,#StartupLife #DesignThinking,5567,7788,347.0,46,10,0,4084,131
TW_0203,4,Twitter,02/12/2025,08:34:05,Image,Mastering Cloud Scale in under 10 minutes. Read our full step-by-step guide now! #AI,#AI,1026,1465,56.0,11,5,0,0,50
TW_0204,4,Twitter,05-07-2025,22:59:50,Text,Discover how AI Workflow is transforming the industry! What are your thoughts? #MarketingStrategy #DesignThinking,#MarketingStrategy #DesignThinking,739,1072,31.0,1,3,0,0,16
TW_0205,4,Twitter,2025-04-10,08:49:27,Link,Discover how Content Marketing is transforming the industry! What are your thoughts? #DigitalMarketing,#DigitalMarketing,490,596,11.0,1,1,0,0,27
TW_0206,4,Twitter,2025-11-15,12:39:31,Image,Sunday motivation: Start your week with a fresh mindset on AI Workflow. #Leadership #StartupLife #GrowthHacking #BusinessTips,#Leadership #StartupLife #GrowthHacking #BusinessTips,660,1049,40.0,7,4,0,0,31
TW_0207,4,Twitter,04-19-2025,06:20:28,Video,Case study alert: How we boosted results by 350% using Cloud Scale. #DigitalMarketing #DataAnalytics,#DigitalMarketing #DataAnalytics,3357,4568,81.0,8,6,0,2073,52
TW_0208,4,Twitter,2025-12-20,20:06:50,Image,Discover how Executive Leadership is transforming the industry! What are your thoughts? #SocialMedia2025 #MarketingStrategy,#SocialMedia2025 #MarketingStrategy,869,1335,51.0,10,4,0,0,46
TW_0209,4,Twitter,2025-10-18,23:21:24,Image,Discover how Social Media ROI is transforming the industry! What are your thoughts? #BusinessTips,#BusinessTips,3307,5652,108.0,11,3,0,0,71
TW_0210,4,Twitter,2025-08-19,13:59:41,Image,Top 5 actionable strategies for Data Analytics in 2025. Save this post for later! #AI #DataAnalytics,#AI #DataAnalytics,3061,4109,114.0,17,15,0,0,63
TW_0211,4,Twitter,2025-02-12,14:35:45,Text,Case study alert: How we boosted results by 350% using AI Workflow. #Coding #Leadership #DesignThinking #MachineLearning,#Coding #Leadership #DesignThinking #MachineLearning,870,1321,26.0,1,1,0,0,25
TW_0212,4,Twitter,2025-01-09,06:12:45,Video,,#StartupLife #DesignThinking #GrowthHacking #DataAnalytics,4449,6018,141.0,24,7,0,1944,192
TW_0213,4,Twitter,2025-09-28,09:26:47,Image,Discover how Cloud Scale is transforming the industry! What are your thoughts? #BusinessTips #Leadership #Productivity,#BusinessTips #Leadership #Productivity,2067,2636,97.0,14,11,0,0,78
TW_0214,4,Twitter,2025-07-21,09:55:30,Text,Discover how Brand Strategy is transforming the industry! What are your thoughts? #GrowthHacking #Coding,#GrowthHacking #Coding,2299,3239,108.0,18,8,0,0,129
TW_0215,4,Twitter,20/12/2025,19:55:15,Image,We are excited to announce our newest breakthrough in Data Analytics. Check out the link below! #AI #Coding #DesignThinking,#AI #Coding #DesignThinking,1610,1802,118.0,25,10,0,0,21
TW_0216,4,Twitter,2025-06-05,01:30:33,Text,Top 5 actionable strategies for AI Workflow in 2025. Save this post for later! #StartupLife #MachineLearning #DigitalMarketing #Leadership,#StartupLife #MachineLearning #DigitalMarketing #Leadership,1297,2033,47.0,5,5,0,0,41
TW_0217,4,Twitter,2025-04-10,22:57:54,Image,Sunday motivation: Start your week with a fresh mindset on Customer Engagement. #Leadership,#Leadership,2537,3755,62.0,6,9,0,0,91
TW_0218,4,Twitter,2025-05-21,12:12:24,Link,Quick question for our community: How do you handle Python Automation in your daily workflow? #Leadership #BusinessTips #AI #Innovation,#Leadership #BusinessTips #AI #Innovation,1787,2888,46.0,2,1,0,0,26
TW_0219,4,Twitter,2025-09-05,16:59:31,Text,Case study alert: How we boosted results by 350% using Social Media ROI. #StartupLife #DataAnalytics,#StartupLife #DataAnalytics,13520,17048,637.0,143,49,0,0,579
TW_0220,4,Twitter,2025-11-13,12:51:49,Image,Why Cloud Scale matters more than ever for modern business growth. #SocialMedia2025 #Innovation #Coding,#SocialMedia2025 #Innovation #Coding,2497,3624,76.0,10,3,0,0,100
TW_0221,4,Twitter,25/12/2025,17:12:24,Text,Unpopular opinion about Social Media ROI: Most teams are doing it wrong. Here is why... #TechTrends #Productivity #Innovation,#TechTrends #Productivity #Innovation,1161,1621,72.0,15,4,0,0,33
TW_0222,4,Twitter,2025-05-08,21:19:07,Video,Sunday motivation: Start your week with a fresh mindset on Python Automation. #MarketingStrategy #MachineLearning #DataAnalytics,#MarketingStrategy #MachineLearning #DataAnalytics,7445,10359,351.0,29,51,0,4739,198
TW_0223,4,Twitter,06-09-2025,00:06:29,Image,Mastering Data Analytics in under 10 minutes. Read our full step-by-step guide now! #BusinessTips,#BusinessTips,1297,1480,46.0,10,1,0,0,38
TW_0224,4,Twitter,2025-04-01,15:07:53,Image,Why Cloud Scale matters more than ever for modern business growth. #MarketingStrategy #DataAnalytics #Productivity #GrowthHacking,#MarketingStrategy #DataAnalytics #Productivity #GrowthHacking,1316,1782,89.0,6,12,0,0,56
TW_0225,4,Twitter,2025-03-17,03:03:36,Link,Behind the scenes at our team workshop on Brand Strategy. Innovation starts here! #Coding #Innovation #DigitalMarketing,#Coding #Innovation #DigitalMarketing,754,1168,22.0,4,2,0,0,27
TW_0226,4,Twitter,2025-07-13,08:39:07,Video,Top 5 actionable strategies for AI Workflow in 2025. Save this post for later! #Innovation #AI,#Innovation #AI,2942,4785,172.0,14,9,0,1746,55
TW_0227,4,Twitter,2025-05-10,16:03:13,Video,Top 5 actionable strategies for Content Marketing in 2025. Save this post for later! #GrowthHacking #DesignThinking #StartupLife #Innovation,#GrowthHacking #DesignThinking #StartupLife #Innovation,5472,6253,213.0,15,14,0,4771,75
TW_0228,4,Twitter,19/10/2025,06:27:35,Image,We are excited to announce our newest breakthrough in Data Analytics. Check out the link below! #Leadership #Productivity #SocialMedia2025,#Leadership #Productivity #SocialMedia2025,2895,5206,62.0,9,2,0,0,87
TW_0229,4,Twitter,2025-10-01,23:17:59,Link,Top 5 actionable strategies for Social Media ROI in 2025. Save this post for later! #DataAnalytics #MachineLearning #TechTrends,#DataAnalytics #MachineLearning #TechTrends,1263,1401,57.0,11,4,0,0,58
TW_0230,4,Twitter,05/05/2025,16:14:01,Text,Why Social Media ROI matters more than ever for modern business growth. #SocialMedia2025,#SocialMedia2025,1839,2070,74.0,9,9,0,0,42
TW_0231,4,Twitter,2025-03-26,11:35:36,Image,We are excited to announce our newest breakthrough in AI Workflow. Check out the link below! #TechTrends #Coding #DigitalMarketing #Productivity,#TechTrends #Coding #DigitalMarketing #Productivity,2012,2998,138.0,21,16,0,0,116
TW_0232,4,Twitter,2025-03-30,02:11:14,Text,Why Customer Engagement matters more than ever for modern business growth. #MarketingStrategy #GrowthHacking #TechTrends,#MarketingStrategy #GrowthHacking #TechTrends,1982,3037,136.0,27,10,0,0,106
TW_0233,4,Twitter,2025-05-27,03:05:11,Video,Why Social Media ROI matters more than ever for modern business growth. #BusinessTips #TechTrends #StartupLife,#BusinessTips #TechTrends #StartupLife,3398,4324,240.0,56,6,0,3023,132
TW_0234,4,Twitter,2025-11-03,21:49:53,Video,Sunday motivation: Start your week with a fresh mindset on Executive Leadership. #DataAnalytics #DesignThinking #Leadership #MachineLearning,#DataAnalytics #DesignThinking #Leadership #MachineLearning,6210,6955,241.0,35,19,0,5032,261
TW_0235,4,Twitter,2025-01-09,17:04:38,Text,Behind the scenes at our team workshop on Data Analytics. Innovation starts here! #Innovation #DataAnalytics #Coding,#Innovation #DataAnalytics #Coding,1466,1937,97.0,20,4,0,0,18
TW_0236,4,Twitter,2025-01-14,04:51:20,Link,Mastering User Experience in under 10 minutes. Read our full step-by-step guide now! #BusinessTips #MachineLearning #TechTrends #Innovation,#BusinessTips #MachineLearning #TechTrends #Innovation,711,1015,53.0,2,4,0,0,37
TW_0237,4,Twitter,2025-05-29,04:42:57,Image,Top 5 actionable strategies for Python Automation in 2025. Save this post for later! #Productivity #StartupLife #DigitalMarketing,#Productivity #StartupLife #DigitalMarketing,3359,4002,123.0,20,3,0,0,92
TW_0238,4,Twitter,2025-07-11,08:45:10,Video,Sunday motivation: Start your week with a fresh mindset on Content Marketing. #DesignThinking #Leadership #Coding #MachineLearning,#DesignThinking #Leadership #Coding #MachineLearning,5296,8504,238.0,44,15,0,4168,174
TW_0239,4,Twitter,2025-06-30,05:37:58,Image,Behind the scenes at our team workshop on Social Media ROI. Innovation starts here! #Productivity #MachineLearning #SocialMedia2025,#Productivity #MachineLearning #SocialMedia2025,3076,5204,71.0,12,8,0,0,149
TW_0240,4,Twitter,2025-11-21,06:22:38,Link,Sunday motivation: Start your week with a fresh mindset on Brand Strategy. #DataAnalytics #DesignThinking,#DataAnalytics #DesignThinking,622,1064,47.0,7,1,0,0,8
TW_0241,4,Twitter,2025-08-13,00:02:00,Video,We are excited to announce our newest breakthrough in AI Workflow. Check out the link below! #Innovation #MachineLearning #AI,#Innovation #MachineLearning #AI,2982,4824,143.0,16,18,0,2002,40
TW_0242,4,Twitter,2025-09-04,13:39:27,Video,We are excited to announce our newest breakthrough in Social Media ROI. Check out the link below! #BusinessTips #AI #DigitalMarketing,#BusinessTips #AI #DigitalMarketing,7575,8447,178.0,21,4,0,6024,153
TW_0243,4,Twitter,2025-09-13,19:08:08,Link,Quick question for our community: How do you handle Social Media ROI in your daily workflow? #StartupLife #BusinessTips,#StartupLife #BusinessTips,2657,3273,87.0,13,4,0,0,121
TW_0244,4,Twitter,07-16-2025,01:45:26,Image,Quick question for our community: How do you handle Content Marketing in your daily workflow? #SocialMedia2025,,673,1046,23.0,4,3,0,0,8
TW_0245,4,Twitter,2025-04-12,03:10:24,Text,Sunday motivation: Start your week with a fresh mindset on Social Media ROI. #TechTrends,#TechTrends,1194,1919,75.0,9,10,0,0,58
TW_0246,4,Twitter,2025-08-22,13:44:36,Video,Behind the scenes at our team workshop on Customer Engagement. Innovation starts here! #Innovation #TechTrends #DataAnalytics,#Innovation #TechTrends #DataAnalytics,5427,8299,370.0,69,17,0,4264,250
TW_0247,4,Twitter,2025-04-15,20:54:21,Image,Sunday motivation: Start your week with a fresh mindset on Content Marketing. #SocialMedia2025,#SocialMedia2025,1303,2063,40.0,9,1,0,0,36
TW_0248,4,Twitter,2025-09-24,11:27:54,Text,Mastering Executive Leadership in under 10 minutes. Read our full step-by-step guide now! #MarketingStrategy,#MarketingStrategy,1232,2045,55.0,6,3,0,0,18
TW_0249,4,Twitter,2025-06-06,18:27:39,Image,Behind the scenes at our team workshop on AI Workflow. Innovation starts here! #DigitalMarketing #SocialMedia2025 #DataAnalytics #MachineLearning,#DigitalMarketing #SocialMedia2025 #DataAnalytics #MachineLearning,2986,5121,219.0,30,5,0,0,116
TW_0250,4,Twitter,2025-03-28,12:33:23,Text,Quick question for our community: How do you handle Social Media ROI in your daily workflow? #MachineLearning #DesignThinking,#MachineLearning #DesignThinking,1119,1592,29.0,3,1,0,0,25
TW_0251,4,Twitter,10-30-2025,21:27:42,Video,Quick question for our community: How do you handle User Experience in your daily workflow? #AI #BusinessTips #StartupLife,#AI #BusinessTips #StartupLife,1572,2507,86.0,9,10,0,1145,38
TW_0252,4,Twitter,2025-05-02,21:16:09,Video,Case study alert: How we boosted results by 350% using AI Workflow. #MarketingStrategy #DigitalMarketing #Coding,#MarketingStrategy #DigitalMarketing #Coding,5728,7624,284.0,14,8,0,3975,275
TW_0253,4,Twitter,2025-12-17,10:58:06,Text,We are excited to announce our newest breakthrough in User Experience. Check out the link below! #BusinessTips #Leadership,#BusinessTips #Leadership,2413,4180,155.0,35,17,0,0,31
TW_0254,4,Twitter,2025-12-31,01:10:53,Link,Discover how Content Marketing is transforming the industry! What are your thoughts? #MachineLearning #Productivity #BusinessTips,#MachineLearning #Productivity #BusinessTips,369,431,22.0,1,1,0,0,15
TW_0255,4,Twitter,2025-05-18,12:44:41,Image,Case study alert: How we boosted results by 350% using Executive Leadership. #DigitalMarketing #StartupLife #MarketingStrategy,#DigitalMarketing #StartupLife #MarketingStrategy,4115,5106,113.0,18,8,0,0,182
TW_0256,4,Twitter,2025-12-15,01:54:05,Link,Quick question for our community: How do you handle Cloud Scale in your daily workflow? #GrowthHacking,#GrowthHacking,375,497,26.0,4,0,0,0,11
TW_0257,4,Twitter,2025-01-23,20:35:43,Image,Quick question for our community: How do you handle Python Automation in your daily workflow? #BusinessTips #StartupLife #TechTrends,#BusinessTips #StartupLife #TechTrends,2548,3015,114.0,25,3,0,0,51
TW_0258,4,Twitter,05-14-2025,13:31:26,Image,We are excited to announce our newest breakthrough in Brand Strategy. Check out the link below! #Innovation #BusinessTips #AI #Coding,#Innovation #BusinessTips #AI #Coding,1357,2166,100.0,14,11,0,0,34
TW_0259,4,Twitter,2025-09-06,20:09:01,Link,Mastering User Experience in under 10 minutes. Read our full step-by-step guide now! #MachineLearning #DataAnalytics #AI #Innovation,#MachineLearning #DataAnalytics #AI #Innovation,448,543,25.0,2,1,0,0,17
TW_0260,4,Twitter,2025-10-16,02:51:39,Image,We are excited to announce our newest breakthrough in Content Marketing. Check out the link below! #AI,#AI,1757,3060,115.0,8,8,0,0,103
TW_0261,4,Twitter,2025-08-06,08:52:24,Text,Mastering Cloud Scale in under 10 minutes. Read our full step-by-step guide now! #StartupLife #GrowthHacking #DataAnalytics,#StartupLife #GrowthHacking #DataAnalytics,8733,9680,273.0,36,12,0,0,409
TW_0262,4,Twitter,2025-05-29,06:03:04,Video,Behind the scenes at our team workshop on AI Workflow. Innovation starts here! #DesignThinking,#DesignThinking,5382,8594,177.0,35,14,0,2202,256
TW_0263,4,Twitter,2025-06-05,13:52:10,Video,Mastering Social Media ROI in under 10 minutes. Read our full step-by-step guide now! #DesignThinking #GrowthHacking,#DesignThinking #GrowthHacking,5890,9325,171.0,41,21,0,3946,261
TW_0264,4,Twitter,2025-10-26,11:59:50,Link,Quick question for our community: How do you handle Social Media ROI in your daily workflow? #SocialMedia2025,#SocialMedia2025,1293,2023,30.0,2,3,0,0,23
TW_0265,4,Twitter,2025-01-16,07:36:46,Link,Sunday motivation: Start your week with a fresh mindset on Python Automation. #DataAnalytics #BusinessTips #StartupLife #MachineLearning,,486,559,16.0,2,2,0,0,18
TW_0266,4,Twitter,2025-12-17,17:53:20,Image,Why User Experience matters more than ever for modern business growth. #TechTrends #Productivity #DataAnalytics,#TechTrends #Productivity #DataAnalytics,1551,2453,93.0,6,4,0,0,70
TW_0267,4,Twitter,2025-12-19,12:00:56,Text,Unpopular opinion about User Experience: Most teams are doing it wrong. Here is why... #TechTrends #Productivity #DesignThinking,#TechTrends #Productivity #DesignThinking,1813,2571,42.0,8,1,0,0,95
TW_0268,4,Twitter,2025-11-15,10:38:07,Text,Sunday motivation: Start your week with a fresh mindset on Cloud Scale. #MarketingStrategy #DesignThinking #MachineLearning,#MarketingStrategy #DesignThinking #MachineLearning,791,1148,23.0,1,2,0,0,20
TW_0269,4,Twitter,2025-05-18,20:54:40,Link,Quick question for our community: How do you handle AI Workflow in your daily workflow? #Productivity #GrowthHacking #Leadership #BusinessTips,#Productivity #GrowthHacking #Leadership #BusinessTips,2681,3261,75.0,17,8,0,0,41
TW_0270,4,Twitter,16/10/2025,00:51:46,Image,Sunday motivation: Start your week with a fresh mindset on User Experience. #SocialMedia2025 #Productivity #DigitalMarketing,#SocialMedia2025 #Productivity #DigitalMarketing,1023,1735,70.0,13,4,0,0,34
TW_0271,4,Twitter,2025-05-02,19:44:44,Link,Discover how Brand Strategy is transforming the industry! What are your thoughts? #TechTrends #DesignThinking #MachineLearning,#TechTrends #DesignThinking #MachineLearning,1835,2134,77.0,9,5,0,0,59
TW_0272,4,Twitter,11-30-2025,13:16:28,Image,Top 5 actionable strategies for Python Automation in 2025. Save this post for later! #Coding,#Coding,2095,2530,99.0,13,3,0,0,102
TW_0273,4,Twitter,2025-09-10,19:28:31,Link,We are excited to announce our newest breakthrough in Social Media ROI. Check out the link below! #StartupLife,,2564,3221,148.0,13,21,0,0,38
TW_0274,4,Twitter,2025-11-13,15:32:37,Link,Discover how Python Automation is transforming the industry! What are your thoughts? #Leadership #MarketingStrategy,#Leadership #MarketingStrategy,943,1232,33.0,3,4,0,0,26
TW_0275,4,Twitter,2025-11-19,00:05:29,Video,Sunday motivation: Start your week with a fresh mindset on Executive Leadership. #Productivity #Coding #DataAnalytics,#Productivity #Coding #DataAnalytics,3342,4419,145.0,20,14,0,1463,75
TW_0276,4,Twitter,06-24-2025,09:51:01,Link,Quick question for our community: How do you handle Content Marketing in your daily workflow? #DesignThinking,#DesignThinking,1043,1537,24.0,1,1,0,0,15
TW_0277,4,Twitter,2025-08-03,04:39:08,Link,Discover how Cloud Scale is transforming the industry! What are your thoughts? #StartupLife,#StartupLife,1066,1400,75.0,15,5,0,0,55
TW_0278,4,Twitter,2025-01-21,00:55:52,Text,Behind the scenes at our team workshop on Data Analytics. Innovation starts here! #DataAnalytics #SocialMedia2025 #Productivity #GrowthHacking,#DataAnalytics #SocialMedia2025 #Productivity #GrowthHacking,2333,3724,134.0,26,7,0,0,121
TW_0279,4,Twitter,2025-01-17,20:11:15,Text,Case study alert: How we boosted results by 350% using Content Marketing. #Innovation,#Innovation,2421,3506,124.0,9,5,0,0,25
TW_0280,4,Twitter,2025-05-10,23:50:18,Image,Top 5 actionable strategies for Brand Strategy in 2025. Save this post for later! #AI,#AI,2361,2666,154.0,26,20,0,0,25
TW_0281,4,Twitter,2025-04-03,11:24:52,Text,Case study alert: How we boosted results by 350% using Content Marketing. #DataAnalytics #SocialMedia2025,#DataAnalytics #SocialMedia2025,1792,3209,77.0,10,11,0,0,52
TW_0282,4,Twitter,13/06/2025,02:35:10,Video,Why Data Analytics matters more than ever for modern business growth. #Innovation #Coding,#Innovation #Coding,3656,4755,219.0,39,4,0,1645,72
TW_0283,4,Twitter,2025-04-15,23:04:12,Link,Mastering Data Analytics in under 10 minutes. Read our full step-by-step guide now! #BusinessTips #DesignThinking,#BusinessTips #DesignThinking,472,520,12.0,2,1,0,0,17
TW_0284,4,Twitter,2025-02-09,17:06:31,Text,Why Brand Strategy matters more than ever for modern business growth. #Productivity #Leadership #BusinessTips #Coding,#Productivity #Leadership #BusinessTips #Coding,561,893,40.0,7,3,0,0,9
TW_0285,4,Twitter,2025-09-29,16:09:44,Link,Case study alert: How we boosted results by 350% using Customer Engagement. #GrowthHacking,#GrowthHacking,1733,2195,121.0,11,2,0,0,55
TW_0286,4,Twitter,2025-03-28,09:41:42,Link,Top 5 actionable strategies for Social Media ROI in 2025. Save this post for later! #GrowthHacking #Coding #DesignThinking #Leadership,#GrowthHacking #Coding #DesignThinking #Leadership,877,1318,39.0,9,4,0,0,12
TW_0287,4,Twitter,2025-04-01,12:56:28,Video,We are excited to announce our newest breakthrough in Customer Engagement. Check out the link below! #Productivity #GrowthHacking,#Productivity #GrowthHacking,6754,11912,367.0,21,12,0,4459,387
TW_0288,4,Twitter,10/08/2025,17:20:32,Image,Mastering Cloud Scale in under 10 minutes. Read our full step-by-step guide now! #AI #GrowthHacking #Leadership,,1808,3245,106.0,6,7,0,0,96
TW_0289,4,Twitter,2025-04-14,18:21:00,Text,Quick question for our community: How do you handle User Experience in your daily workflow? #DigitalMarketing #BusinessTips,#DigitalMarketing #BusinessTips,1018,1465,51.0,6,2,0,0,42
TW_0290,4,Twitter,19/12/2025,08:46:34,Image,Behind the scenes at our team workshop on Content Marketing. Innovation starts here! #Innovation #GrowthHacking #MarketingStrategy,#Innovation #GrowthHacking #MarketingStrategy,1915,2560,74.0,16,4,0,0,64
TW_0291,4,Twitter,2025-04-09,19:29:37,Image,Why Social Media ROI matters more than ever for modern business growth. #StartupLife #MachineLearning #MarketingStrategy,#StartupLife #MachineLearning #MarketingStrategy,1170,1717,70.0,14,7,0,0,51
TW_0292,4,Twitter,2025-05-09,17:31:38,Image,Quick question for our community: How do you handle Content Marketing in your daily workflow? #TechTrends #DataAnalytics #StartupLife #SocialMedia2025,#TechTrends #DataAnalytics #StartupLife #SocialMedia2025,1327,1980,61.0,13,2,0,0,48
TW_0293,4,Twitter,2025-11-09,05:38:38,Video,Unpopular opinion about AI Workflow: Most teams are doing it wrong. Here is why... #Coding #MachineLearning,#Coding #MachineLearning,4903,5396,374.0,93,26,0,2815,217
TW_0294,4,Twitter,2025-07-04,09:59:49,Video,Case study alert: How we boosted results by 350% using AI Workflow. #GrowthHacking #SocialMedia2025,#GrowthHacking #SocialMedia2025,5825,6756,384.0,23,19,0,3501,66
TW_0295,4,Twitter,2025-09-01,06:56:46,Video,Why User Experience matters more than ever for modern business growth. #DigitalMarketing,#DigitalMarketing,4910,8670,204.0,14,26,0,3200,224
TW_0296,4,Twitter,2025-07-07,02:10:22,Image,Behind the scenes at our team workshop on Cloud Scale. Innovation starts here! #Coding #SocialMedia2025 #GrowthHacking #BusinessTips,#Coding #SocialMedia2025 #GrowthHacking #BusinessTips,1093,1537,25.0,4,3,0,0,62
TW_0297,4,Twitter,2025-07-05,19:49:12,Video,Unpopular opinion about Python Automation: Most teams are doing it wrong. Here is why... #Coding #StartupLife #DataAnalytics #BusinessTips,#Coding #StartupLife #DataAnalytics #BusinessTips,2764,3072,147.0,18,4,0,1323,82
TW_0298,4,Twitter,2025-04-17,14:45:13,Text,Behind the scenes at our team workshop on Cloud Scale. Innovation starts here! #DesignThinking #StartupLife #Leadership,#DesignThinking #StartupLife #Leadership,2620,3676,209.0,21,21,0,0,55
TW_0299,4,Twitter,2025-02-01,03:33:54,Image,Behind the scenes at our team workshop on Python Automation. Innovation starts here! #MarketingStrategy #DesignThinking #Coding #SocialMedia2025,#MarketingStrategy #DesignThinking #Coding #SocialMedia2025,1460,1679,94.0,14,5,0,0,59
TW_0300,4,Twitter,2025-10-22,12:48:56,Text,Discover how Data Analytics is transforming the industry! What are your thoughts? #SocialMedia2025 #BusinessTips #AI,#SocialMedia2025 #BusinessTips #AI,3858,5363,87.0,15,2,0,0,205
TW_0301,4,Twitter,2025-11-23,03:46:58,Video,Mastering Content Marketing in under 10 minutes. Read our full step-by-step guide now! #Coding,#Coding,1390,1832,33.0,1,2,0,897,51
TW_0302,4,Twitter,2025-03-17,02:46:21,Text,Case study alert: How we boosted results by 350% using Social Media ROI. #MarketingStrategy #DataAnalytics #DesignThinking,#MarketingStrategy #DataAnalytics #DesignThinking,1037,1679,73.0,3,2,0,0,13
TW_0303,4,Twitter,2025-11-12,18:46:48,Image,Discover how Content Marketing is transforming the industry! What are your thoughts? #GrowthHacking,#GrowthHacking,2883,3361,151.0,14,7,0,0,57
TW_0304,4,Twitter,2025-10-22,11:32:02,Text,Sunday motivation: Start your week with a fresh mindset on Social Media ROI. #DigitalMarketing #DesignThinking,#DigitalMarketing #DesignThinking,265,436,13.0,2,1,0,0,7
TW_0305,4,Twitter,2025-12-15,12:53:47,Link,We are excited to announce our newest breakthrough in Python Automation. Check out the link below! #AI,#AI,1432,1910,32.0,3,0,0,0,67
TW_0306,4,Twitter,2025-11-04,02:18:24,Video,We are excited to announce our newest breakthrough in Content Marketing. Check out the link below! #DataAnalytics,#DataAnalytics,4836,5889,169.0,21,6,0,4287,184
TW_0307,4,Twitter,2025-12-14,08:26:44,Link,Sunday motivation: Start your week with a fresh mindset on Brand Strategy. #DataAnalytics #Innovation #Productivity,#DataAnalytics #Innovation #Productivity,1622,2422,67.0,10,3,0,0,96
TW_0308,4,Twitter,2025-05-28,20:15:57,Image,Quick question for our community: How do you handle Social Media ROI in your daily workflow? #SocialMedia2025,#SocialMedia2025,2348,2676,163.0,38,14,0,0,81
TW_0309,4,Twitter,2025-03-02,20:16:59,Image,Discover how Executive Leadership is transforming the industry! What are your thoughts? #MarketingStrategy #AI #TechTrends #Innovation,#MarketingStrategy #AI #TechTrends #Innovation,2117,3025,130.0,21,14,0,0,71
TW_0310,4,Twitter,2025-01-16,07:17:48,Video,Quick question for our community: How do you handle Python Automation in your daily workflow? #Coding #SocialMedia2025 #BusinessTips,#Coding #SocialMedia2025 #BusinessTips,3389,4221,127.0,13,8,0,1994,34
TW_0311,4,Twitter,2025-05-30,17:06:39,Image,Discover how Data Analytics is transforming the industry! What are your thoughts? #SocialMedia2025,#SocialMedia2025,2136,2664,124.0,15,16,0,0,105
TW_0312,4,Twitter,2025-06-06,07:51:44,Video,Quick question for our community: How do you handle AI Workflow in your daily workflow? #TechTrends #MarketingStrategy #BusinessTips #Innovation,#TechTrends #MarketingStrategy #BusinessTips #Innovation,3131,3734,235.0,31,13,0,2127,39
TW_0313,4,Twitter,2025-08-29,19:03:02,Video,Top 5 actionable strategies for Social Media ROI in 2025. Save this post for later! #Productivity #StartupLife #SocialMedia2025,#Productivity #StartupLife #SocialMedia2025,3133,4291,112.0,19,15,0,2060,149
TW_0314,4,Twitter,2025-07-03,08:45:00,Image,Case study alert: How we boosted results by 350% using Python Automation. #SocialMedia2025,#SocialMedia2025,1018,1547,54.0,7,2,0,0,46
TW_0315,4,Twitter,2025-11-05,17:47:52,Video,Unpopular opinion about Executive Leadership: Most teams are doing it wrong. Here is why... #DigitalMarketing #MachineLearning #Leadership,#DigitalMarketing #MachineLearning #Leadership,4339,7373,96.0,19,13,0,1822,256
TW_0316,4,Twitter,2025-07-19,12:14:51,Link,Unpopular opinion about Content Marketing: Most teams are doing it wrong. Here is why... #AI #DesignThinking #TechTrends #StartupLife,#AI #DesignThinking #TechTrends #StartupLife,957,1282,30.0,6,2,0,0,50
TW_0317,4,Twitter,2025-01-11,10:40:48,Link,Discover how Brand Strategy is transforming the industry! What are your thoughts? #Innovation #StartupLife #DigitalMarketing #DataAnalytics,#Innovation #StartupLife #DigitalMarketing #DataAnalytics,1402,1700,36.0,6,3,0,0,49
TW_0318,4,Twitter,2025-08-06,20:58:40,Link,Behind the scenes at our team workshop on Brand Strategy. Innovation starts here! #MarketingStrategy #DataAnalytics #BusinessTips #Productivity,#MarketingStrategy #DataAnalytics #BusinessTips #Productivity,608,781,43.0,5,3,0,0,27
TW_0319,4,Twitter,2025-07-17,11:55:51,Image,We are excited to announce our newest breakthrough in Cloud Scale. Check out the link below! #SocialMedia2025,#SocialMedia2025,2374,2806,168.0,33,16,0,0,124
TW_0320,4,Twitter,2025-10-23,21:12:29,Link,Quick question for our community: How do you handle Data Analytics in your daily workflow? #AI #MachineLearning #Productivity,#AI #MachineLearning #Productivity,1776,2369,74.0,10,3,0,0,80
TW_0321,4,Twitter,2025-03-05,19:16:57,Link,,#Leadership,1940,2480,102.0,23,3,0,0,92
TW_0322,4,Twitter,2025-01-19,16:11:09,Text,Top 5 actionable strategies for Social Media ROI in 2025. Save this post for later! #DesignThinking #Productivity,#DesignThinking #Productivity,1210,2151,27.0,5,2,0,0,21
TW_0323,4,Twitter,2025-10-15,18:19:28,Video,Behind the scenes at our team workshop on Customer Engagement. Innovation starts here! #Leadership #DataAnalytics,#Leadership #DataAnalytics,6172,8886,428.0,72,58,0,3625,307
TW_0324,4,Twitter,2025-07-30,14:50:59,Video,Case study alert: How we boosted results by 350% using Customer Engagement. #MachineLearning #GrowthHacking #SocialMedia2025 #Leadership,#MachineLearning #GrowthHacking #SocialMedia2025 #Leadership,9270,16475,320.0,58,44,0,7927,481
TW_0325,4,Twitter,2025-03-15,12:54:38,Text,Unpopular opinion about Python Automation: Most teams are doing it wrong. Here is why... #Leadership #AI #SocialMedia2025 #GrowthHacking,#Leadership #AI #SocialMedia2025 #GrowthHacking,399,616,19.0,4,2,0,0,9
TW_0326,4,Twitter,2025-01-31,01:42:06,Image,Quick question for our community: How do you handle AI Workflow in your daily workflow? #StartupLife #BusinessTips #Leadership #DesignThinking,#StartupLife #BusinessTips #Leadership #DesignThinking,3019,3322,80.0,6,6,0,0,180
TW_0327,4,Twitter,2025-04-20,11:51:42,Video,Discover how Social Media ROI is transforming the industry! What are your thoughts? #MarketingStrategy #Innovation #MachineLearning #Productivity,#MarketingStrategy #Innovation #MachineLearning #Productivity,1824,2705,47.0,10,3,0,1092,103
TW_0328,4,Twitter,2025-06-28,11:21:35,Text,Quick question for our community: How do you handle Python Automation in your daily workflow? #Innovation #AI,#Innovation #AI,2510,3240,122.0,14,3,0,0,60
TW_0329,4,Twitter,2025-12-01,01:37:52,Link,,#BusinessTips,1542,2074,92.0,8,12,0,0,33
TW_0330,4,Twitter,26/04/2025,03:24:27,Image,Quick question for our community: How do you handle Data Analytics in your daily workflow? #BusinessTips #Leadership #Coding #DesignThinking,#BusinessTips #Leadership #Coding #DesignThinking,392,495,22.0,2,2,0,0,16
TW_0331,4,Twitter,2025-04-24,12:11:41,Image,Discover how Cloud Scale is transforming the industry! What are your thoughts? #Coding #AI #Leadership #SocialMedia2025,#Coding #AI #Leadership #SocialMedia2025,5295,6713,413.0,23,26,0,0,112
TW_0332,4,Twitter,2025-10-13,23:47:37,Video,Mastering Brand Strategy in under 10 minutes. Read our full step-by-step guide now! #Productivity #GrowthHacking #MarketingStrategy,#Productivity #GrowthHacking #MarketingStrategy,1305,1837,103.0,12,6,0,846,36
TW_0333,4,Twitter,2025-10-15,14:30:29,Video,Unpopular opinion about Customer Engagement: Most teams are doing it wrong. Here is why... #MarketingStrategy,#MarketingStrategy,6921,10435,491.0,93,47,0,5037,391
TW_0334,4,Twitter,2025-07-24,08:58:30,Text,Quick question for our community: How do you handle Data Analytics in your daily workflow? #StartupLife #MarketingStrategy #GrowthHacking #Coding,#StartupLife #MarketingStrategy #GrowthHacking #Coding,450,747,34.0,7,2,0,0,25
TW_0335,4,Twitter,2025-09-24,09:07:08,Image,Unpopular opinion about AI Workflow: Most teams are doing it wrong. Here is why... #Leadership #DesignThinking,#Leadership #DesignThinking,3331,5546,133.0,23,14,0,0,137
TW_0336,4,Twitter,2025-05-18,15:10:40,Link,Mastering Customer Engagement in under 10 minutes. Read our full step-by-step guide now! #AI #GrowthHacking #MarketingStrategy #MachineLearning,#AI #GrowthHacking #MarketingStrategy #MachineLearning,611,1019,16.0,2,0,0,0,32
TW_0337,4,Twitter,2025-01-02,03:54:12,Text,Behind the scenes at our team workshop on Social Media ROI. Innovation starts here! #AI #Innovation #SocialMedia2025 #DesignThinking,#AI #Innovation #SocialMedia2025 #DesignThinking,2157,3280,168.0,16,13,0,0,106
TW_0338,4,Twitter,2025-11-28,04:20:48,Link,,#Leadership,1427,2090,30.0,4,3,0,0,57
TW_0339,4,Twitter,2025-09-18,01:31:18,Video,Discover how Data Analytics is transforming the industry! What are your thoughts? #DataAnalytics #DigitalMarketing,#DataAnalytics #DigitalMarketing,818,1380,21.0,4,0,0,481,46
TW_0340,4,Twitter,2025-12-03,15:43:58,Text,Unpopular opinion about Social Media ROI: Most teams are doing it wrong. Here is why... #DesignThinking,#DesignThinking,472,751,25.0,3,3,0,0,27
TW_0341,4,Twitter,2025-08-09,16:18:42,Video,Quick question for our community: How do you handle Social Media ROI in your daily workflow? #MarketingStrategy,#MarketingStrategy,5528,7615,163.0,23,20,0,3930,282
TW_0342,4,Twitter,2025-06-14,21:48:08,Image,Sunday motivation: Start your week with a fresh mindset on Python Automation. #Productivity,#Productivity,1882,2174,132.0,26,8,0,0,109
TW_0343,4,Twitter,2025-08-03,14:13:35,Text,Sunday motivation: Start your week with a fresh mindset on Content Marketing. #DigitalMarketing,#DigitalMarketing,3388,4445,256.0,41,30,0,0,83
TW_0344,4,Twitter,17/07/2025,05:14:56,Video,Unpopular opinion about Content Marketing: Most teams are doing it wrong. Here is why... #DesignThinking #MarketingStrategy,#DesignThinking #MarketingStrategy,6278,11270,462.0,113,42,0,4046,142
TW_0345,4,Twitter,2025-12-09,20:41:55,Video,Top 5 actionable strategies for Executive Leadership in 2025. Save this post for later! #GrowthHacking #SocialMedia2025 #BusinessTips,#GrowthHacking #SocialMedia2025 #BusinessTips,1097,1454,55.0,9,3,0,967,39
TW_0346,4,Twitter,2025-03-14,23:16:03,Video,We are excited to announce our newest breakthrough in User Experience. Check out the link below! #Innovation,#Innovation,4099,5578,232.0,19,24,0,2865,207
TW_0347,4,Twitter,2025-05-03,15:05:05,Text,Case study alert: How we boosted results by 350% using Social Media ROI. #GrowthHacking #DataAnalytics #DigitalMarketing #AI,#GrowthHacking #DataAnalytics #DigitalMarketing #AI,1929,3072,154.0,37,15,0,0,64
TW_0348,4,Twitter,24/03/2025,04:53:10,Text,Mastering AI Workflow in under 10 minutes. Read our full step-by-step guide now! #Leadership #AI #StartupLife #TechTrends,#Leadership #AI #StartupLife #TechTrends,923,1575,19.0,3,2,0,0,35
TW_0349,4,Twitter,2025-04-20,10:06:22,Video,Unpopular opinion about Content Marketing: Most teams are doing it wrong. Here is why... #TechTrends,#TechTrends,1981,3150,137.0,18,14,0,1215,66
TW_0350,4,Twitter,11-24-2025,17:42:27,Video,Top 5 actionable strategies for Executive Leadership in 2025. Save this post for later! #StartupLife #Coding #MarketingStrategy #TechTrends,#StartupLife #Coding #MarketingStrategy #TechTrends,5576,7286,295.0,44,15,0,3535,211
TW_0351,4,Twitter,2025-08-17,17:04:03,Video,Behind the scenes at our team workshop on Content Marketing. Innovation starts here! #Productivity #MachineLearning,#Productivity #MachineLearning,2469,3738,188.0,14,10,0,1432,119
TW_0352,4,Twitter,2025-05-10,13:11:02,Video,Case study alert: How we boosted results by 350% using Data Analytics. #AI #StartupLife,#AI #StartupLife,4016,4679,305.0,32,18,0,3604,85
TW_0353,4,Twitter,2025-07-22,19:27:02,Video,Behind the scenes at our team workshop on Social Media ROI. Innovation starts here! #DesignThinking,#DesignThinking,8919,13718,651.0,133,33,0,6525,442
TW_0354,4,Twitter,2025-07-16,20:58:47,Image,Unpopular opinion about User Experience: Most teams are doing it wrong. Here is why... #SocialMedia2025 #GrowthHacking,#SocialMedia2025 #GrowthHacking,3969,4783,311.0,35,22,0,0,208
TW_0355,4,Twitter,2025-05-29,14:58:57,Link,Sunday motivation: Start your week with a fresh mindset on Executive Leadership. #SocialMedia2025,#SocialMedia2025,1443,2312,93.0,6,4,0,0,55
TW_0356,4,Twitter,2025-10-27,04:55:03,Text,Unpopular opinion about AI Workflow: Most teams are doing it wrong. Here is why... #MachineLearning #Leadership #MarketingStrategy,#MachineLearning #Leadership #MarketingStrategy,1005,1548,25.0,2,1,0,0,34
TW_0357,4,Twitter,26/10/2025,13:48:05,Video,Why Customer Engagement matters more than ever for modern business growth. #StartupLife #Leadership #Innovation #AI,#StartupLife #Leadership #Innovation #AI,6551,10920,443.0,23,40,0,4732,73
TW_0358,4,Twitter,2025-07-28,15:09:14,Link,Quick question for our community: How do you handle Social Media ROI in your daily workflow? #AI #GrowthHacking #Leadership,#AI #GrowthHacking #Leadership,372,634,24.0,4,2,0,0,11
TW_0359,4,Twitter,2025-01-08,18:36:50,Video,We are excited to announce our newest breakthrough in Brand Strategy. Check out the link below! #Coding #MarketingStrategy #DigitalMarketing #Productivity,#Coding #MarketingStrategy #DigitalMarketing #Productivity,6919,10715,502.0,97,48,0,4130,190
TW_0360,4,Twitter,04-12-2025,01:38:01,Video,Quick question for our community: How do you handle AI Workflow in your daily workflow? #AI #Innovation #Leadership #MarketingStrategy,#AI #Innovation #Leadership #MarketingStrategy,4329,7382,153.0,30,7,0,2233,136
TW_0361,4,Twitter,2025-08-16,07:44:35,Image,Quick question for our community: How do you handle Python Automation in your daily workflow? #SocialMedia2025 #Productivity #Leadership,#SocialMedia2025 #Productivity #Leadership,2642,2922,165.0,27,16,0,0,60
TW_0362,4,Twitter,2025-12-18,22:51:20,Text,Sunday motivation: Start your week with a fresh mindset on Python Automation. #StartupLife,#StartupLife,1343,1725,58.0,13,8,0,0,54
TW_0363,4,Twitter,2025-02-16,16:43:42,Image,Mastering Customer Engagement in under 10 minutes. Read our full step-by-step guide now! #GrowthHacking #BusinessTips,#GrowthHacking #BusinessTips,3132,5161,200.0,18,13,0,0,62
TW_0364,4,Twitter,2025-03-15,13:11:41,Link,Why Python Automation matters more than ever for modern business growth. #DataAnalytics #GrowthHacking #MachineLearning #TechTrends,#DataAnalytics #GrowthHacking #MachineLearning #TechTrends,2303,3736,137.0,11,15,0,0,98
TW_0365,4,Twitter,2025-08-01,02:37:14,Link,Sunday motivation: Start your week with a fresh mindset on AI Workflow. #Innovation #MachineLearning #StartupLife,#Innovation #MachineLearning #StartupLife,877,1536,23.0,3,0,0,0,50
TW_0366,4,Twitter,25/04/2025,21:07:14,Text,Quick question for our community: How do you handle User Experience in your daily workflow? #AI #StartupLife #Innovation,#AI #StartupLife #Innovation,3892,4874,81.0,14,3,0,0,67
TW_0367,4,Twitter,2025-12-14,02:48:41,Text,Discover how Executive Leadership is transforming the industry! What are your thoughts? #Productivity #MachineLearning #DesignThinking #Coding,#Productivity #MachineLearning #DesignThinking #Coding,2155,3126,54.0,10,3,0,0,114
TW_0368,4,Twitter,09-01-2025,23:00:10,Image,We are excited to announce our newest breakthrough in User Experience. Check out the link below! #GrowthHacking #MarketingStrategy #Leadership #StartupLife,#GrowthHacking #MarketingStrategy #Leadership #StartupLife,2404,3621,126.0,17,10,0,0,31
TW_0369,4,Twitter,2025-01-19,17:15:54,Image,Quick question for our community: How do you handle User Experience in your daily workflow? #Innovation #DesignThinking #Coding #AI,#Innovation #DesignThinking #Coding #AI,2246,4001,171.0,8,18,0,0,86
TW_0370,4,Twitter,2025-03-07,14:14:21,Image,Top 5 actionable strategies for Executive Leadership in 2025. Save this post for later! #BusinessTips #TechTrends #MarketingStrategy,#BusinessTips #TechTrends #MarketingStrategy,4598,7775,171.0,20,14,0,0,205
TW_0371,4,Twitter,2025-03-30,22:46:12,Text,Top 5 actionable strategies for User Experience in 2025. Save this post for later! #DesignThinking #BusinessTips #Coding,#DesignThinking #BusinessTips #Coding,1763,3058,70.0,11,2,0,0,78
TW_0372,4,Twitter,2025-10-12,17:50:57,Link,We are excited to announce our newest breakthrough in Content Marketing. Check out the link below! #DesignThinking,#DesignThinking,1119,1912,34.0,8,4,0,0,31
TW_0373,4,Twitter,2025-09-12,03:46:54,Image,Case study alert: How we boosted results by 350% using Brand Strategy. #DigitalMarketing #Leadership #MarketingStrategy #BusinessTips,#DigitalMarketing #Leadership #MarketingStrategy #BusinessTips,3271,4740,146.0,27,9,0,0,107
TW_0374,4,Twitter,01-06-2025,04:28:29,Video,Case study alert: How we boosted results by 350% using Data Analytics. #Coding,#Coding,2915,3840,221.0,26,5,0,2153,108
TW_0375,4,Twitter,01/01/2025,20:27:44,Link,Mastering Executive Leadership in under 10 minutes. Read our full step-by-step guide now! #DesignThinking #DigitalMarketing #Productivity #Leadership,#DesignThinking #DigitalMarketing #Productivity #Leadership,855,1258,56.0,8,4,0,0,16
TW_0376,4,Twitter,06-19-2025,08:49:10,Image,Mastering Customer Engagement in under 10 minutes. Read our full step-by-step guide now! #Leadership #DigitalMarketing #MachineLearning #Innovation,#Leadership #DigitalMarketing #MachineLearning #Innovation,1053,1511,77.0,6,9,0,0,59
TW_0377,4,Twitter,2025-11-12,02:42:14,Image,Why Content Marketing matters more than ever for modern business growth. #DigitalMarketing #DataAnalytics #SocialMedia2025 #StartupLife,#DigitalMarketing #DataAnalytics #SocialMedia2025 #StartupLife,3735,4239,290.0,21,16,0,0,97
TW_0378,4,Twitter,2025-08-02,00:57:43,Link,Quick question for our community: How do you handle Social Media ROI in your daily workflow? #DigitalMarketing,#DigitalMarketing,1017,1286,79.0,9,7,0,0,48
TW_0379,4,Twitter,2025-02-17,15:59:11,Link,Why Content Marketing matters more than ever for modern business growth. #BusinessTips #GrowthHacking #DataAnalytics #Innovation,#BusinessTips #GrowthHacking #DataAnalytics #Innovation,1085,1591,74.0,11,7,0,0,47
TW_0380,4,Twitter,2025-05-06,04:07:21,Video,Mastering Customer Engagement in under 10 minutes. Read our full step-by-step guide now! #DesignThinking #MachineLearning #Innovation,#DesignThinking #MachineLearning #Innovation,3097,5236,121.0,14,6,0,1977,73
TW_0381,4,Twitter,2025-09-17,09:58:55,Link,Top 5 actionable strategies for Brand Strategy in 2025. Save this post for later! #Coding #Productivity #AI #Innovation,#Coding #Productivity #AI #Innovation,1474,2480,70.0,8,6,0,0,64
TW_0382,4,Twitter,2025-11-01,01:28:27,Text,Behind the scenes at our team workshop on Data Analytics. Innovation starts here! #Innovation #TechTrends #GrowthHacking,#Innovation #TechTrends #GrowthHacking,508,640,19.0,2,0,0,0,23
TW_0383,4,Twitter,2025-04-05,10:34:29,Link,Unpopular opinion about AI Workflow: Most teams are doing it wrong. Here is why... #DataAnalytics #Innovation,#DataAnalytics #Innovation,1691,1925,133.0,17,6,0,0,48
TW_0384,4,Twitter,08-30-2025,11:25:26,Text,Top 5 actionable strategies for User Experience in 2025. Save this post for later! #DesignThinking #MarketingStrategy #SocialMedia2025 #Productivity,#DesignThinking #MarketingStrategy #SocialMedia2025 #Productivity,2330,3419,124.0,25,7,0,0,78
TW_0385,4,Twitter,2025-09-01,06:55:48,Link,Why Content Marketing matters more than ever for modern business growth. #Innovation,#Innovation,1177,1964,74.0,16,9,0,0,36
TW_0386,4,Twitter,15/09/2025,11:51:56,Text,Discover how Data Analytics is transforming the industry! What are your thoughts? #DigitalMarketing #GrowthHacking #StartupLife,#DigitalMarketing #GrowthHacking #StartupLife,570,786,43.0,9,4,0,0,33
TW_0387,4,Twitter,2025-08-15,22:17:16,Image,We are excited to announce our newest breakthrough in Social Media ROI. Check out the link below! #GrowthHacking #MarketingStrategy #Leadership #SocialMedia2025,#GrowthHacking #MarketingStrategy #Leadership #SocialMedia2025,1690,1877,96.0,17,11,0,0,52
TW_0388,4,Twitter,2025-10-27,20:03:59,Link,Case study alert: How we boosted results by 350% using Social Media ROI. #DesignThinking #StartupLife #GrowthHacking,,2620,4324,185.0,26,4,0,0,92
TW_0389,4,Twitter,2025-06-11,07:17:57,Text,Quick question for our community: How do you handle Brand Strategy in your daily workflow? #MachineLearning #BusinessTips,#MachineLearning #BusinessTips,1334,1875,44.0,7,3,0,0,64
TW_0390,4,Twitter,2025-04-08,01:39:16,Link,We are excited to announce our newest breakthrough in Executive Leadership. Check out the link below! #AI #DesignThinking,#AI #DesignThinking,729,1081,38.0,7,4,0,0,13
TW_0391,4,Twitter,19/08/2025,20:43:21,Image,Behind the scenes at our team workshop on AI Workflow. Innovation starts here! #MachineLearning #Innovation #MarketingStrategy,#MachineLearning #Innovation #MarketingStrategy,3091,4437,62.0,14,6,0,0,118
TW_0392,4,Twitter,2025-01-18,14:51:16,Image,Why Python Automation matters more than ever for modern business growth. #BusinessTips,#BusinessTips,3423,4785,205.0,12,14,0,0,116
TW_0393,4,Twitter,2025-05-05,11:54:39,Text,Discover how Brand Strategy is transforming the industry! What are your thoughts? #Leadership #StartupLife #MarketingStrategy #GrowthHacking,#Leadership #StartupLife #MarketingStrategy #GrowthHacking,657,1039,44.0,6,4,0,0,23
TW_0394,4,Twitter,2025-06-16,19:14:44,Image,Why Brand Strategy matters more than ever for modern business growth. #SocialMedia2025 #DigitalMarketing #DesignThinking #GrowthHacking,#SocialMedia2025 #DigitalMarketing #DesignThinking #GrowthHacking,833,928,31.0,2,3,0,0,11
TW_0395,4,Twitter,2025-06-05,21:06:42,Link,Top 5 actionable strategies for Python Automation in 2025. Save this post for later! #SocialMedia2025,#SocialMedia2025,2094,2471,85.0,10,5,0,0,66
TW_0396,4,Twitter,2025-08-14,23:49:34,Text,Discover how Data Analytics is transforming the industry! What are your thoughts? #GrowthHacking #SocialMedia2025 #DigitalMarketing,#GrowthHacking #SocialMedia2025 #DigitalMarketing,1507,1803,86.0,4,11,0,0,58
TW_0397,4,Twitter,2025-11-07,11:12:17,Video,Case study alert: How we boosted results by 350% using Python Automation. #MachineLearning #Coding #StartupLife,#MachineLearning #Coding #StartupLife,5848,7354,346.0,31,16,0,3195,99
TW_0398,4,Twitter,2025-02-19,17:38:26,Image,Behind the scenes at our team workshop on Content Marketing. Innovation starts here! #AI #DesignThinking #Productivity,#AI #DesignThinking #Productivity,2650,3398,155.0,34,15,0,0,136
TW_0399,4,Twitter,2025-01-19,01:28:45,Video,Case study alert: How we boosted results by 350% using Brand Strategy. #Innovation #MachineLearning,#Innovation #MachineLearning,4607,7882,292.0,65,26,0,3539,160
TW_0400,4,Twitter,2025-12-18,20:56:52,Link,,#DataAnalytics #AI #Leadership #TechTrends,600,827,26.0,4,2,0,0,12
TW_0401,4,Twitter,2025-07-14,21:56:42,Image,Discover how Cloud Scale is transforming the industry! What are your thoughts? #GrowthHacking,#GrowthHacking,1923,2466,85.0,21,5,0,0,41
TW_0402,4,Twitter,2025-03-07,16:04:11,Link,We are excited to announce our newest breakthrough in Python Automation. Check out the link below! #DesignThinking #Productivity,#DesignThinking #Productivity,1794,2706,135.0,28,13,0,0,102
TW_0403,4,Twitter,2025-11-20,20:32:13,Link,Top 5 actionable strategies for AI Workflow in 2025. Save this post for later! #Coding #DataAnalytics #StartupLife #Productivity,#Coding #DataAnalytics #StartupLife #Productivity,2342,2730,106.0,24,4,0,0,133
TW_0404,4,Twitter,2025-05-10,16:18:13,Link,Behind the scenes at our team workshop on Brand Strategy. Innovation starts here! #Productivity,#Productivity,367,451,13.0,3,1,0,0,12
TW_0405,4,Twitter,2025-11-02,10:24:21,Video,Sunday motivation: Start your week with a fresh mindset on Customer Engagement. #StartupLife,#StartupLife,1279,1603,81.0,11,2,0,892,43
TW_0406,4,Twitter,2025-10-08,07:00:09,Link,Why Brand Strategy matters more than ever for modern business growth. #DigitalMarketing #MarketingStrategy,#DigitalMarketing #MarketingStrategy,193,320,7.0,1,0,0,0,4
TW_0407,4,Twitter,2025-08-11,04:30:49,Image,Quick question for our community: How do you handle Customer Engagement in your daily workflow? #GrowthHacking #Coding,#GrowthHacking #Coding,2272,2727,174.0,33,22,0,0,46
TW_0408,4,Twitter,2025-06-26,02:38:08,Video,Quick question for our community: How do you handle Customer Engagement in your daily workflow? #Productivity #StartupLife,#Productivity #StartupLife,5541,7411,233.0,53,19,0,2387,306
TW_0409,4,Twitter,2025-01-07,15:58:08,Text,We are excited to announce our newest breakthrough in Social Media ROI. Check out the link below! #DataAnalytics #Coding #DigitalMarketing #TechTrends,#DataAnalytics #Coding #DigitalMarketing #TechTrends,732,1076,19.0,3,0,0,0,24
TW_0410,4,Twitter,2025-03-06,16:20:28,Link,Case study alert: How we boosted results by 350% using Executive Leadership. #BusinessTips #Innovation #GrowthHacking,#BusinessTips #Innovation #GrowthHacking,1651,2487,116.0,23,10,0,0,53
TW_0411,4,Twitter,2025-03-19,20:56:29,Image,Quick question for our community: How do you handle AI Workflow in your daily workflow? #BusinessTips #Leadership,#BusinessTips #Leadership,3207,5746,223.0,44,16,0,0,112
TW_0412,4,Twitter,2025-12-18,12:01:37,Link,,#DesignThinking #MarketingStrategy,1344,2326,84.0,7,2,0,0,43
TW_0413,4,Twitter,2025-04-17,20:11:29,Image,Quick question for our community: How do you handle Content Marketing in your daily workflow? #AI #StartupLife,#AI #StartupLife,4105,7064,105.0,5,7,0,0,98
TW_0414,4,Twitter,03/10/2025,02:07:24,Image,Quick question for our community: How do you handle Cloud Scale in your daily workflow? #DataAnalytics #AI #Productivity,#DataAnalytics #AI #Productivity,3389,5848,182.0,28,5,0,0,116
TW_0415,4,Twitter,2025-02-13,00:46:56,Link,Mastering Data Analytics in under 10 minutes. Read our full step-by-step guide now! #Productivity #MarketingStrategy #DataAnalytics #MachineLearning,#Productivity #MarketingStrategy #DataAnalytics #MachineLearning,681,767,19.0,4,1,0,0,34
TW_0416,4,Twitter,2025-11-06,04:47:58,Video,Top 5 actionable strategies for AI Workflow in 2025. Save this post for later! #Productivity #BusinessTips,#Productivity #BusinessTips,5031,6722,389.0,29,10,0,2739,69
TW_0417,4,Twitter,2025-09-12,23:43:27,Image,Sunday motivation: Start your week with a fresh mindset on User Experience. #TechTrends,#TechTrends,2002,2698,144.0,19,10,0,0,113
TW_0418,4,Twitter,2025-02-17,14:14:52,Image,Why AI Workflow matters more than ever for modern business growth. #TechTrends #Leadership #DataAnalytics,,873,1379,41.0,9,4,0,0,33
TW_0419,4,Twitter,21/03/2025,00:57:09,Video,Discover how Python Automation is transforming the industry! What are your thoughts? #BusinessTips #DesignThinking,#BusinessTips #DesignThinking,4216,7544,321.0,47,27,0,2374,179
TW_0420,4,Twitter,2025-11-12,06:15:16,Image,Quick question for our community: How do you handle Executive Leadership in your daily workflow? #SocialMedia2025 #AI,#SocialMedia2025 #AI,897,1479,29.0,2,2,0,0,39
TW_0421,4,Twitter,2025-06-01,21:34:40,Image,Behind the scenes at our team workshop on Cloud Scale. Innovation starts here! #Leadership #DesignThinking #GrowthHacking,#Leadership #DesignThinking #GrowthHacking,1039,1533,69.0,8,3,0,0,38
TW_0422,4,Twitter,2025-10-21,06:19:27,Video,Sunday motivation: Start your week with a fresh mindset on Python Automation. #BusinessTips #Coding,#BusinessTips #Coding,2003,3384,83.0,14,5,0,818,103
TW_0423,4,Twitter,20/01/2025,00:29:44,Link,Sunday motivation: Start your week with a fresh mindset on Executive Leadership. #Innovation,#Innovation,509,718,14.0,2,0,0,0,10
TW_0424,4,Twitter,2025-05-25,07:01:29,Text,Top 5 actionable strategies for Brand Strategy in 2025. Save this post for later! #Innovation #BusinessTips #DigitalMarketing #TechTrends,,960,1076,70.0,12,10,0,0,53
TW_0425,4,Twitter,2025-03-27,06:20:26,Link,Behind the scenes at our team workshop on Data Analytics. Innovation starts here! #AI #BusinessTips,#AI #BusinessTips,846,1426,28.0,2,0,0,0,10
TW_0426,4,Twitter,2025-02-02,17:18:26,Link,Behind the scenes at our team workshop on AI Workflow. Innovation starts here! #GrowthHacking #Leadership #MachineLearning,,1485,2261,86.0,10,7,0,0,59
TW_0427,4,Twitter,2025-06-20,15:02:21,Image,Unpopular opinion about Brand Strategy: Most teams are doing it wrong. Here is why... #DesignThinking #BusinessTips,#DesignThinking #BusinessTips,1633,2335,75.0,9,4,0,0,35
TW_0428,4,Twitter,2025-09-27,13:42:11,Text,Discover how Data Analytics is transforming the industry! What are your thoughts? #BusinessTips #GrowthHacking #MachineLearning #Coding,#BusinessTips #GrowthHacking #MachineLearning #Coding,2442,4338,102.0,14,7,0,0,34
TW_0429,4,Twitter,2025-09-13,12:16:28,Image,We are excited to announce our newest breakthrough in Executive Leadership. Check out the link below! #MachineLearning #DesignThinking #StartupLife #GrowthHacking,#MachineLearning #DesignThinking #StartupLife #GrowthHacking,1233,1811,94.0,14,10,0,0,64
TW_0430,4,Twitter,2025-10-11,09:04:32,Text,Top 5 actionable strategies for Brand Strategy in 2025. Save this post for later! #AI,#AI,1892,2234,71.0,14,4,0,0,53
TW_0431,4,Twitter,2025-12-11,07:25:24,Link,Discover how Customer Engagement is transforming the industry! What are your thoughts? #Innovation,,873,1156,64.0,7,1,0,0,24
TW_0432,4,Twitter,03-04-2025,23:38:55,Text,Mastering Executive Leadership in under 10 minutes. Read our full step-by-step guide now! #Coding #AI #Leadership #TechTrends,#Coding #AI #Leadership #TechTrends,1726,1943,45.0,3,2,0,0,36
TW_0433,4,Twitter,2025-11-29,03:11:54,Text,Quick question for our community: How do you handle Content Marketing in your daily workflow? #Leadership #Innovation #BusinessTips,#Leadership #Innovation #BusinessTips,1208,1339,28.0,1,3,0,0,51
TW_0434,4,Twitter,2025-07-24,02:05:03,Link,Top 5 actionable strategies for Cloud Scale in 2025. Save this post for later! #Productivity #DigitalMarketing,#Productivity #DigitalMarketing,1668,2075,109.0,9,15,0,0,75
TW_0435,4,Twitter,31/08/2025,11:32:43,Link,Case study alert: How we boosted results by 350% using Python Automation. #DigitalMarketing #DesignThinking,#DigitalMarketing #DesignThinking,578,976,33.0,7,4,0,0,9
TW_0436,4,Twitter,2025-05-14,14:34:32,Video,Behind the scenes at our team workshop on AI Workflow. Innovation starts here! #Innovation #MarketingStrategy #DataAnalytics,#Innovation #MarketingStrategy #DataAnalytics,4707,6227,112.0,22,6,0,2487,91
TW_0437,4,Twitter,2025-05-19,21:08:05,Text,Quick question for our community: How do you handle Python Automation in your daily workflow? #DesignThinking,#DesignThinking,1408,1643,102.0,14,15,0,0,60
TW_0438,4,Twitter,2025-08-06,08:48:52,Text,Why Executive Leadership matters more than ever for modern business growth. #StartupLife,#StartupLife,1559,2461,61.0,12,1,0,0,59
TW_0439,4,Twitter,2025-02-24,11:44:58,Video,Unpopular opinion about Customer Engagement: Most teams are doing it wrong. Here is why... #DigitalMarketing #Productivity #Leadership #DataAnalytics,#DigitalMarketing #Productivity #Leadership #DataAnalytics,1893,3388,132.0,29,10,0,1166,76
TW_0440,4,Twitter,2025-07-04,05:41:18,Video,Why Content Marketing matters more than ever for modern business growth. #StartupLife,#StartupLife,2443,3121,49.0,7,3,0,1078,115
TW_0441,4,Twitter,2025-12-23,16:17:59,Text,Quick question for our community: How do you handle User Experience in your daily workflow? #MarketingStrategy #Innovation #TechTrends,#MarketingStrategy #Innovation #TechTrends,1742,2348,97.0,14,9,0,0,61
TW_0442,4,Twitter,2025-07-23,18:23:54,Image,Mastering User Experience in under 10 minutes. Read our full step-by-step guide now! #DigitalMarketing #AI,#DigitalMarketing #AI,1089,1652,78.0,4,8,0,0,50
TW_0443,4,Twitter,2025-04-01,17:45:58,Text,Case study alert: How we boosted results by 350% using Cloud Scale. #BusinessTips,#BusinessTips,453,537,35.0,7,2,0,0,17
TW_0444,4,Twitter,2025-03-24,07:38:01,Text,We are excited to announce our newest breakthrough in Social Media ROI. Check out the link below! #BusinessTips #Leadership #Productivity,#BusinessTips #Leadership #Productivity,2122,3386,69.0,15,9,0,0,115
TW_0445,4,Twitter,2025-03-01,09:30:36,Video,We are excited to announce our newest breakthrough in Social Media ROI. Check out the link below! #StartupLife #MachineLearning #Leadership #DataAnalytics,,4318,5452,213.0,21,29,0,1945,236
TW_0446,4,Twitter,2025-01-18,15:59:38,Link,Case study alert: How we boosted results by 350% using Customer Engagement. #GrowthHacking,#GrowthHacking,1239,1897,35.0,2,4,0,0,32
TW_0447,4,Twitter,06-18-2025,08:14:11,Text,Case study alert: How we boosted results by 350% using User Experience. #GrowthHacking #MachineLearning #Productivity,#GrowthHacking #MachineLearning #Productivity,1630,2897,91.0,11,9,0,0,31
TW_0448,4,Twitter,2025-04-24,18:57:12,Text,Sunday motivation: Start your week with a fresh mindset on Python Automation. #MarketingStrategy,#MarketingStrategy,1236,1449,73.0,12,3,0,0,25
TW_0449,4,Twitter,2025-12-13,01:36:53,Video,Behind the scenes at our team workshop on Python Automation. Innovation starts here! #SocialMedia2025 #Productivity #DesignThinking,#SocialMedia2025 #Productivity #DesignThinking,5601,6829,158.0,30,6,0,4637,309
TW_0450,4,Twitter,2025-06-14,17:16:35,Video,Why Content Marketing matters more than ever for modern business growth. #DataAnalytics,#DataAnalytics,30772,52761,2385.0,217,239,0,14215,1769
TW_0451,4,Twitter,2025-04-06,05:07:03,Text,Sunday motivation: Start your week with a fresh mindset on Cloud Scale. #Innovation,#Innovation,405,475,13.0,3,1,0,0,10
TW_0452,4,Twitter,2025-05-07,19:40:19,Link,Case study alert: How we boosted results by 350% using Customer Engagement. #Coding #MachineLearning #DesignThinking #DataAnalytics,#Coding #MachineLearning #DesignThinking #DataAnalytics,884,1101,20.0,2,1,0,0,16
TW_0453,4,Twitter,2025-09-07,00:33:19,Image,We are excited to announce our newest breakthrough in Brand Strategy. Check out the link below! #StartupLife #SocialMedia2025 #Productivity,#StartupLife #SocialMedia2025 #Productivity,3498,5198,91.0,6,7,0,0,151
TW_0454,4,Twitter,2025-09-22,11:43:26,Image,Case study alert: How we boosted results by 350% using Cloud Scale. #Leadership #Coding #Innovation,#Leadership #Coding #Innovation,3649,5330,234.0,21,6,0,0,104
TW_0455,4,Twitter,2025-05-01,07:52:39,Link,Discover how Data Analytics is transforming the industry! What are your thoughts? #BusinessTips #Coding #StartupLife #Leadership,#BusinessTips #Coding #StartupLife #Leadership,1315,1816,86.0,8,2,0,0,65
TW_0456,4,Twitter,2025-02-23,21:29:29,Image,Top 5 actionable strategies for Data Analytics in 2025. Save this post for later! #Leadership #DataAnalytics,#Leadership #DataAnalytics,1940,2211,95.0,16,13,0,0,20
TW_0457,4,Twitter,2025-04-19,01:00:02,Image,Quick question for our community: How do you handle Data Analytics in your daily workflow? #DigitalMarketing,#DigitalMarketing,531,637,13.0,1,0,0,0,31
TW_0458,4,Twitter,2025-09-02,08:52:39,Video,Sunday motivation: Start your week with a fresh mindset on Data Analytics. #GrowthHacking #Productivity #MarketingStrategy #Innovation,#GrowthHacking #Productivity #MarketingStrategy #Innovation,4692,5879,321.0,76,32,0,2157,52
TW_0459,4,Twitter,2025-01-18,22:37:27,Text,Discover how Content Marketing is transforming the industry! What are your thoughts? #MachineLearning #Coding #GrowthHacking,#MachineLearning #Coding #GrowthHacking,1470,2201,95.0,19,12,0,0,54
TW_0460,4,Twitter,2025-06-14,15:51:13,Link,Why Cloud Scale matters more than ever for modern business growth. #Productivity,#Productivity,1883,2115,73.0,4,10,0,0,52
TW_0461,4,Twitter,2025-12-20,11:51:47,Video,Mastering Data Analytics in under 10 minutes. Read our full step-by-step guide now! #TechTrends #AI,#TechTrends #AI,5159,7846,287.0,28,40,0,2125,109
TW_0462,4,Twitter,2025-01-18,12:42:39,Text,,#TechTrends #Innovation #AI #DigitalMarketing,1659,2427,33.0,1,0,0,0,40
TW_0463,4,Twitter,2025-07-03,09:10:19,Link,Case study alert: How we boosted results by 350% using Cloud Scale. #DigitalMarketing #MachineLearning,#DigitalMarketing #MachineLearning,786,1063,16.0,3,1,0,0,31
TW_0464,4,Twitter,2025-08-16,15:21:59,Image,Why Cloud Scale matters more than ever for modern business growth. #MachineLearning,#MachineLearning,2890,3359,145.0,12,19,0,0,143
TW_0465,4,Twitter,2025-01-31,20:16:30,Video,Unpopular opinion about User Experience: Most teams are doing it wrong. Here is why... #Innovation #TechTrends #DigitalMarketing,#Innovation #TechTrends #DigitalMarketing,9271,13048,651.0,143,78,0,4898,385
TW_0466,4,Twitter,05/12/2025,14:06:01,Text,We are excited to announce our newest breakthrough in Data Analytics. Check out the link below! #DesignThinking #Productivity,#DesignThinking #Productivity,821,1166,39.0,3,2,0,0,23
TW_0467,4,Twitter,2025-07-14,21:36:59,Video,Behind the scenes at our team workshop on Cloud Scale. Innovation starts here! #DigitalMarketing #StartupLife,#DigitalMarketing #StartupLife,6838,8612,345.0,70,45,0,5662,340
TW_0468,4,Twitter,2025-12-16,10:09:35,Image,Top 5 actionable strategies for User Experience in 2025. Save this post for later! #MachineLearning #Coding #GrowthHacking #Innovation,#MachineLearning #Coding #GrowthHacking #Innovation,1283,2160,100.0,23,9,0,0,32
TW_0469,4,Twitter,2025-06-23,19:49:17,Link,Behind the scenes at our team workshop on Content Marketing. Innovation starts here! #StartupLife #MachineLearning,#StartupLife #MachineLearning,2524,3665,135.0,24,11,0,0,56
TW_0470,4,Twitter,03/08/2025,09:16:16,Link,Behind the scenes at our team workshop on Content Marketing. Innovation starts here! #SocialMedia2025 #TechTrends #GrowthHacking #DataAnalytics,#SocialMedia2025 #TechTrends #GrowthHacking #DataAnalytics,785,1172,55.0,7,4,0,0,41
TW_0471,4,Twitter,2025-08-23,15:44:52,Link,Top 5 actionable strategies for Data Analytics in 2025. Save this post for later! #Innovation,#Innovation,1709,2075,120.0,9,11,0,0,72
TW_0472,4,Twitter,2025-09-12,00:33:51,Video,Quick question for our community: How do you handle Python Automation in your daily workflow? #GrowthHacking #Innovation #AI #TechTrends,#GrowthHacking #Innovation #AI #TechTrends,3102,5119,210.0,41,22,0,2519,95
TW_0473,4,Twitter,08-17-2025,17:23:02,Text,Why Customer Engagement matters more than ever for modern business growth. #GrowthHacking,#GrowthHacking,1313,2294,36.0,4,5,0,0,14
TW_0474,4,Twitter,2025-11-13,10:16:25,Video,Unpopular opinion about Executive Leadership: Most teams are doing it wrong. Here is why... #MarketingStrategy #GrowthHacking #BusinessTips,#MarketingStrategy #GrowthHacking #BusinessTips,6015,7741,389.0,40,24,0,3419,261
TW_0475,4,Twitter,2025-12-11,14:55:39,Video,Quick question for our community: How do you handle Customer Engagement in your daily workflow? #TechTrends #MachineLearning,#TechTrends #MachineLearning,5965,7987,196.0,10,15,0,3789,278
TW_0476,4,Twitter,2025-03-15,17:17:13,Video,Behind the scenes at our team workshop on Cloud Scale. Innovation starts here! #TechTrends #MachineLearning #SocialMedia2025 #Innovation,#TechTrends #MachineLearning #SocialMedia2025 #Innovation,5525,8921,324.0,43,23,0,2858,310
TW_0477,4,Twitter,2025-04-06,16:55:07,Video,Sunday motivation: Start your week with a fresh mindset on Customer Engagement. #StartupLife #DesignThinking,#StartupLife #DesignThinking,5188,6743,319.0,18,46,0,3639,155
TW_0478,4,Twitter,2025-08-28,19:07:58,Video,Behind the scenes at our team workshop on Executive Leadership. Innovation starts here! #BusinessTips,#BusinessTips,1550,1826,48.0,8,4,0,636,80
TW_0479,4,Twitter,2025-06-26,01:18:48,Text,Why Brand Strategy matters more than ever for modern business growth. #Innovation #Leadership #SocialMedia2025 #TechTrends,#Innovation #Leadership #SocialMedia2025 #TechTrends,573,651,34.0,1,0,0,0,11
TW_0480,4,Twitter,2025-01-10,05:08:56,Link,Mastering Customer Engagement in under 10 minutes. Read our full step-by-step guide now! #MarketingStrategy #Productivity,#MarketingStrategy #Productivity,1407,2294,51.0,5,4,0,0,20
TW_0481,4,Twitter,2025-11-09,22:19:29,Image,Unpopular opinion about User Experience: Most teams are doing it wrong. Here is why... #BusinessTips #DigitalMarketing #TechTrends,#BusinessTips #DigitalMarketing #TechTrends,741,895,35.0,5,1,0,0,23
TW_0482,4,Twitter,2025-12-01,05:16:56,Image,Sunday motivation: Start your week with a fresh mindset on Content Marketing. #GrowthHacking,#GrowthHacking,3725,5870,218.0,21,10,0,0,213
TW_0483,4,Twitter,04/09/2025,13:00:25,Video,Why Social Media ROI matters more than ever for modern business growth. #BusinessTips #DataAnalytics #Leadership,#BusinessTips #DataAnalytics #Leadership,6517,10042,257.0,50,5,0,5803,123
TW_0484,4,Twitter,2025-02-10,16:31:39,Text,Quick question for our community: How do you handle Python Automation in your daily workflow? #GrowthHacking #TechTrends,#GrowthHacking #TechTrends,610,860,34.0,3,4,0,0,25
TW_0485,4,Twitter,2025-08-27,05:13:39,Link,Case study alert: How we boosted results by 350% using Executive Leadership. #MachineLearning #SocialMedia2025,#MachineLearning #SocialMedia2025,645,977,43.0,9,6,0,0,20
TW_0486,4,Twitter,03/10/2025,13:57:52,Text,We are excited to announce our newest breakthrough in Data Analytics. Check out the link below! #TechTrends #Leadership #BusinessTips,#TechTrends #Leadership #BusinessTips,3447,6101,147.0,12,17,0,0,51
TW_0487,4,Twitter,2025-01-26,05:07:25,Text,Discover how Customer Engagement is transforming the industry! What are your thoughts? #MachineLearning,#MachineLearning,483,554,26.0,5,1,0,0,21
TW_0488,4,Twitter,2025-07-06,15:56:23,Text,Discover how Customer Engagement is transforming the industry! What are your thoughts? #DataAnalytics #DesignThinking #GrowthHacking #Productivity,#DataAnalytics #DesignThinking #GrowthHacking #Productivity,727,906,17.0,1,2,0,0,33
TW_0489,4,Twitter,2025-04-26,03:20:09,Link,,#MachineLearning,1367,1767,42.0,9,3,0,0,42
TW_0490,4,Twitter,2025-04-05,03:46:26,Link,Discover how Content Marketing is transforming the industry! What are your thoughts? #DataAnalytics #Coding #Innovation #Leadership,#DataAnalytics #Coding #Innovation #Leadership,1695,1871,101.0,24,9,0,0,52
TW_0491,4,Twitter,03-22-2025,05:47:58,Video,Top 5 actionable strategies for Data Analytics in 2025. Save this post for later! #BusinessTips,#BusinessTips,2791,3597,171.0,23,12,0,1355,118
TW_0492,4,Twitter,2025-06-24,19:45:04,Video,Case study alert: How we boosted results by 350% using Executive Leadership. #AI,#AI,1252,2066,96.0,11,2,0,698,27
TW_0493,4,Twitter,2025-11-09,22:50:00,Image,Behind the scenes at our team workshop on Executive Leadership. Innovation starts here! #Innovation #DesignThinking #DataAnalytics #MachineLearning,#Innovation #DesignThinking #DataAnalytics #MachineLearning,3715,5372,182.0,25,4,0,0,97
TW_0494,4,Twitter,2025-03-18,11:32:06,Text,Mastering Customer Engagement in under 10 minutes. Read our full step-by-step guide now! #MarketingStrategy #DigitalMarketing,#MarketingStrategy #DigitalMarketing,1969,2699,142.0,25,15,0,0,60
TW_0495,4,Twitter,2025-05-13,03:51:19,Image,Case study alert: How we boosted results by 350% using Executive Leadership. #AI #DesignThinking #Coding #DigitalMarketing,#AI #DesignThinking #Coding #DigitalMarketing,3061,4187,129.0,20,18,0,0,117
TW_0496,4,Twitter,2025-09-08,01:31:50,Link,Behind the scenes at our team workshop on Executive Leadership. Innovation starts here! #Productivity #GrowthHacking #TechTrends #DigitalMarketing,#Productivity #GrowthHacking #TechTrends #DigitalMarketing,344,450,27.0,5,2,0,0,19
TW_0497,4,Twitter,2025-11-19,00:41:01,Text,Quick question for our community: How do you handle Brand Strategy in your daily workflow? #AI,#AI,767,1202,45.0,11,6,0,0,23
TW_0498,4,Twitter,2025-01-23,10:40:45,Text,We are excited to announce our newest breakthrough in Python Automation. Check out the link below! #DigitalMarketing,#DigitalMarketing,2354,3323,101.0,15,7,0,0,24
TW_0499,4,Twitter,2025-08-07,13:06:19,Image,Discover how Content Marketing is transforming the industry! What are your thoughts? #BusinessTips #Coding #MachineLearning #AI,#BusinessTips #Coding #MachineLearning #AI,1230,1748,30.0,1,3,0,0,38
TW_0500,4,Twitter,26/02/2025,19:32:50,Text,Behind the scenes at our team workshop on Executive Leadership. Innovation starts here! #SocialMedia2025 #DigitalMarketing #MarketingStrategy #Coding,#SocialMedia2025 #DigitalMarketing #MarketingStrategy #Coding,1671,2349,86.0,11,7,0,0,83
TW_0501,4,Twitter,2025-11-06,05:48:02,Image,Top 5 actionable strategies for Cloud Scale in 2025. Save this post for later! #DigitalMarketing #Innovation,#DigitalMarketing #Innovation,414,639,28.0,2,1,0,0,23
TW_0502,4,Twitter,04-11-2025,15:23:40,Link,Case study alert: How we boosted results by 350% using Customer Engagement. #Coding,#Coding,362,572,8.0,1,1,0,0,18
TW_0503,4,Twitter,10-30-2025,19:25:14,Text,We are excited to announce our newest breakthrough in AI Workflow. Check out the link below! #StartupLife #DesignThinking,#StartupLife #DesignThinking,1820,2166,94.0,12,10,0,0,96
TW_0504,4,Twitter,2025-12-03,01:24:04,Link,Mastering Social Media ROI in under 10 minutes. Read our full step-by-step guide now! #MachineLearning,#MachineLearning,967,1217,40.0,4,2,0,0,52
TW_0505,4,Twitter,2025-07-13,02:47:57,Link,Mastering Social Media ROI in under 10 minutes. Read our full step-by-step guide now! #Coding #DesignThinking #GrowthHacking #SocialMedia2025,#Coding #DesignThinking #GrowthHacking #SocialMedia2025,1458,1997,115.0,8,7,0,0,86
TW_0506,4,Twitter,2025-02-01,22:31:51,Video,Discover how Customer Engagement is transforming the industry! What are your thoughts? #TechTrends #DesignThinking #SocialMedia2025,#TechTrends #DesignThinking #SocialMedia2025,2150,3286,115.0,27,14,0,1744,118
TW_0507,4,Twitter,2025-10-02,07:17:06,Video,Discover how AI Workflow is transforming the industry! What are your thoughts? #TechTrends,#TechTrends,2459,3209,91.0,22,13,0,2030,117
TW_0508,4,Twitter,2025-01-03,10:04:21,Image,Why Brand Strategy matters more than ever for modern business growth. #TechTrends #MachineLearning #SocialMedia2025 #Innovation,#TechTrends #MachineLearning #SocialMedia2025 #Innovation,1683,2517,119.0,11,8,0,0,83
TW_0509,4,Twitter,2025-01-27,23:08:10,Video,Why Cloud Scale matters more than ever for modern business growth. #TechTrends #DigitalMarketing,#TechTrends #DigitalMarketing,41497,46332,2943.0,397,199,0,37301,424
TW_0510,4,Twitter,26/01/2025,04:18:21,Video,,#DigitalMarketing #Leadership #DataAnalytics,631,818,30.0,1,1,0,304,16
TW_0511,4,Twitter,2025-04-05,00:28:43,Image,Discover how Cloud Scale is transforming the industry! What are your thoughts? #AI #GrowthHacking #Productivity,#AI #GrowthHacking #Productivity,1498,1912,37.0,7,3,0,0,50
TW_0512,4,Twitter,2025-07-05,04:26:41,Text,Quick question for our community: How do you handle Cloud Scale in your daily workflow? #AI #SocialMedia2025 #TechTrends,#AI #SocialMedia2025 #TechTrends,2115,2477,45.0,8,5,0,0,73
TW_0513,4,Twitter,2025-07-11,02:27:59,Image,Sunday motivation: Start your week with a fresh mindset on Content Marketing. #Leadership #BusinessTips,#Leadership #BusinessTips,3012,4497,221.0,36,17,0,0,107
TW_0514,4,Twitter,2025-03-19,13:27:28,Image,Discover how User Experience is transforming the industry! What are your thoughts? #BusinessTips,#BusinessTips,1639,2733,75.0,5,9,0,0,85
TW_0515,4,Twitter,2025-11-12,03:09:04,Video,Unpopular opinion about Cloud Scale: Most teams are doing it wrong. Here is why... #Innovation,#Innovation,2837,3690,89.0,9,12,0,1631,126
TW_0516,4,Twitter,06-11-2025,21:42:22,Video,Discover how Brand Strategy is transforming the industry! What are your thoughts? #SocialMedia2025 #DesignThinking #AI #GrowthHacking,#SocialMedia2025 #DesignThinking #AI #GrowthHacking,6127,10995,459.0,57,23,0,4451,361
TW_0517,4,Twitter,2025-07-30,08:18:39,Text,We are excited to announce our newest breakthrough in Social Media ROI. Check out the link below! #TechTrends #DigitalMarketing,,728,1215,44.0,6,5,0,0,11
TW_0518,4,Twitter,2025-01-14,22:13:50,Image,Discover how Executive Leadership is transforming the industry! What are your thoughts? #DigitalMarketing,#DigitalMarketing,1433,2353,75.0,10,5,0,0,51
TW_0519,4,Twitter,2025-07-19,01:33:33,Link,Mastering Brand Strategy in under 10 minutes. Read our full step-by-step guide now! #MachineLearning #SocialMedia2025 #Innovation #BusinessTips,#MachineLearning #SocialMedia2025 #Innovation #BusinessTips,1045,1410,81.0,11,7,0,0,54
TW_0520,4,Twitter,2025-04-08,01:34:17,Text,Why AI Workflow matters more than ever for modern business growth. #DigitalMarketing #Leadership,#DigitalMarketing #Leadership,1811,2450,93.0,21,3,0,0,18
TW_0521,4,Twitter,2025-07-31,06:50:57,Image,Mastering Cloud Scale in under 10 minutes. Read our full step-by-step guide now! #Coding,#Coding,2330,2581,99.0,22,7,0,0,115
TW_0522,4,Twitter,2025-03-23,17:42:26,Video,Behind the scenes at our team workshop on Social Media ROI. Innovation starts here! #MarketingStrategy #SocialMedia2025 #StartupLife,#MarketingStrategy #SocialMedia2025 #StartupLife,3485,3890,183.0,11,14,0,1627,144
TW_0523,4,Twitter,2025-11-06,16:07:27,Text,Unpopular opinion about Data Analytics: Most teams are doing it wrong. Here is why... #SocialMedia2025,#SocialMedia2025,1896,2905,141.0,16,16,0,0,43
TW_0524,4,Twitter,2025-05-20,19:26:30,Video,Why Python Automation matters more than ever for modern business growth. #SocialMedia2025 #BusinessTips #MachineLearning,#SocialMedia2025 #BusinessTips #MachineLearning,6575,9013,203.0,18,21,0,4288,75
TW_0525,4,Twitter,29/01/2025,11:39:26,Link,Case study alert: How we boosted results by 350% using Customer Engagement. #StartupLife #TechTrends,#StartupLife #TechTrends,1134,1915,37.0,5,5,0,0,47
TW_0526,4,Twitter,2025-02-24,04:36:49,Link,Quick question for our community: How do you handle Data Analytics in your daily workflow? #Coding #AI #GrowthHacking,#Coding #AI #GrowthHacking,1805,2109,104.0,14,11,0,0,43
TW_0527,4,Twitter,2025-12-09,12:18:51,Image,Behind the scenes at our team workshop on Customer Engagement. Innovation starts here! #Innovation #Coding #DigitalMarketing #MachineLearning,#Innovation #Coding #DigitalMarketing #MachineLearning,5007,7248,263.0,36,29,0,0,59
TW_0528,4,Twitter,2025-03-11,01:09:57,Text,Discover how Executive Leadership is transforming the industry! What are your thoughts? #MachineLearning #BusinessTips #DigitalMarketing,#MachineLearning #BusinessTips #DigitalMarketing,1005,1421,44.0,5,1,0,0,40
TW_0529,4,Twitter,2025-06-25,22:58:43,Video,Case study alert: How we boosted results by 350% using Customer Engagement. #DigitalMarketing #GrowthHacking,#DigitalMarketing #GrowthHacking,2908,3554,89.0,15,13,0,1398,171
TW_0530,4,Twitter,2025-12-08,00:51:16,Video,Why AI Workflow matters more than ever for modern business growth. #SocialMedia2025 #MarketingStrategy,#SocialMedia2025 #MarketingStrategy,5890,8775,354.0,54,52,0,4170,295
TW_0531,4,Twitter,2025-07-19,05:01:05,Video,Top 5 actionable strategies for Python Automation in 2025. Save this post for later! #MarketingStrategy #Innovation #BusinessTips #DesignThinking,#MarketingStrategy #Innovation #BusinessTips #DesignThinking,2673,3638,96.0,15,8,0,1486,92
TW_0532,4,Twitter,2025-10-24,05:51:33,Link,Discover how Content Marketing is transforming the industry! What are your thoughts? #TechTrends #StartupLife #BusinessTips,#TechTrends #StartupLife #BusinessTips,320,536,14.0,1,0,0,0,16
TW_0533,4,Twitter,19/01/2025,20:37:41,Text,Top 5 actionable strategies for Data Analytics in 2025. Save this post for later! #Innovation,#Innovation,1646,2577,119.0,13,16,0,0,93
TW_0534,4,Twitter,23/09/2025,09:47:07,Image,We are excited to announce our newest breakthrough in Executive Leadership. Check out the link below! #Productivity #DesignThinking #StartupLife,#Productivity #DesignThinking #StartupLife,392,608,12.0,2,0,0,0,17
TW_0535,4,Twitter,2025-04-12,02:03:25,Image,Mastering Social Media ROI in under 10 minutes. Read our full step-by-step guide now! #BusinessTips,#BusinessTips,3011,4154,220.0,13,17,0,0,124
TW_0536,4,Twitter,2025-03-02,18:00:39,Video,Discover how Data Analytics is transforming the industry! What are your thoughts? #GrowthHacking #TechTrends,#GrowthHacking #TechTrends,2533,4521,201.0,46,10,0,1405,98
TW_0537,4,Twitter,2025-08-09,12:57:58,Video,Behind the scenes at our team workshop on Content Marketing. Innovation starts here! #Leadership #Coding #StartupLife,#Leadership #Coding #StartupLife,9764,10842,493.0,93,66,0,4844,506
TW_0538,4,Twitter,2025-06-25,13:04:34,Link,Top 5 actionable strategies for Brand Strategy in 2025. Save this post for later! #TechTrends #DigitalMarketing,#TechTrends #DigitalMarketing,2626,3189,176.0,27,21,0,0,146
TW_0539,4,Twitter,2025-07-24,09:58:04,Text,Why Content Marketing matters more than ever for modern business growth. #Innovation #Leadership,#Innovation #Leadership,920,1510,30.0,6,4,0,0,36
TW_0540,4,Twitter,2025-09-13,23:25:51,Text,Mastering Customer Engagement in under 10 minutes. Read our full step-by-step guide now! #Leadership #MarketingStrategy #DigitalMarketing #StartupLife,#Leadership #MarketingStrategy #DigitalMarketing #StartupLife,2323,3337,156.0,32,19,0,0,47
TW_0541,4,Twitter,2025-07-29,16:24:31,Text,Sunday motivation: Start your week with a fresh mindset on Data Analytics. #Innovation,#Innovation,913,1633,51.0,4,4,0,0,12
TW_0542,4,Twitter,2025-03-06,15:25:31,Video,Behind the scenes at our team workshop on User Experience. Innovation starts here! #DesignThinking #TechTrends #Coding #MarketingStrategy,#DesignThinking #TechTrends #Coding #MarketingStrategy,1035,1386,43.0,6,4,0,601,54
TW_0543,4,Twitter,2025-06-29,13:47:43,Text,Behind the scenes at our team workshop on Social Media ROI. Innovation starts here! #DigitalMarketing #DataAnalytics,#DigitalMarketing #DataAnalytics,2920,4167,63.0,12,4,0,0,124
TW_0544,4,Twitter,2025-11-09,23:36:35,Video,Discover how Executive Leadership is transforming the industry! What are your thoughts? #Productivity #GrowthHacking #Innovation,#Productivity #GrowthHacking #Innovation,1816,2875,127.0,10,5,0,1304,90
TW_0545,4,Twitter,2025-12-04,18:36:00,Video,,#SocialMedia2025 #Coding #Innovation #DataAnalytics,4999,7205,210.0,11,4,0,2926,211
TW_0546,4,Twitter,2025-12-09,07:54:43,Link,Unpopular opinion about Social Media ROI: Most teams are doing it wrong. Here is why... #MachineLearning #StartupLife #DesignThinking,#MachineLearning #StartupLife #DesignThinking,758,914,58.0,8,5,0,0,17
TW_0547,4,Twitter,2025-11-25,08:47:49,Link,Unpopular opinion about Executive Leadership: Most teams are doing it wrong. Here is why... #MarketingStrategy #MachineLearning #StartupLife,#MarketingStrategy #MachineLearning #StartupLife,1246,2099,39.0,6,1,0,0,44
TW_0548,4,Twitter,2025-10-28,19:51:19,Video,Mastering Executive Leadership in under 10 minutes. Read our full step-by-step guide now! #SocialMedia2025 #MarketingStrategy,#SocialMedia2025 #MarketingStrategy,7527,8373,339.0,79,11,0,5281,292
TW_0549,4,Twitter,10-06-2025,17:59:26,Video,Top 5 actionable strategies for Brand Strategy in 2025. Save this post for later! #DataAnalytics #Coding,#DataAnalytics #Coding,3158,5553,106.0,22,5,0,1734,109
TW_0550,4,Twitter,05/08/2025,03:27:01,Link,Top 5 actionable strategies for Brand Strategy in 2025. Save this post for later! #MarketingStrategy,#MarketingStrategy,1552,2560,47.0,7,2,0,0,62
TW_0196,4,Twitter,2025-11-14,07:17:35,Image,We are excited to announce our newest breakthrough in Customer Engagement. Check out the link below! #Innovation #MarketingStrategy,#Innovation #MarketingStrategy,1634,1896,129.0,23,18,0,0,62
TW_0080,4,Twitter,2025-07-30,00:56:56,Link,Mastering AI Workflow in under 10 minutes. Read our full step-by-step guide now! #SocialMedia2025,#SocialMedia2025,1660,2685,35.0,5,4,0,0,34
TW_0481,4,Twitter,2025-11-09,22:19:29,Image,Unpopular opinion about User Experience: Most teams are doing it wrong. Here is why... #BusinessTips #DigitalMarketing #TechTrends,#BusinessTips #DigitalMarketing #TechTrends,741,895,35.0,5,1,0,0,23
TW_0110,4,Twitter,2025-09-22,00:46:37,Text,Quick question for our community: How do you handle Customer Engagement in your daily workflow? #StartupLife #DataAnalytics,#StartupLife #DataAnalytics,1287,2001,31.0,5,2,0,0,28
TW_0523,4,Twitter,2025-11-06,16:07:27,Text,Unpopular opinion about Data Analytics: Most teams are doing it wrong. Here is why... #SocialMedia2025,#SocialMedia2025,1896,2905,141.0,16,16,0,0,43
TW_0533,4,Twitter,19/01/2025,20:37:41,Text,Top 5 actionable strategies for Data Analytics in 2025. Save this post for later! #Innovation,#Innovation,1646,2577,119.0,13,16,0,0,93
TW_0085,4,Twitter,2025-02-27,17:50:33,Video,Unpopular opinion about Cloud Scale: Most teams are doing it wrong. Here is why... #DigitalMarketing #Leadership #Productivity #Innovation,#DigitalMarketing #Leadership #Productivity #Innovation,6214,10874,372.0,88,39,0,3439,229
TW_0369,4,Twitter,2025-01-19,17:15:54,Image,Quick question for our community: How do you handle User Experience in your daily workflow? #Innovation #DesignThinking #Coding #AI,#Innovation #DesignThinking #Coding #AI,2246,4001,171.0,8,18,0,0,86
TW_0133,4,Twitter,2025-10-21,05:11:48,Image,Top 5 actionable strategies for Customer Engagement in 2025. Save this post for later! #TechTrends #DigitalMarketing #SocialMedia2025 #AI,#TechTrends #DigitalMarketing #SocialMedia2025 #AI,2691,3071,136.0,27,7,0,0,45
TW_0365,4,Twitter,2025-08-01,02:37:14,Link,Sunday motivation: Start your week with a fresh mindset on AI Workflow. #Innovation #MachineLearning #StartupLife,#Innovation #MachineLearning #StartupLife,877,1536,23.0,3,0,0,0,50
TW_0185,4,Twitter,19/02/2025,06:32:36,Link,Unpopular opinion about Python Automation: Most teams are doing it wrong. Here is why... #GrowthHacking,#GrowthHacking,1547,2326,111.0,19,4,0,0,70
TW_0011,4,Twitter,2025-09-26,07:56:58,Link,Discover how Customer Engagement is transforming the industry! What are your thoughts? #Leadership #MachineLearning #Coding #DigitalMarketing,#Leadership #MachineLearning #Coding #DigitalMarketing,565,773,40.0,9,2,0,0,6
TW_0074,4,Twitter,2025-12-01,02:21:32,Video,Quick question for our community: How do you handle Cloud Scale in your daily workflow? #DesignThinking,#DesignThinking,4070,5019,176.0,21,9,0,3623,82
TW_0221,4,Twitter,25/12/2025,17:12:24,Text,Unpopular opinion about Social Media ROI: Most teams are doing it wrong. Here is why... #TechTrends #Productivity #Innovation,#TechTrends #Productivity #Innovation,1161,1621,72.0,15,4,0,0,33
TW_0279,4,Twitter,2025-01-17,20:11:15,Text,Case study alert: How we boosted results by 350% using Content Marketing. #Innovation,#Innovation,2421,3506,124.0,9,5,0,0,25
